3.000000000000000000e+02,2.900000000000000355e-01,2.666666666666672736e-02
3.000000000000000000e+02,2.999999999999991562e-02,4.666666666666663410e-02
3.000000000000000000e+02,3.333333333333299286e-03,4.000000000000003553e-02
3.000000000000000000e+02,2.333333333333331705e-02,4.333333333333333481e-02
3.000000000000000000e+02,1.366666666666667140e-01,7.000000000000006217e-02
3.000000000000000000e+02,2.000000000000001776e-02,6.333333333333335258e-02
3.000000000000000000e+02,9.666666666666667851e-02,5.999999999999994227e-02
3.000000000000000000e+02,3.333333333333333703e-01,1.033333333333333881e-01
3.000000000000000000e+02,2.999999999999999334e-01,7.666666666666666075e-02
3.000000000000000000e+02,3.100000000000000533e-01,3.666666666666673624e-02
3.000000000000000000e+02,2.600000000000000089e-01,6.666666666666676289e-02
3.000000000000000000e+02,2.333333333333331705e-02,5.333333333333334370e-02
3.000000000000000000e+02,4.666666666666663410e-02,1.666666666666660745e-02
3.000000000000000000e+02,2.133333333333333748e-01,4.000000000000003553e-02
3.000000000000000000e+02,2.833333333333333259e-01,6.666666666666709595e-03
3.000000000000000000e+02,1.233333333333334059e-01,1.199999999999999956e-01
3.000000000000000000e+02,4.666666666666663410e-02,3.999999999999992450e-02
3.000000000000000000e+02,9.666666666666656749e-02,8.999999999999996891e-02
3.000000000000000000e+02,3.533333333333333881e-01,9.666666666666667851e-02
3.000000000000000000e+02,2.999999999999991562e-02,5.666666666666664298e-02
3.000000000000000000e+02,2.999999999999991562e-02,2.666666666666661634e-02
3.000000000000000000e+02,2.500000000000000000e-01,1.333333333333330817e-02
3.000000000000000000e+02,3.000000000000002665e-02,6.666666666666709595e-03
3.000000000000000000e+02,3.500000000000000888e-01,6.000000000000005329e-02
3.000000000000000000e+02,3.999999999999992450e-02,5.333333333333334370e-02
3.000000000000000000e+02,5.333333333333334370e-02,3.000000000000002665e-02
3.000000000000000000e+02,6.666666666666709595e-03,4.666666666666663410e-02
3.000000000000000000e+02,1.233333333333332948e-01,1.099999999999999867e-01
3.000000000000000000e+02,3.666666666666673624e-02,1.800000000000000488e-01
3.000000000000000000e+02,3.666666666666662522e-02,4.999999999999993339e-02
3.000000000000000000e+02,1.433333333333333126e-01,3.333333333333332593e-02
3.000000000000000000e+02,2.833333333333333259e-01,4.333333333333333481e-02
3.000000000000000000e+02,3.333333333333299286e-03,6.333333333333335258e-02
3.000000000000000000e+02,7.999999999999996003e-02,5.000000000000004441e-02
3.000000000000000000e+02,3.033333333333333437e-01,1.233333333333334059e-01
3.000000000000000000e+02,3.999999999999992450e-02,5.999999999999994227e-02
3.000000000000000000e+02,3.033333333333333437e-01,2.000000000000001776e-02
3.000000000000000000e+02,3.299999999999999600e-01,2.333333333333331705e-02
3.000000000000000000e+02,2.000000000000001776e-02,2.000000000000001776e-02
3.000000000000000000e+02,4.333333333333333481e-02,4.333333333333333481e-02
3.000000000000000000e+02,2.866666666666666252e-01,5.333333333333323267e-02
3.000000000000000000e+02,4.666666666666674512e-02,3.000000000000002665e-02
3.000000000000000000e+02,2.900000000000000355e-01,4.666666666666663410e-02
3.000000000000000000e+02,3.566666666666666874e-01,6.999999999999995115e-02
3.000000000000000000e+02,2.600000000000000089e-01,8.333333333333325932e-02
3.000000000000000000e+02,2.733333333333333171e-01,6.666666666666709595e-03
3.000000000000000000e+02,7.333333333333336146e-02,5.000000000000004441e-02
3.000000000000000000e+02,2.200000000000000844e-01,3.333333333333332593e-02
3.000000000000000000e+02,4.666666666666663410e-02,2.333333333333331705e-02
3.000000000000000000e+02,2.900000000000000355e-01,1.000000000000000888e-01
3.000000000000000000e+02,2.999999999999999334e-01,3.333333333333332593e-02
3.000000000000000000e+02,3.333333333333332593e-02,6.666666666666665186e-02
3.000000000000000000e+02,7.000000000000006217e-02,4.666666666666663410e-02
3.000000000000000000e+02,3.666666666666673624e-02,4.333333333333333481e-02
3.000000000000000000e+02,2.200000000000000844e-01,4.333333333333333481e-02
3.000000000000000000e+02,3.199999999999999512e-01,7.333333333333336146e-02
3.000000000000000000e+02,0.000000000000000000e+00,2.666666666666672736e-02
3.000000000000000000e+02,2.066666666666666652e-01,4.333333333333333481e-02
3.000000000000000000e+02,3.100000000000000533e-01,5.000000000000004441e-02
3.000000000000000000e+02,3.266666666666666607e-01,5.000000000000004441e-02
3.000000000000000000e+02,2.966666666666667451e-01,4.000000000000003553e-02
3.000000000000000000e+02,2.333333333333331705e-02,4.999999999999993339e-02
3.000000000000000000e+02,3.333333333333333703e-01,7.666666666666666075e-02
3.000000000000000000e+02,2.333333333333331705e-02,4.999999999999993339e-02
3.000000000000000000e+02,3.699999999999999956e-01,1.066666666666666874e-01
3.000000000000000000e+02,3.533333333333333881e-01,1.099999999999999867e-01
3.000000000000000000e+02,6.333333333333324155e-02,1.666666666666660745e-02
3.000000000000000000e+02,2.399999999999999911e-01,3.333333333333332593e-02
3.000000000000000000e+02,3.033333333333333437e-01,2.000000000000001776e-02
3.000000000000000000e+02,2.999999999999999334e-01,4.333333333333333481e-02
3.000000000000000000e+02,3.000000000000002665e-02,4.000000000000003553e-02
3.000000000000000000e+02,6.333333333333335258e-02,4.333333333333333481e-02
3.000000000000000000e+02,2.000000000000001776e-02,4.000000000000003553e-02
3.000000000000000000e+02,3.333333333333299286e-03,5.333333333333334370e-02
3.000000000000000000e+02,2.666666666666672736e-02,4.333333333333333481e-02
3.000000000000000000e+02,-6.666666666666598573e-03,5.000000000000004441e-02
3.000000000000000000e+02,5.333333333333334370e-02,2.333333333333331705e-02
3.000000000000000000e+02,3.533333333333333881e-01,3.000000000000002665e-02
3.000000000000000000e+02,2.600000000000000089e-01,1.333333333333330817e-02
3.000000000000000000e+02,2.933333333333332238e-01,1.999999999999990674e-02
3.000000000000000000e+02,4.333333333333333481e-02,3.333333333333332593e-02
3.000000000000000000e+02,3.533333333333333881e-01,4.000000000000003553e-02
3.000000000000000000e+02,2.000000000000001776e-02,1.333333333333330817e-02
3.000000000000000000e+02,3.133333333333333526e-01,6.333333333333335258e-02
3.000000000000000000e+02,2.333333333333331705e-02,4.666666666666663410e-02
3.000000000000000000e+02,-1.333333333333330817e-02,3.666666666666673624e-02
3.000000000000000000e+02,-3.333333333333299286e-03,4.000000000000003553e-02
3.000000000000000000e+02,2.700000000000000178e-01,3.333333333333343695e-02
3.000000000000000000e+02,3.966666666666666119e-01,2.999999999999991562e-02
3.000000000000000000e+02,0.000000000000000000e+00,3.666666666666673624e-02
3.000000000000000000e+02,1.999999999999999556e-01,6.999999999999995115e-02
3.000000000000000000e+02,3.599999999999999867e-01,9.999999999999897859e-03
3.000000000000000000e+02,4.333333333333333481e-02,1.999999999999990674e-02
3.000000000000000000e+02,1.366666666666667140e-01,6.999999999999995115e-02
3.000000000000000000e+02,7.666666666666666075e-02,5.666666666666664298e-02
3.000000000000000000e+02,-2.666666666666661634e-02,1.666666666666671848e-02
3.000000000000000000e+02,9.999999999999997780e-02,8.333333333333337034e-02
3.000000000000000000e+02,3.999999999999992450e-02,1.000000000000000888e-02
3.000000000000000000e+02,3.333333333333332593e-02,0.000000000000000000e+00
3.000000000000000000e+02,2.399999999999999911e-01,6.666666666666709595e-03
3.100000000000000000e+02,3.193548387096774022e-01,3.870967741935482653e-02
3.100000000000000000e+02,9.677419354838712184e-02,5.806451612903229531e-02
3.100000000000000000e+02,3.774193548387096975e-01,1.096774193548386567e-01
3.100000000000000000e+02,6.129032258064515126e-02,2.580645161290318068e-02
3.100000000000000000e+02,2.483870967741935720e-01,2.903225806451614766e-02
3.100000000000000000e+02,3.387096774193548709e-01,1.290322580645164585e-02
3.100000000000000000e+02,3.838709677419355204e-01,1.935483870967746878e-02
3.100000000000000000e+02,3.129032258064515792e-01,4.516129032258064946e-02
3.100000000000000000e+02,5.483870967741932834e-02,2.580645161290318068e-02
3.100000000000000000e+02,1.935483870967746878e-02,2.903225806451614766e-02
3.100000000000000000e+02,6.451612903225822926e-03,3.548387096774197058e-02
3.100000000000000000e+02,1.935483870967746878e-02,1.096774193548387677e-01
3.100000000000000000e+02,3.709677419354838745e-01,4.516129032258064946e-02
3.100000000000000000e+02,3.548387096774197058e-02,6.774193548387097419e-02
3.100000000000000000e+02,2.774193548387097197e-01,5.161290322580647238e-02
3.100000000000000000e+02,4.193548387096768248e-02,5.483870967741932834e-02
3.100000000000000000e+02,5.483870967741943936e-02,4.193548387096779351e-02
3.100000000000000000e+02,1.612903225806450180e-02,4.838709677419350541e-02
3.100000000000000000e+02,2.580645161290329170e-02,2.580645161290329170e-02
3.100000000000000000e+02,3.774193548387096975e-01,2.580645161290318068e-02
3.100000000000000000e+02,3.516129032258064058e-01,1.612903225806450180e-02
3.100000000000000000e+02,9.354838709677415487e-02,7.096774193548383014e-02
3.100000000000000000e+02,3.225806451612903691e-01,3.225806451612966974e-03
3.100000000000000000e+02,6.451612903225822926e-03,2.258064516129032473e-02
3.100000000000000000e+02,4.193548387096779351e-02,7.096774193548394116e-02
3.100000000000000000e+02,3.354838709677420150e-01,1.000000000000000888e-01
3.100000000000000000e+02,4.516129032258064946e-02,1.935483870967746878e-02
3.100000000000000000e+02,5.806451612903229531e-02,1.290322580645164585e-02
3.100000000000000000e+02,2.838709677419354316e-01,5.806451612903229531e-02
3.100000000000000000e+02,2.870967741935483986e-01,9.677419354838712184e-02
3.100000000000000000e+02,2.580645161290318068e-02,4.193548387096768248e-02
3.100000000000000000e+02,1.935483870967746878e-02,3.225806451612900361e-02
3.100000000000000000e+02,2.387096774193547821e-01,6.129032258064515126e-02
3.100000000000000000e+02,2.258064516129032473e-02,9.677419354838678878e-03
3.100000000000000000e+02,5.161290322580647238e-02,5.806451612903229531e-02
3.100000000000000000e+02,2.903225806451612545e-01,2.580645161290318068e-02
3.100000000000000000e+02,2.258064516129032473e-02,3.225806451612900361e-02
3.100000000000000000e+02,4.838709677419350541e-02,5.161290322580636136e-02
3.100000000000000000e+02,2.612903225806451069e-01,9.999999999999997780e-02
3.100000000000000000e+02,2.387096774193547821e-01,4.516129032258064946e-02
3.100000000000000000e+02,2.903225806451603663e-02,1.290322580645153483e-02
3.100000000000000000e+02,2.903225806451613655e-01,3.870967741935482653e-02
3.100000000000000000e+02,6.129032258064515126e-02,4.838709677419350541e-02
3.100000000000000000e+02,3.387096774193547599e-01,1.935483870967735776e-02
3.100000000000000000e+02,2.451612903225807161e-01,9.677419354838789900e-03
3.100000000000000000e+02,3.225806451612900361e-02,3.870967741935482653e-02
3.100000000000000000e+02,3.193548387096774022e-01,3.870967741935482653e-02
3.100000000000000000e+02,3.129032258064516903e-01,1.290322580645164585e-02
3.100000000000000000e+02,3.064516129032257563e-01,5.806451612903229531e-02
3.100000000000000000e+02,6.451612903225822926e-03,3.225806451612911463e-02
3.100000000000000000e+02,-9.677419354838678878e-03,2.580645161290329170e-02
3.100000000000000000e+02,2.290322580645161032e-01,4.193548387096768248e-02
3.100000000000000000e+02,3.870967741935483764e-01,4.193548387096768248e-02
3.100000000000000000e+02,8.064516129032262004e-02,2.258064516129032473e-02
3.100000000000000000e+02,2.903225806451614766e-02,4.193548387096768248e-02
3.100000000000000000e+02,1.290322580645153483e-02,2.258064516129032473e-02
3.100000000000000000e+02,3.193548387096774022e-01,1.258064516129032695e-01
3.100000000000000000e+02,1.064516129032259117e-01,8.064516129032262004e-02
3.100000000000000000e+02,2.258064516129032473e-02,1.935483870967746878e-02
3.100000000000000000e+02,2.935483870967741105e-01,4.838709677419350541e-02
3.100000000000000000e+02,7.741935483870976409e-02,5.806451612903229531e-02
3.100000000000000000e+02,1.935483870967735776e-02,2.903225806451614766e-02
3.100000000000000000e+02,3.225806451612966974e-03,6.451612903225822926e-03
3.100000000000000000e+02,3.516129032258064058e-01,4.838709677419350541e-02
3.100000000000000000e+02,3.129032258064515792e-01,6.774193548387097419e-02
3.100000000000000000e+02,3.225806451612902581e-01,9.677419354838678878e-03
3.100000000000000000e+02,3.354838709677419040e-01,2.903225806451614766e-02
3.100000000000000000e+02,9.677419354838678878e-03,2.903225806451614766e-02
3.100000000000000000e+02,2.935483870967742215e-01,3.225806451612900361e-02
3.100000000000000000e+02,6.129032258064515126e-02,4.516129032258064946e-02
3.100000000000000000e+02,3.580645161290322287e-01,7.096774193548383014e-02
3.100000000000000000e+02,1.999999999999999556e-01,1.064516129032258007e-01
3.100000000000000000e+02,4.838709677419350541e-02,2.903225806451603663e-02
3.100000000000000000e+02,3.741935483870967305e-01,6.129032258064515126e-02
3.100000000000000000e+02,1.290322580645153483e-02,4.193548387096768248e-02
3.100000000000000000e+02,3.129032258064515792e-01,8.387096774193547599e-02
3.100000000000000000e+02,3.225806451612900361e-02,6.129032258064515126e-02
3.100000000000000000e+02,1.612903225806450180e-02,7.741935483870976409e-02
3.100000000000000000e+02,1.838709677419354538e-01,5.161290322580647238e-02
3.100000000000000000e+02,1.193548387096774466e-01,5.483870967741943936e-02
3.100000000000000000e+02,3.516129032258065168e-01,9.677419354838789900e-03
3.100000000000000000e+02,3.451612903225806939e-01,4.516129032258064946e-02
3.100000000000000000e+02,2.903225806451614766e-02,5.483870967741932834e-02
3.100000000000000000e+02,3.225806451612903691e-01,6.129032258064526228e-02
3.100000000000000000e+02,2.354838709677420372e-01,9.354838709677426589e-02
3.100000000000000000e+02,1.290322580645164585e-02,7.096774193548394116e-02
3.100000000000000000e+02,2.935483870967741105e-01,2.580645161290318068e-02
3.100000000000000000e+02,2.000000000000000666e-01,8.387096774193547599e-02
3.100000000000000000e+02,1.612903225806450180e-02,1.064516129032258007e-01
3.100000000000000000e+02,2.645161290322580738e-01,5.161290322580636136e-02
3.100000000000000000e+02,3.645161290322580516e-01,3.548387096774197058e-02
3.100000000000000000e+02,3.903225806451612323e-01,3.225806451612900361e-02
3.100000000000000000e+02,5.806451612903229531e-02,7.419354838709679711e-02
3.100000000000000000e+02,1.612903225806450180e-02,3.548387096774197058e-02
3.100000000000000000e+02,2.548387096774192839e-01,2.903225806451603663e-02
3.100000000000000000e+02,2.258064516129032473e-01,1.000000000000000888e-01
3.100000000000000000e+02,9.677419354838789900e-03,2.903225806451614766e-02
3.100000000000000000e+02,2.516129032258064280e-01,8.387096774193547599e-02
3.100000000000000000e+02,2.612903225806451069e-01,1.290322580645153483e-02
3.100000000000000000e+02,2.903225806451614766e-02,2.258064516129032473e-02
3.200000000000000000e+02,3.375000000000000222e-01,1.406250000000000000e-01
3.200000000000000000e+02,6.249999999999977796e-03,3.749999999999997780e-02
3.200000000000000000e+02,9.687500000000004441e-02,2.187499999999997780e-02
3.200000000000000000e+02,2.812500000000006661e-02,2.500000000000002220e-02
3.200000000000000000e+02,7.187500000000002220e-02,5.312499999999997780e-02
3.200000000000000000e+02,3.437500000000000000e-01,5.937500000000006661e-02
3.200000000000000000e+02,3.125000000000000000e-02,5.625000000000002220e-02
3.200000000000000000e+02,1.874999999999993339e-02,2.187499999999997780e-02
3.200000000000000000e+02,3.437500000000004441e-02,4.687500000000000000e-02
3.200000000000000000e+02,9.375000000000000000e-02,9.687499999999993339e-02
3.200000000000000000e+02,-2.500000000000002220e-02,4.062500000000002220e-02
3.200000000000000000e+02,1.562500000000000000e-02,5.312500000000008882e-02
3.200000000000000000e+02,2.875000000000000888e-01,8.437500000000008882e-02
3.200000000000000000e+02,3.437499999999993339e-02,8.437499999999997780e-02
3.200000000000000000e+02,2.499999999999991118e-02,2.812499999999995559e-02
3.200000000000000000e+02,1.249999999999995559e-02,7.812500000000000000e-02
3.200000000000000000e+02,3.437500000000000000e-01,8.125000000000004441e-02
3.200000000000000000e+02,2.187499999999997780e-02,2.187499999999997780e-02
3.200000000000000000e+02,2.812499999999995559e-02,4.374999999999995559e-02
3.200000000000000000e+02,5.312499999999997780e-02,6.562500000000004441e-02
3.200000000000000000e+02,1.249999999999995559e-02,4.062500000000002220e-02
3.200000000000000000e+02,1.562500000000000000e-02,3.437499999999993339e-02
3.200000000000000000e+02,3.093750000000000666e-01,5.625000000000002220e-02
3.200000000000000000e+02,3.343749999999999778e-01,3.437500000000004441e-02
3.200000000000000000e+02,1.249999999999995559e-02,-6.249999999999977796e-03
3.200000000000000000e+02,3.000000000000000444e-01,6.562500000000004441e-02
3.200000000000000000e+02,8.750000000000002220e-02,8.125000000000004441e-02
3.200000000000000000e+02,5.625000000000002220e-02,7.500000000000006661e-02
3.200000000000000000e+02,6.250000000000000000e-02,4.687500000000000000e-02
3.200000000000000000e+02,3.687500000000000222e-01,7.500000000000006661e-02
3.200000000000000000e+02,-1.249999999999995559e-02,9.375000000000022204e-03
3.200000000000000000e+02,4.062500000000000000e-01,9.062499999999995559e-02
3.200000000000000000e+02,2.812499999999995559e-02,6.874999999999997780e-02
3.200000000000000000e+02,2.687499999999999334e-01,4.374999999999995559e-02
3.200000000000000000e+02,3.687500000000000222e-01,5.625000000000002220e-02
3.200000000000000000e+02,1.250000000000006661e-02,9.375000000000022204e-03
3.200000000000000000e+02,3.124999999999933387e-03,3.437499999999993339e-02
3.200000000000000000e+02,6.874999999999997780e-02,3.749999999999997780e-02
3.200000000000000000e+02,4.687500000000000000e-02,2.812499999999995559e-02
3.200000000000000000e+02,3.156250000000000444e-01,5.625000000000002220e-02
3.200000000000000000e+02,3.749999999999997780e-02,4.062499999999991118e-02
3.200000000000000000e+02,3.531250000000000222e-01,4.375000000000006661e-02
3.200000000000000000e+02,6.249999999999977796e-03,3.437500000000004441e-02
3.200000000000000000e+02,3.562500000000000666e-01,5.937500000000006661e-02
3.200000000000000000e+02,1.250000000000006661e-02,5.312499999999997780e-02
3.200000000000000000e+02,3.218749999999999112e-01,1.874999999999993339e-02
3.200000000000000000e+02,5.000000000000004441e-02,9.375000000000022204e-03
3.200000000000000000e+02,2.843749999999999334e-01,1.874999999999993339e-02
3.200000000000000000e+02,2.999999999999999334e-01,3.437499999999993339e-02
3.200000000000000000e+02,2.906250000000000222e-01,5.000000000000004441e-02
3.200000000000000000e+02,2.937499999999999556e-01,1.249999999999995559e-02
3.200000000000000000e+02,6.249999999999977796e-03,2.812499999999995559e-02
3.200000000000000000e+02,1.249999999999995559e-02,1.874999999999993339e-02
3.200000000000000000e+02,7.499999999999995559e-02,4.687500000000000000e-02
3.200000000000000000e+02,3.000000000000000444e-01,6.250000000000000000e-02
3.200000000000000000e+02,2.343750000000000000e-01,9.062499999999995559e-02
3.200000000000000000e+02,3.812499999999999778e-01,3.437500000000004441e-02
3.200000000000000000e+02,3.749999999999997780e-02,1.874999999999993339e-02
3.200000000000000000e+02,7.499999999999995559e-02,3.749999999999997780e-02
3.200000000000000000e+02,-2.500000000000002220e-02,8.437499999999997780e-02
3.200000000000000000e+02,2.187499999999997780e-02,3.125000000000000000e-02
3.200000000000000000e+02,3.437500000000000000e-01,1.250000000000006661e-02
3.200000000000000000e+02,-2.187500000000008882e-02,4.687500000000000000e-02
3.200000000000000000e+02,6.250000000000000000e-02,7.187500000000002220e-02
3.200000000000000000e+02,3.125000000000000000e-02,7.500000000000006661e-02
3.200000000000000000e+02,3.718749999999999556e-01,1.031250000000000222e-01
3.200000000000000000e+02,4.687500000000000000e-02,4.374999999999995559e-02
3.200000000000000000e+02,3.531249999999999112e-01,2.187499999999997780e-02
3.200000000000000000e+02,5.937499999999995559e-02,8.124999999999993339e-02
3.200000000000000000e+02,2.968750000000000000e-01,5.625000000000002220e-02
3.200000000000000000e+02,1.156249999999999778e-01,5.937500000000006661e-02
3.200000000000000000e+02,3.031249999999999778e-01,5.312499999999997780e-02
3.200000000000000000e+02,1.250000000000006661e-02,4.375000000000006661e-02
3.200000000000000000e+02,3.375000000000000222e-01,4.062500000000002220e-02
3.200000000000000000e+02,2.249999999999999778e-01,9.687500000000004441e-02
3.200000000000000000e+02,2.187499999999997780e-02,5.625000000000002220e-02
3.200000000000000000e+02,0.000000000000000000e+00,6.250000000000000000e-02
3.200000000000000000e+02,3.125000000000000000e-02,5.625000000000002220e-02
3.200000000000000000e+02,-6.249999999999977796e-03,4.374999999999995559e-02
3.200000000000000000e+02,7.187500000000002220e-02,8.750000000000002220e-02
3.200000000000000000e+02,6.250000000000000000e-02,5.937499999999995559e-02
3.200000000000000000e+02,3.718750000000000666e-01,4.375000000000006661e-02
3.200000000000000000e+02,2.187499999999997780e-02,3.437499999999993339e-02
3.200000000000000000e+02,2.937500000000000666e-01,2.500000000000002220e-02
3.200000000000000000e+02,3.750000000000008882e-02,4.375000000000006661e-02
3.200000000000000000e+02,4.375000000000006661e-02,3.125000000000044409e-03
3.200000000000000000e+02,5.937500000000006661e-02,4.062500000000002220e-02
3.200000000000000000e+02,3.406250000000000666e-01,2.187499999999997780e-02
3.200000000000000000e+02,3.312500000000000444e-01,8.437500000000008882e-02
3.200000000000000000e+02,2.968750000000000000e-01,4.687500000000000000e-02
3.200000000000000000e+02,2.812499999999995559e-02,1.249999999999995559e-02
3.200000000000000000e+02,3.124999999999933387e-03,2.499999999999991118e-02
3.200000000000000000e+02,6.875000000000008882e-02,3.750000000000008882e-02
3.200000000000000000e+02,5.625000000000002220e-02,7.499999999999995559e-02
3.200000000000000000e+02,-6.250000000000088818e-03,1.874999999999993339e-02
3.200000000000000000e+02,2.187499999999997780e-02,1.874999999999993339e-02
3.200000000000000000e+02,3.125000000000000000e-01,5.625000000000002220e-02
3.200000000000000000e+02,5.937499999999995559e-02,3.437499999999993339e-02
3.200000000000000000e+02,3.125000000000000000e-02,2.812499999999995559e-02
3.200000000000000000e+02,2.781250000000000666e-01,4.375000000000006661e-02
3.300000000000000000e+02,4.151515151515151603e-01,4.545454545454541417e-02
3.300000000000000000e+02,8.484848484848483974e-02,3.333333333333332593e-02
3.300000000000000000e+02,2.545454545454545192e-01,4.848484848484846399e-02
3.300000000000000000e+02,4.545454545454541417e-02,2.727272727272722630e-02
3.300000000000000000e+02,8.484848484848483974e-02,6.060606060606066325e-02
3.300000000000000000e+02,3.030303030303038714e-02,6.969696969696970168e-02
3.300000000000000000e+02,9.090909090909149448e-03,2.727272727272733732e-02
3.300000000000000000e+02,2.939393939393939448e-01,6.969696969696970168e-02
3.300000000000000000e+02,2.727272727272733732e-02,6.363636363636371307e-02
3.300000000000000000e+02,3.121212121212120216e-01,5.151515151515151381e-02
3.300000000000000000e+02,0.000000000000000000e+00,1.818181818181818787e-02
3.300000000000000000e+02,3.333333333333333703e-01,2.727272727272733732e-02
3.300000000000000000e+02,-9.090909090909038426e-03,4.242424242424247538e-02
3.300000000000000000e+02,1.242424242424242653e-01,7.575757575757580131e-02
3.300000000000000000e+02,0.000000000000000000e+00,4.242424242424236436e-02
3.300000000000000000e+02,3.060606060606061440e-01,3.030303030303038714e-02
3.300000000000000000e+02,3.212121212121212821e-01,9.090909090909149448e-03
3.300000000000000000e+02,1.212121212121208824e-02,4.242424242424236436e-02
3.300000000000000000e+02,2.121212121212123769e-02,3.030303030303027612e-02
3.300000000000000000e+02,3.030303030303029832e-01,2.727272727272722630e-02
3.300000000000000000e+02,6.060606060606099632e-03,5.151515151515151381e-02
3.300000000000000000e+02,2.424242424242428751e-02,6.363636363636360205e-02
3.300000000000000000e+02,-2.121212121212123769e-02,3.030303030303027612e-02
3.300000000000000000e+02,3.030303030303030942e-01,7.575757575757580131e-02
3.300000000000000000e+02,6.060606060606099632e-03,1.515151515151524908e-02
3.300000000000000000e+02,-1.818181818181818787e-02,4.545454545454552520e-02
3.300000000000000000e+02,2.363636363636363313e-01,3.030303030303027612e-02
3.300000000000000000e+02,-6.060606060605988610e-03,3.636363636363637575e-02
3.300000000000000000e+02,3.939393939393942556e-02,2.727272727272733732e-02
3.300000000000000000e+02,3.151515151515151825e-01,9.696969696969692798e-02
3.300000000000000000e+02,2.454545454545454808e-01,6.363636363636360205e-02
3.300000000000000000e+02,3.666666666666665853e-01,6.666666666666665186e-02
3.300000000000000000e+02,2.424242424242428751e-02,3.030303030303038714e-02
3.300000000000000000e+02,1.848484848484849286e-01,7.575757575757580131e-02
3.300000000000000000e+02,2.727272727272728181e-01,1.303030303030303649e-01
3.300000000000000000e+02,3.515151515151515582e-01,5.757575757575761344e-02
3.300000000000000000e+02,3.333333333333332593e-02,7.272727272727275150e-02
3.300000000000000000e+02,1.818181818181818787e-02,4.545454545454552520e-02
3.300000000000000000e+02,3.939393939393942556e-02,6.363636363636360205e-02
3.300000000000000000e+02,3.848484848484847731e-01,2.121212121212112667e-02
3.300000000000000000e+02,9.090909090909149448e-03,1.515151515151513806e-02
3.300000000000000000e+02,4.848484848484846399e-02,5.454545454545456362e-02
3.300000000000000000e+02,3.515151515151515582e-01,2.121212121212123769e-02
3.300000000000000000e+02,6.969696969696970168e-02,1.818181818181818787e-02
3.300000000000000000e+02,6.060606060606055223e-02,3.333333333333332593e-02
3.300000000000000000e+02,2.757575757575757569e-01,2.121212121212123769e-02
3.300000000000000000e+02,1.212121212121208824e-02,6.060606060606066325e-02
3.300000000000000000e+02,3.666666666666665853e-01,3.636363636363637575e-02
3.300000000000000000e+02,3.030303030303049816e-03,-9.090909090909038426e-03
3.300000000000000000e+02,3.787878787878787845e-01,1.212121212121208824e-02
3.300000000000000000e+02,3.484848484848485084e-01,4.848484848484846399e-02
3.300000000000000000e+02,3.939393939393931454e-02,3.030303030303027612e-02
3.300000000000000000e+02,-6.060606060606099632e-03,4.848484848484846399e-02
3.300000000000000000e+02,2.787878787878788067e-01,9.090909090909093937e-02
3.300000000000000000e+02,3.696969696969697461e-01,1.030303030303030276e-01
3.300000000000000000e+02,2.727272727272722630e-02,4.242424242424236436e-02
3.300000000000000000e+02,5.151515151515151381e-02,5.454545454545456362e-02
3.300000000000000000e+02,2.121212121212123769e-02,3.939393939393942556e-02
3.300000000000000000e+02,5.151515151515151381e-02,1.242424242424242653e-01
3.300000000000000000e+02,7.272727272727264047e-02,2.727272727272722630e-02
3.300000000000000000e+02,1.515151515151513806e-02,5.757575757575761344e-02
3.300000000000000000e+02,-6.060606060606099632e-03,8.484848484848483974e-02
3.300000000000000000e+02,3.303030303030302095e-01,1.575757575757574802e-01
3.300000000000000000e+02,2.424242424242417648e-02,5.454545454545456362e-02
3.300000000000000000e+02,4.848484848484846399e-02,9.999999999999997780e-02
3.300000000000000000e+02,1.515151515151513806e-02,4.242424242424236436e-02
3.300000000000000000e+02,-2.727272727272722630e-02,-6.060606060605988610e-03
3.300000000000000000e+02,-9.090909090909038426e-03,1.818181818181818787e-02
3.300000000000000000e+02,3.484848484848485084e-01,4.848484848484846399e-02
3.300000000000000000e+02,3.121212121212121327e-01,8.484848484848483974e-02
3.300000000000000000e+02,3.636363636363637575e-02,3.939393939393942556e-02
3.300000000000000000e+02,-1.818181818181818787e-02,6.363636363636360205e-02
3.300000000000000000e+02,3.121212121212121327e-01,3.636363636363637575e-02
3.300000000000000000e+02,6.969696969696970168e-02,3.636363636363626473e-02
3.300000000000000000e+02,3.181818181818182323e-01,7.878787878787874011e-02
3.300000000000000000e+02,2.636363636363635576e-01,6.060606060606055223e-02
3.300000000000000000e+02,-1.515151515151513806e-02,4.848484848484846399e-02
3.300000000000000000e+02,6.363636363636360205e-02,6.363636363636360205e-02
3.300000000000000000e+02,1.515151515151513806e-02,5.151515151515151381e-02
3.300000000000000000e+02,3.333333333333332593e-02,3.030303030303027612e-02
3.300000000000000000e+02,4.848484848484846399e-02,4.848484848484846399e-02
3.300000000000000000e+02,3.636363636363637575e-02,6.969696969696970168e-02
3.300000000000000000e+02,9.090909090909038426e-03,8.787878787878788955e-02
3.300000000000000000e+02,5.454545454545456362e-02,4.242424242424236436e-02
3.300000000000000000e+02,6.969696969696970168e-02,2.121212121212112667e-02
3.300000000000000000e+02,3.151515151515150714e-01,4.848484848484846399e-02
3.300000000000000000e+02,2.727272727272727071e-01,4.242424242424236436e-02
3.300000000000000000e+02,6.060606060605988610e-03,-3.030303030303049816e-03
3.300000000000000000e+02,3.939393939393939226e-01,4.242424242424247538e-02
3.300000000000000000e+02,5.454545454545456362e-02,6.060606060606066325e-02
3.300000000000000000e+02,3.818181818181818343e-01,3.333333333333332593e-02
3.300000000000000000e+02,-1.818181818181818787e-02,1.515151515151513806e-02
3.300000000000000000e+02,1.181818181818181657e-01,3.333333333333332593e-02
3.300000000000000000e+02,3.636363636363637575e-02,6.666666666666665186e-02
3.300000000000000000e+02,3.787878787878788955e-01,1.000000000000000888e-01
3.300000000000000000e+02,2.121212121212123769e-02,2.727272727272722630e-02
3.300000000000000000e+02,2.818181818181818565e-01,6.363636363636360205e-02
3.300000000000000000e+02,-9.090909090909038426e-03,9.090909090909149448e-03
3.300000000000000000e+02,3.060606060606060330e-01,2.727272727272722630e-02
3.300000000000000000e+02,7.878787878787885113e-02,1.515151515151513806e-02
3.400000000000000000e+02,-1.176470588235289938e-02,0.000000000000000000e+00
3.400000000000000000e+02,-2.058823529411768494e-02,2.941176470588235947e-02
3.400000000000000000e+02,0.000000000000000000e+00,1.470588235294112422e-02
3.400000000000000000e+02,4.705882352941181956e-02,3.235294117647069534e-02
3.400000000000000000e+02,2.794117647058823595e-01,5.588235294117638308e-02
3.400000000000000000e+02,3.647058823529411020e-01,5.294117647058815823e-02
3.400000000000000000e+02,3.235294117647058432e-02,4.411764705882348370e-02
3.400000000000000000e+02,3.558823529411765385e-01,6.470588235294116863e-02
3.400000000000000000e+02,3.088235294117647189e-01,7.352941176470584317e-02
3.400000000000000000e+02,3.235294117647058432e-02,3.529411764705880916e-02
3.400000000000000000e+02,2.647058823529413463e-02,2.941176470588235947e-02
3.400000000000000000e+02,2.058823529411768494e-02,3.529411764705880916e-02
3.400000000000000000e+02,1.470588235294123525e-02,3.235294117647058432e-02
3.400000000000000000e+02,3.352941176470588536e-01,4.705882352941170854e-02
3.400000000000000000e+02,3.411764705882353033e-01,7.058823529411761832e-02
3.400000000000000000e+02,2.852941176470589202e-01,6.176470588235294379e-02
3.400000000000000000e+02,5.000000000000004441e-02,6.176470588235294379e-02
3.400000000000000000e+02,0.000000000000000000e+00,4.705882352941181956e-02
3.400000000000000000e+02,3.117647058823529438e-01,3.529411764705880916e-02
3.400000000000000000e+02,5.882352941176471894e-02,7.647058823529406801e-02
3.400000000000000000e+02,4.411764705882359472e-02,5.000000000000004441e-02
3.400000000000000000e+02,7.647058823529406801e-02,8.823529411764696739e-02
3.400000000000000000e+02,8.823529411764707842e-02,3.235294117647058432e-02
3.400000000000000000e+02,3.823529411764703401e-02,6.176470588235294379e-02
3.400000000000000000e+02,3.470588235294117530e-01,5.294117647058815823e-02
3.400000000000000000e+02,2.352941176470590978e-02,2.352941176470590978e-02
3.400000000000000000e+02,0.000000000000000000e+00,4.705882352941181956e-02
3.400000000000000000e+02,1.176470588235289938e-02,3.529411764705880916e-02
3.400000000000000000e+02,-8.823529411764674535e-03,2.352941176470590978e-02
3.400000000000000000e+02,2.647058823529413463e-02,2.058823529411768494e-02
3.400000000000000000e+02,3.147058823529411686e-01,2.647058823529413463e-02
3.400000000000000000e+02,9.411764705882352811e-02,6.470588235294116863e-02
3.400000000000000000e+02,4.999999999999993339e-02,3.235294117647058432e-02
3.400000000000000000e+02,5.000000000000004441e-02,4.705882352941181956e-02
3.400000000000000000e+02,4.117647058823525885e-02,2.352941176470590978e-02
3.400000000000000000e+02,3.235294117647058432e-02,8.529411764705885357e-02
3.400000000000000000e+02,2.941176470588235947e-02,8.823529411764674535e-03
3.400000000000000000e+02,3.235294117647058432e-02,4.705882352941170854e-02
3.400000000000000000e+02,3.117647058823529438e-01,5.588235294117649410e-02
3.400000000000000000e+02,2.852941176470589202e-01,6.470588235294127966e-02
3.400000000000000000e+02,-5.882352941176449690e-03,1.764705882352946009e-02
3.400000000000000000e+02,8.823529411764707842e-02,8.823529411764707842e-02
3.400000000000000000e+02,3.823529411764705621e-01,2.941176470588235947e-02
3.400000000000000000e+02,3.029411764705882693e-01,6.470588235294116863e-02
3.400000000000000000e+02,3.088235294117647189e-01,1.029411764705882026e-01
3.400000000000000000e+02,2.352941176470590978e-02,1.147058823529412130e-01
3.400000000000000000e+02,3.147058823529411686e-01,2.941176470588235947e-02
3.400000000000000000e+02,0.000000000000000000e+00,3.823529411764714503e-02
3.400000000000000000e+02,3.617647058823529882e-01,3.235294117647069534e-02
3.400000000000000000e+02,5.882352941176471894e-02,8.823529411764707842e-02
3.400000000000000000e+02,3.470588235294117530e-01,3.235294117647058432e-02
3.400000000000000000e+02,5.294117647058826925e-02,3.235294117647058432e-02
3.400000000000000000e+02,2.352941176470590978e-02,7.058823529411761832e-02
3.400000000000000000e+02,2.294117647058823151e-01,3.235294117647058432e-02
3.400000000000000000e+02,8.823529411764674535e-03,3.823529411764703401e-02
3.400000000000000000e+02,5.882352941176449690e-03,3.529411764705880916e-02
3.400000000000000000e+02,4.705882352941181956e-02,2.058823529411768494e-02
3.400000000000000000e+02,2.941176470588235947e-02,5.294117647058826925e-02
3.400000000000000000e+02,2.647058823529413463e-02,6.176470588235294379e-02
3.400000000000000000e+02,4.117647058823530326e-01,9.705882352941175295e-02
3.400000000000000000e+02,5.882352941176449690e-03,5.882352941176471894e-02
3.400000000000000000e+02,3.529411764705892018e-02,5.294117647058826925e-02
3.400000000000000000e+02,5.588235294117638308e-02,7.941176470588229286e-02
3.400000000000000000e+02,-1.176470588235301040e-02,1.764705882352934907e-02
3.400000000000000000e+02,3.176470588235293935e-01,2.941176470588224845e-03
3.400000000000000000e+02,2.617647058823528994e-01,2.058823529411768494e-02
3.400000000000000000e+02,3.529411764705880916e-02,4.705882352941170854e-02
3.400000000000000000e+02,3.147058823529411686e-01,5.882352941176471894e-02
3.400000000000000000e+02,5.588235294117649410e-02,6.470588235294116863e-02
3.400000000000000000e+02,0.000000000000000000e+00,4.411764705882348370e-02
3.400000000000000000e+02,1.764705882352934907e-02,4.117647058823525885e-02
3.400000000000000000e+02,1.176470588235289938e-02,1.764705882352946009e-02
3.400000000000000000e+02,3.941176470588235725e-01,2.941176470588235947e-02
3.400000000000000000e+02,3.529411764705880916e-02,9.411764705882352811e-02
3.400000000000000000e+02,3.529411764705880916e-02,2.352941176470590978e-02
3.400000000000000000e+02,4.705882352941181956e-02,6.176470588235294379e-02
3.400000000000000000e+02,0.000000000000000000e+00,7.352941176470584317e-02
3.400000000000000000e+02,8.823529411764785557e-03,2.941176470588224845e-03
3.400000000000000000e+02,2.764705882352941346e-01,3.823529411764703401e-02
3.400000000000000000e+02,1.764705882352934907e-02,2.352941176470579876e-02
3.400000000000000000e+02,6.176470588235294379e-02,4.411764705882348370e-02
3.400000000000000000e+02,3.647058823529411020e-01,1.764705882352934907e-02
3.400000000000000000e+02,6.764705882352939348e-02,4.705882352941170854e-02
3.400000000000000000e+02,3.029411764705882693e-01,3.823529411764703401e-02
3.400000000000000000e+02,1.176470588235301040e-02,5.294117647058826925e-02
3.400000000000000000e+02,2.058823529411768494e-02,1.176470588235294379e-01
3.400000000000000000e+02,2.647058823529413463e-02,5.000000000000004441e-02
3.400000000000000000e+02,5.882352941176449690e-03,1.764705882352934907e-02
3.400000000000000000e+02,1.764705882352946009e-02,3.529411764705880916e-02
3.400000000000000000e+02,8.823529411764674535e-03,5.882352941176449690e-03
3.400000000000000000e+02,8.823529411764674535e-03,1.176470588235294379e-01
3.400000000000000000e+02,4.411764705882359472e-02,7.647058823529417904e-02
3.400000000000000000e+02,3.529411764705880916e-02,2.058823529411768494e-02
3.400000000000000000e+02,-5.882352941176449690e-03,1.470588235294112422e-02
3.400000000000000000e+02,5.294117647058826925e-02,5.588235294117649410e-02
3.400000000000000000e+02,3.676470588235294379e-01,4.705882352941181956e-02
3.400000000000000000e+02,2.882352941176470340e-01,5.588235294117649410e-02
3.400000000000000000e+02,2.500000000000000000e-01,4.117647058823525885e-02
3.400000000000000000e+02,3.058823529411764941e-01,1.470588235294123525e-02
3.400000000000000000e+02,2.058823529411768494e-02,5.294117647058826925e-02
3.500000000000000000e+02,8.571428571428563181e-03,3.999999999999992450e-02
3.500000000000000000e+02,2.857142857142891401e-03,8.571428571428574283e-02
3.500000000000000000e+02,1.714285714285712636e-02,3.142857142857136132e-02
3.500000000000000000e+02,2.571428571428568954e-02,8.571428571428563181e-03
3.500000000000000000e+02,3.399999999999999689e-01,1.714285714285712636e-02
3.500000000000000000e+02,3.142857142857136132e-02,3.142857142857136132e-02
3.500000000000000000e+02,1.142857142857145458e-02,7.428571428571428825e-02
3.500000000000000000e+02,-1.714285714285723738e-02,1.142857142857134356e-02
3.500000000000000000e+02,3.314285714285714057e-01,5.714285714285671780e-03
3.500000000000000000e+02,2.000000000000001776e-02,4.285714285714281591e-02
3.500000000000000000e+02,3.142857142857136132e-02,6.285714285714283367e-02
3.500000000000000000e+02,1.714285714285723738e-02,2.857142857142858094e-02
3.500000000000000000e+02,5.142857142857137909e-02,4.285714285714281591e-02
3.500000000000000000e+02,2.857142857142891401e-03,5.142857142857137909e-02
3.500000000000000000e+02,3.171428571428571708e-01,-1.142857142857145458e-02
3.500000000000000000e+02,-5.714285714285671780e-03,4.000000000000003553e-02
3.500000000000000000e+02,3.542857142857143149e-01,6.285714285714283367e-02
3.500000000000000000e+02,3.428571428571425272e-02,5.142857142857137909e-02
3.500000000000000000e+02,2.999999999999999334e-01,1.428571428571423496e-02
3.500000000000000000e+02,1.428571428571434598e-02,3.428571428571436375e-02
3.500000000000000000e+02,7.714285714285717965e-02,4.285714285714292693e-02
3.500000000000000000e+02,3.000000000000000444e-01,1.714285714285712636e-02
3.500000000000000000e+02,-1.142857142857145458e-02,3.142857142857136132e-02
3.500000000000000000e+02,2.857142857142858094e-02,3.714285714285714413e-02
3.500000000000000000e+02,2.571428571428568954e-02,8.285714285714285143e-02
3.500000000000000000e+02,3.428571428571428603e-01,9.999999999999997780e-02
3.500000000000000000e+02,3.371428571428570775e-01,1.085714285714285410e-01
3.500000000000000000e+02,6.857142857142861647e-02,4.857142857142859871e-02
3.500000000000000000e+02,2.571428571428568954e-02,4.000000000000003553e-02
3.500000000000000000e+02,1.857142857142857206e-01,6.000000000000005329e-02
3.500000000000000000e+02,1.571428571428571397e-01,7.428571428571428825e-02
3.500000000000000000e+02,5.142857142857137909e-02,3.714285714285714413e-02
3.500000000000000000e+02,3.285714285714285143e-01,6.285714285714283367e-02
3.500000000000000000e+02,2.571428571428580057e-02,6.571428571428572507e-02
3.500000000000000000e+02,5.999999999999994227e-02,3.142857142857136132e-02
3.500000000000000000e+02,2.857142857142858094e-02,6.857142857142861647e-02
3.500000000000000000e+02,2.628571428571429003e-01,8.285714285714285143e-02
3.500000000000000000e+02,2.399999999999999911e-01,7.142857142857139685e-02
3.500000000000000000e+02,3.142857142857147235e-02,4.857142857142859871e-02
3.500000000000000000e+02,4.571428571428570731e-02,2.857142857142858094e-02
3.500000000000000000e+02,-1.428571428571434598e-02,1.171428571428571042e-01
3.500000000000000000e+02,3.571428571428572063e-01,9.714285714285719742e-02
3.500000000000000000e+02,1.142857142857145458e-02,6.571428571428572507e-02
3.500000000000000000e+02,3.399999999999999689e-01,5.428571428571427049e-02
3.500000000000000000e+02,3.714285714285714413e-02,3.428571428571425272e-02
3.500000000000000000e+02,8.571428571428563181e-03,2.571428571428568954e-02
3.500000000000000000e+02,-1.142857142857145458e-02,4.857142857142859871e-02
3.500000000000000000e+02,2.714285714285714635e-01,2.857142857142891401e-03
3.500000000000000000e+02,2.542857142857143371e-01,5.714285714285716189e-02
3.500000000000000000e+02,2.285714285714279814e-02,2.285714285714279814e-02
3.500000000000000000e+02,2.571428571428568954e-02,4.285714285714281591e-02
3.500000000000000000e+02,2.000000000000001776e-02,4.857142857142859871e-02
3.500000000000000000e+02,4.857142857142859871e-02,3.428571428571425272e-02
3.500000000000000000e+02,2.571428571428568954e-02,2.857142857142846992e-02
3.500000000000000000e+02,2.571428571428568954e-02,9.999999999999997780e-02
3.500000000000000000e+02,4.000000000000003553e-02,3.714285714285714413e-02
3.500000000000000000e+02,6.571428571428572507e-02,5.428571428571438151e-02
3.500000000000000000e+02,5.142857142857149011e-02,5.428571428571427049e-02
3.500000000000000000e+02,3.142857142857147235e-02,3.142857142857147235e-02
3.500000000000000000e+02,1.714285714285712636e-02,2.857142857142858094e-02
3.500000000000000000e+02,3.742857142857143327e-01,3.714285714285714413e-02
3.500000000000000000e+02,2.771428571428571352e-01,6.857142857142861647e-02
3.500000000000000000e+02,1.428571428571423496e-02,2.285714285714279814e-02
3.500000000000000000e+02,2.000000000000001776e-02,6.857142857142850545e-02
3.500000000000000000e+02,5.714285714285705087e-02,5.714285714285705087e-02
3.500000000000000000e+02,4.857142857142859871e-02,0.000000000000000000e+00
3.500000000000000000e+02,2.857142857142780379e-03,4.285714285714281591e-02
3.500000000000000000e+02,5.714285714285782802e-03,5.142857142857149011e-02
3.500000000000000000e+02,3.057142857142857162e-01,3.428571428571425272e-02
3.500000000000000000e+02,1.142857142857134356e-02,4.285714285714281591e-02
3.500000000000000000e+02,3.199999999999999512e-01,6.571428571428572507e-02
3.500000000000000000e+02,0.000000000000000000e+00,4.000000000000003553e-02
3.500000000000000000e+02,2.857142857142856984e-01,-8.571428571428674204e-03
3.500000000000000000e+02,1.142857142857145458e-02,8.285714285714285143e-02
3.500000000000000000e+02,3.428571428571425272e-02,5.714285714285705087e-02
3.500000000000000000e+02,3.714285714285714413e-02,4.857142857142848769e-02
3.500000000000000000e+02,-1.142857142857145458e-02,4.285714285714281591e-02
3.500000000000000000e+02,1.142857142857134356e-02,6.285714285714283367e-02
3.500000000000000000e+02,-1.428571428571423496e-02,-8.571428571428563181e-03
3.500000000000000000e+02,3.428571428571425272e-02,7.142857142857139685e-02
3.500000000000000000e+02,3.599999999999999867e-01,8.857142857142852321e-02
3.500000000000000000e+02,1.142857142857145458e-02,4.000000000000003553e-02
3.500000000000000000e+02,1.428571428571434598e-02,4.285714285714292693e-02
3.500000000000000000e+02,6.000000000000005329e-02,5.142857142857149011e-02
3.500000000000000000e+02,-5.714285714285782802e-03,2.857142857142846992e-02
3.500000000000000000e+02,3.199999999999999512e-01,6.571428571428572507e-02
3.500000000000000000e+02,2.000000000000001776e-02,9.142857142857141461e-02
3.500000000000000000e+02,5.714285714285671780e-03,3.714285714285714413e-02
3.500000000000000000e+02,1.285714285714285587e-01,6.571428571428572507e-02
3.500000000000000000e+02,3.885714285714285676e-01,4.857142857142848769e-02
3.500000000000000000e+02,2.857142857142858094e-02,2.857142857142858094e-02
3.500000000000000000e+02,3.399999999999999689e-01,1.714285714285712636e-02
3.500000000000000000e+02,2.571428571428571175e-01,3.428571428571425272e-02
3.500000000000000000e+02,-1.142857142857145458e-02,4.285714285714292693e-02
3.500000000000000000e+02,8.285714285714285143e-02,6.857142857142850545e-02
3.500000000000000000e+02,3.771428571428571130e-01,2.857142857142780379e-03
3.500000000000000000e+02,2.885714285714284788e-01,4.571428571428570731e-02
3.500000000000000000e+02,1.714285714285723738e-02,2.857142857142858094e-02
3.500000000000000000e+02,3.200000000000000622e-01,6.000000000000005329e-02
3.500000000000000000e+02,2.571428571428580057e-02,7.428571428571428825e-02
3.600000000000000000e+02,-2.222222222222225430e-02,1.944444444444437536e-02
3.600000000000000000e+02,1.666666666666671848e-02,4.444444444444450859e-02
3.600000000000000000e+02,3.055555555555555802e-02,2.777777777777779011e-02
3.600000000000000000e+02,3.555555555555555136e-01,6.111111111111111605e-02
3.600000000000000000e+02,3.055555555555555802e-02,3.333333333333332593e-02
3.600000000000000000e+02,1.666666666666666297e-01,1.361111111111110716e-01
3.600000000000000000e+02,2.222222222222225430e-02,1.388888888888883955e-02
3.600000000000000000e+02,2.500000000000002220e-02,3.333333333333332593e-02
3.600000000000000000e+02,3.055555555555555802e-02,5.277777777777781232e-02
3.600000000000000000e+02,0.000000000000000000e+00,4.444444444444439757e-02
3.600000000000000000e+02,8.611111111111102723e-02,7.222222222222218768e-02
3.600000000000000000e+02,-2.777777777777767909e-03,7.777777777777783452e-02
3.600000000000000000e+02,6.944444444444453080e-02,1.027777777777778567e-01
3.600000000000000000e+02,3.333333333333343695e-02,5.555555555555558023e-02
3.600000000000000000e+02,3.888888888888886175e-02,2.777777777777767909e-02
3.600000000000000000e+02,5.555555555555535818e-03,3.611111111111109384e-02
3.600000000000000000e+02,4.999999999999993339e-02,3.333333333333332593e-02
3.600000000000000000e+02,-5.555555555555535818e-03,3.611111111111120486e-02
3.600000000000000000e+02,5.555555555555546920e-02,2.499999999999991118e-02
3.600000000000000000e+02,2.555555555555556468e-01,1.666666666666671848e-02
3.600000000000000000e+02,-2.777777777777779011e-02,1.944444444444437536e-02
3.600000000000000000e+02,4.999999999999993339e-02,1.111111111111107164e-02
3.600000000000000000e+02,3.055555555555554692e-01,4.166666666666662966e-02
3.600000000000000000e+02,5.277777777777781232e-02,2.500000000000002220e-02
3.600000000000000000e+02,2.777777777777767909e-03,1.111111111111107164e-02
3.600000000000000000e+02,3.888888888888889506e-01,3.888888888888897277e-02
3.600000000000000000e+02,1.111111111111118266e-02,4.166666666666674068e-02
3.600000000000000000e+02,4.444444444444439757e-02,3.888888888888886175e-02
3.600000000000000000e+02,1.111111111111107164e-02,2.500000000000002220e-02
3.600000000000000000e+02,2.500000000000002220e-02,2.500000000000002220e-02
3.600000000000000000e+02,1.388888888888895057e-02,5.833333333333334814e-02
3.600000000000000000e+02,6.388888888888888395e-02,1.416666666666666075e-01
3.600000000000000000e+02,5.555555555555646841e-03,3.333333333333332593e-02
3.600000000000000000e+02,5.555555555555535818e-03,4.722222222222227650e-02
3.600000000000000000e+02,3.444444444444444420e-01,1.944444444444448639e-02
3.600000000000000000e+02,-1.944444444444448639e-02,1.111111111111107164e-02
3.600000000000000000e+02,2.222222222222225430e-02,4.444444444444450859e-02
3.600000000000000000e+02,2.777777777777779011e-02,6.666666666666665186e-02
3.600000000000000000e+02,6.666666666666665186e-02,4.166666666666662966e-02
3.600000000000000000e+02,0.000000000000000000e+00,1.111111111111107164e-02
3.600000000000000000e+02,3.638888888888889284e-01,5.277777777777781232e-02
3.600000000000000000e+02,2.638888888888888395e-01,8.611111111111113825e-02
3.600000000000000000e+02,2.222222222222225430e-02,1.388888888888895057e-02
3.600000000000000000e+02,3.055555555555555802e-02,1.388888888888883955e-02
3.600000000000000000e+02,2.500000000000002220e-02,7.499999999999995559e-02
3.600000000000000000e+02,8.333333333333303727e-03,4.999999999999993339e-02
3.600000000000000000e+02,3.527777777777777457e-01,7.499999999999995559e-02
3.600000000000000000e+02,3.472222222222223209e-01,1.472222222222222543e-01
3.600000000000000000e+02,1.666666666666671848e-02,6.388888888888888395e-02
3.600000000000000000e+02,5.555555555555535818e-03,8.888888888888890616e-02
3.600000000000000000e+02,9.166666666666667407e-02,6.111111111111111605e-02
3.600000000000000000e+02,-8.333333333333303727e-03,5.555555555555535818e-03
3.600000000000000000e+02,1.111111111111107164e-02,1.944444444444448639e-02
3.600000000000000000e+02,8.888888888888890616e-02,8.333333333333337034e-02
3.600000000000000000e+02,2.500000000000002220e-02,4.444444444444450859e-02
3.600000000000000000e+02,3.888888888888897277e-02,5.833333333333334814e-02
3.600000000000000000e+02,-1.111111111111118266e-02,1.666666666666660745e-02
3.600000000000000000e+02,0.000000000000000000e+00,1.666666666666671848e-02
3.600000000000000000e+02,2.777777777777767909e-03,3.888888888888886175e-02
3.600000000000000000e+02,-3.888888888888886175e-02,5.000000000000004441e-02
3.600000000000000000e+02,4.722222222222227650e-02,7.222222222222229870e-02
3.600000000000000000e+02,1.666666666666671848e-02,8.333333333333414750e-03
3.600000000000000000e+02,8.611111111111113825e-02,6.944444444444453080e-02
3.600000000000000000e+02,-5.555555555555646841e-03,4.444444444444439757e-02
3.600000000000000000e+02,4.166666666666674068e-02,3.888888888888886175e-02
3.600000000000000000e+02,3.055555555555555802e-02,6.666666666666676289e-02
3.600000000000000000e+02,4.722222222222227650e-02,2.500000000000002220e-02
3.600000000000000000e+02,1.111111111111107164e-02,4.166666666666662966e-02
3.600000000000000000e+02,1.388888888888895057e-02,7.777777777777783452e-02
3.600000000000000000e+02,3.055555555555555802e-02,2.222222222222225430e-02
3.600000000000000000e+02,2.777777777777779011e-02,5.833333333333334814e-02
3.600000000000000000e+02,8.333333333333414750e-03,3.888888888888897277e-02
3.600000000000000000e+02,1.111111111111118266e-02,4.722222222222227650e-02
3.600000000000000000e+02,1.944444444444437536e-02,8.055555555555549141e-02
3.600000000000000000e+02,-5.555555555555535818e-03,1.666666666666671848e-02
3.600000000000000000e+02,7.222222222222218768e-02,3.055555555555555802e-02
3.600000000000000000e+02,1.388888888888883955e-02,5.555555555555558023e-02
3.600000000000000000e+02,3.750000000000000000e-01,2.777777777777767909e-03
3.600000000000000000e+02,-8.333333333333414750e-03,3.055555555555555802e-02
3.600000000000000000e+02,2.777777777777767909e-03,2.777777777777779011e-02
3.600000000000000000e+02,3.111111111111111160e-01,7.222222222222229870e-02
3.600000000000000000e+02,3.777777777777777679e-01,2.222222222222225430e-02
3.600000000000000000e+02,2.222222222222225430e-02,5.555555555555558023e-02
3.600000000000000000e+02,1.388888888888895057e-02,3.888888888888886175e-02
3.600000000000000000e+02,1.944444444444448639e-02,1.944444444444448639e-02
3.600000000000000000e+02,3.055555555555555802e-02,2.222222222222214327e-02
3.600000000000000000e+02,-2.777777777777767909e-03,5.277777777777770130e-02
3.600000000000000000e+02,2.500000000000002220e-02,5.833333333333334814e-02
3.600000000000000000e+02,5.555555555555535818e-03,5.833333333333334814e-02
3.600000000000000000e+02,3.888888888888886175e-02,4.166666666666662966e-02
3.600000000000000000e+02,1.111111111111107164e-02,1.666666666666671848e-02
3.600000000000000000e+02,3.499999999999999778e-01,4.166666666666662966e-02
3.600000000000000000e+02,2.916666666666666297e-01,4.722222222222227650e-02
3.600000000000000000e+02,6.111111111111111605e-02,8.888888888888890616e-02
3.600000000000000000e+02,3.888888888888897277e-02,2.777777777777779011e-02
3.600000000000000000e+02,1.111111111111107164e-02,4.166666666666662966e-02
3.600000000000000000e+02,3.611111111111109384e-02,5.833333333333323711e-02
3.600000000000000000e+02,5.000000000000004441e-02,5.277777777777781232e-02
3.600000000000000000e+02,2.027777777777777235e-01,5.833333333333334814e-02
3.600000000000000000e+02,5.555555555555535818e-03,6.666666666666665186e-02
3.700000000000000000e+02,-1.351351351351348651e-02,3.243243243243243423e-02
3.700000000000000000e+02,-2.432432432432429792e-02,3.243243243243243423e-02
3.700000000000000000e+02,2.972972972972975914e-02,4.324324324324324564e-02
3.700000000000000000e+02,3.243243243243243423e-02,4.054054054054057055e-02
3.700000000000000000e+02,4.324324324324324564e-02,4.594594594594592074e-02
3.700000000000000000e+02,3.243243243243243423e-01,6.216216216216208235e-02
3.700000000000000000e+02,3.675675675675675880e-01,2.702702702702708404e-02
3.700000000000000000e+02,1.081081081081081141e-02,9.459459459459462760e-02
3.700000000000000000e+02,9.459459459459451658e-02,8.378378378378370517e-02
3.700000000000000000e+02,-1.621621621621627263e-02,1.351351351351348651e-02
3.700000000000000000e+02,3.297297297297298035e-01,2.702702702702675097e-03
3.700000000000000000e+02,3.513513513513510933e-02,2.702702702702697302e-02
3.700000000000000000e+02,5.405405405405350194e-03,2.702702702702697302e-02
3.700000000000000000e+02,4.054054054054045952e-02,4.864864864864859584e-02
3.700000000000000000e+02,4.594594594594592074e-02,5.135135135135138196e-02
3.700000000000000000e+02,3.486486486486486402e-01,2.972972972972964811e-02
3.700000000000000000e+02,3.216216216216216672e-01,1.891891891891894772e-02
3.700000000000000000e+02,3.189189189189188811e-01,3.243243243243243423e-02
3.700000000000000000e+02,-8.108108108108136314e-03,4.594594594594592074e-02
3.700000000000000000e+02,6.216216216216219337e-02,8.378378378378381619e-02
3.700000000000000000e+02,8.108108108108136314e-03,9.999999999999997780e-02
3.700000000000000000e+02,1.621621621621627263e-02,5.675675675675673215e-02
3.700000000000000000e+02,3.621621621621622378e-01,4.054054054054057055e-02
3.700000000000000000e+02,2.432432432432429792e-02,3.783783783783778443e-02
3.700000000000000000e+02,2.783783783783784216e-01,2.702702702702697302e-02
3.700000000000000000e+02,1.081081081081081141e-02,5.675675675675673215e-02
3.700000000000000000e+02,2.810810810810810967e-01,2.972972972972975914e-02
3.700000000000000000e+02,2.432432432432429792e-02,5.405405405405405705e-02
3.700000000000000000e+02,4.324324324324324564e-02,5.675675675675673215e-02
3.700000000000000000e+02,3.675675675675675880e-01,5.675675675675673215e-02
3.700000000000000000e+02,2.702702702702675097e-03,7.027027027027021866e-02
3.700000000000000000e+02,4.054054054054045952e-02,2.972972972972964811e-02
3.700000000000000000e+02,-2.702702702702675097e-03,4.864864864864870686e-02
3.700000000000000000e+02,0.000000000000000000e+00,5.675675675675673215e-02
3.700000000000000000e+02,4.594594594594592074e-02,5.405405405405405705e-02
3.700000000000000000e+02,3.675675675675675880e-01,6.756756756756754356e-02
3.700000000000000000e+02,6.756756756756754356e-02,6.756756756756754356e-02
3.700000000000000000e+02,8.108108108108025291e-03,3.783783783783778443e-02
3.700000000000000000e+02,1.081081081081081141e-02,8.108108108108136314e-03
3.700000000000000000e+02,4.054054054054057055e-02,4.324324324324324564e-02
3.700000000000000000e+02,4.054054054054057055e-02,3.513513513513522035e-02
3.700000000000000000e+02,3.297297297297298035e-01,2.702702702702708404e-02
3.700000000000000000e+02,-1.081081081081081141e-02,5.135135135135127094e-02
3.700000000000000000e+02,2.108108108108107670e-01,3.783783783783778443e-02
3.700000000000000000e+02,2.702702702702675097e-03,4.054054054054045952e-02
3.700000000000000000e+02,1.891891891891883670e-02,5.135135135135127094e-02
3.700000000000000000e+02,2.702702702702675097e-03,2.162162162162162282e-02
3.700000000000000000e+02,3.378378378378379399e-01,6.486486486486486847e-02
3.700000000000000000e+02,1.891891891891894772e-02,3.243243243243243423e-02
3.700000000000000000e+02,3.945945945945945610e-01,3.243243243243243423e-02
3.700000000000000000e+02,3.513513513513510933e-02,7.567567567567567988e-02
3.700000000000000000e+02,2.972972972972975914e-02,8.918918918918927741e-02
3.700000000000000000e+02,2.702702702702697302e-02,5.405405405405405705e-02
3.700000000000000000e+02,-2.702702702702786119e-03,2.702702702702697302e-02
3.700000000000000000e+02,2.972972972972972583e-01,2.162162162162162282e-02
3.700000000000000000e+02,-5.405405405405461217e-03,4.594594594594592074e-02
3.700000000000000000e+02,4.864864864864859584e-02,2.702702702702697302e-02
3.700000000000000000e+02,3.837837837837838606e-01,7.297297297297300478e-02
3.700000000000000000e+02,6.216216216216219337e-02,4.594594594594603176e-02
3.700000000000000000e+02,3.675675675675675880e-01,8.108108108108103007e-02
3.700000000000000000e+02,-8.108108108108136314e-03,5.675675675675673215e-02
3.700000000000000000e+02,1.621621621621627263e-02,1.081081081081081141e-02
3.700000000000000000e+02,8.108108108108114109e-02,6.756756756756754356e-02
3.700000000000000000e+02,6.486486486486486847e-02,5.675675675675673215e-02
3.700000000000000000e+02,3.486486486486486402e-01,2.972972972972964811e-02
3.700000000000000000e+02,7.837837837837835497e-02,6.486486486486486847e-02
3.700000000000000000e+02,5.405405405405461217e-03,1.351351351351348651e-02
3.700000000000000000e+02,4.324324324324324564e-02,8.108108108108103007e-02
3.700000000000000000e+02,-3.783783783783778443e-02,3.243243243243243423e-02
3.700000000000000000e+02,4.324324324324324564e-02,8.918918918918927741e-02
3.700000000000000000e+02,3.783783783783778443e-02,4.594594594594592074e-02
3.700000000000000000e+02,2.702702702702708404e-02,2.432432432432429792e-02
3.700000000000000000e+02,3.783783783783778443e-02,2.432432432432429792e-02
3.700000000000000000e+02,4.054054054054057055e-02,4.054054054054057055e-02
3.700000000000000000e+02,3.243243243243243423e-02,2.702702702702708404e-02
3.700000000000000000e+02,3.432432432432432901e-01,2.432432432432429792e-02
3.700000000000000000e+02,3.540540540540541015e-01,4.054054054054057055e-02
3.700000000000000000e+02,1.081081081081081141e-02,4.324324324324324564e-02
3.700000000000000000e+02,2.702702702702786119e-03,1.081081081081081141e-02
3.700000000000000000e+02,3.783783783783789545e-02,4.594594594594592074e-02
3.700000000000000000e+02,3.270270270270271284e-01,2.972972972972975914e-02
3.700000000000000000e+02,8.108108108108025291e-03,9.729729729729730270e-02
3.700000000000000000e+02,-8.108108108108136314e-03,3.783783783783778443e-02
3.700000000000000000e+02,2.162162162162162282e-02,4.324324324324324564e-02
3.700000000000000000e+02,3.000000000000000444e-01,5.405405405405461217e-03
3.700000000000000000e+02,8.108108108108136314e-03,8.918918918918916638e-02
3.700000000000000000e+02,2.702702702702697302e-02,4.054054054054057055e-02
3.700000000000000000e+02,1.351351351351348651e-02,1.891891891891883670e-02
3.700000000000000000e+02,3.081081081081081807e-01,7.027027027027032968e-02
3.700000000000000000e+02,3.567567567567567766e-01,7.027027027027032968e-02
3.700000000000000000e+02,4.594594594594592074e-02,2.972972972972975914e-02
3.700000000000000000e+02,5.405405405405461217e-03,8.648648648648649129e-02
3.700000000000000000e+02,1.351351351351348651e-02,2.162162162162162282e-02
3.700000000000000000e+02,2.972972972972975914e-02,4.054054054054057055e-02
3.700000000000000000e+02,3.783783783783778443e-02,3.783783783783778443e-02
3.700000000000000000e+02,3.513513513513522035e-02,5.405405405405405705e-02
3.700000000000000000e+02,2.702702702702786119e-03,7.567567567567567988e-02
3.700000000000000000e+02,2.162162162162162282e-02,9.189189189189184148e-02
3.700000000000000000e+02,1.621621621621627263e-02,4.594594594594592074e-02
3.700000000000000000e+02,1.621621621621627263e-02,3.513513513513510933e-02
3.800000000000000000e+02,-7.894736842105287700e-03,4.736842105263161518e-02
3.800000000000000000e+02,0.000000000000000000e+00,1.315789473684214617e-02
3.800000000000000000e+02,2.631578947368429233e-03,7.105263157894736725e-02
3.800000000000000000e+02,3.421052631578946901e-02,5.526315789473679185e-02
3.800000000000000000e+02,3.789473684210525883e-01,3.684210526315789824e-02
3.800000000000000000e+02,-4.210526315789475671e-02,2.631578947368429233e-03
3.800000000000000000e+02,3.368421052631578316e-01,4.736842105263161518e-02
3.800000000000000000e+02,-2.631578947368429233e-02,4.210526315789475671e-02
3.800000000000000000e+02,7.894736842105287700e-03,1.315789473684214617e-02
3.800000000000000000e+02,9.736842105263154856e-02,6.052631578947365032e-02
3.800000000000000000e+02,1.315789473684214617e-02,7.894736842105265495e-02
3.800000000000000000e+02,1.842105263157889361e-02,8.157894736842108419e-02
3.800000000000000000e+02,3.157894736842103978e-02,4.473684210526318594e-02
3.800000000000000000e+02,-1.052631578947371693e-02,3.421052631578946901e-02
3.800000000000000000e+02,2.631578947368429233e-03,5.263157894736847364e-02
3.800000000000000000e+02,0.000000000000000000e+00,5.526315789473679185e-02
3.800000000000000000e+02,2.631578947368429233e-03,3.157894736842103978e-02
3.800000000000000000e+02,3.921052631578947345e-01,3.947368421052632748e-02
3.800000000000000000e+02,3.315789473684210842e-01,2.894736842105272157e-02
3.800000000000000000e+02,-7.894736842105287700e-03,2.105263157894743387e-02
3.800000000000000000e+02,2.368421052631586310e-02,4.210526315789475671e-02
3.800000000000000000e+02,3.684210526315789824e-02,7.894736842105265495e-02
3.800000000000000000e+02,5.263157894736858466e-03,7.368421052631579649e-02
3.800000000000000000e+02,4.210526315789475671e-02,7.631578947368422572e-02
3.800000000000000000e+02,1.842105263157889361e-02,3.947368421052621645e-02
3.800000000000000000e+02,3.157894736842103978e-02,7.894736842105265495e-02
3.800000000000000000e+02,4.473684210526318594e-02,1.842105263157889361e-02
3.800000000000000000e+02,7.894736842105287700e-03,5.000000000000004441e-02
3.800000000000000000e+02,2.947368421052631859e-01,4.736842105263161518e-02
3.800000000000000000e+02,-2.105263157894743387e-02,2.894736842105261054e-02
3.800000000000000000e+02,4.210526315789475671e-02,2.631578947368418131e-02
3.800000000000000000e+02,3.289473684210526550e-01,7.894736842105265495e-02
3.800000000000000000e+02,3.157894736842105088e-01,2.894736842105261054e-02
3.800000000000000000e+02,2.894736842105261054e-02,4.473684210526318594e-02
3.800000000000000000e+02,1.578947368421046438e-02,6.842105263157893802e-02
3.800000000000000000e+02,-2.105263157894732284e-02,3.947368421052632748e-02
3.800000000000000000e+02,3.157894736842103978e-02,3.684210526315789824e-02
3.800000000000000000e+02,1.842105263157889361e-02,2.631578947368418131e-02
3.800000000000000000e+02,2.368421052631575208e-02,5.263157894736847364e-02
3.800000000000000000e+02,4.473684210526318594e-02,4.210526315789475671e-02
3.800000000000000000e+02,5.789473684210522109e-02,7.631578947368422572e-02
3.800000000000000000e+02,5.263157894736836262e-02,7.368421052631579649e-02
3.800000000000000000e+02,2.710526315789473228e-01,3.157894736842103978e-02
3.800000000000000000e+02,2.894736842105261054e-02,7.105263157894736725e-02
3.800000000000000000e+02,2.631578947368418131e-02,6.315789473684207955e-02
3.800000000000000000e+02,2.894736842105261054e-02,7.105263157894736725e-02
3.800000000000000000e+02,2.631578947368429233e-03,3.947368421052632748e-02
3.800000000000000000e+02,2.368421052631575208e-02,2.105263157894732284e-02
3.800000000000000000e+02,3.157894736842103978e-02,3.947368421052632748e-02
3.800000000000000000e+02,2.842105263157894690e-01,4.999999999999993339e-02
3.800000000000000000e+02,1.315789473684214617e-02,5.789473684210533211e-02
3.800000000000000000e+02,2.368421052631575208e-02,3.684210526315789824e-02
3.800000000000000000e+02,1.842105263157900463e-02,2.368421052631575208e-02
3.800000000000000000e+02,4.736842105263161518e-02,2.368421052631575208e-02
3.800000000000000000e+02,5.263157894736858466e-03,3.157894736842103978e-02
3.800000000000000000e+02,1.315789473684214617e-02,1.052631578947371693e-02
3.800000000000000000e+02,6.052631578947376134e-02,5.526315789473690288e-02
3.800000000000000000e+02,3.447368421052631193e-01,6.842105263157893802e-02
3.800000000000000000e+02,3.421052631578946901e-02,7.368421052631579649e-02
3.800000000000000000e+02,-7.894736842105287700e-03,3.157894736842103978e-02
3.800000000000000000e+02,1.315789473684214617e-02,1.842105263157900463e-02
3.800000000000000000e+02,0.000000000000000000e+00,0.000000000000000000e+00
3.800000000000000000e+02,3.736842105263157299e-01,4.473684210526318594e-02
3.800000000000000000e+02,3.157894736842115080e-02,4.736842105263161518e-02
3.800000000000000000e+02,2.894736842105261054e-02,1.578947368421046438e-02
3.800000000000000000e+02,2.894736842105261054e-02,4.736842105263161518e-02
3.800000000000000000e+02,3.947368421052632748e-02,2.368421052631575208e-02
3.800000000000000000e+02,4.473684210526307492e-02,3.421052631578946901e-02
3.800000000000000000e+02,1.315789473684214617e-02,3.684210526315789824e-02
3.800000000000000000e+02,1.578947368421046438e-02,6.052631578947365032e-02
3.800000000000000000e+02,-1.842105263157889361e-02,5.263157894736847364e-02
3.800000000000000000e+02,2.105263157894732284e-02,4.999999999999993339e-02
3.800000000000000000e+02,-1.315789473684214617e-02,2.368421052631575208e-02
3.800000000000000000e+02,1.578947368421057540e-02,2.105263157894732284e-02
3.800000000000000000e+02,3.684210526315789824e-02,2.894736842105261054e-02
3.800000000000000000e+02,-2.631578947368429233e-03,1.842105263157889361e-02
3.800000000000000000e+02,5.263157894736858466e-03,3.684210526315789824e-02
3.800000000000000000e+02,1.315789473684203514e-02,1.052631578947371693e-02
3.800000000000000000e+02,1.578947368421046438e-02,4.210526315789475671e-02
3.800000000000000000e+02,2.894736842105261054e-02,5.789473684210522109e-02
3.800000000000000000e+02,2.710526315789474339e-01,2.894736842105272157e-02
3.800000000000000000e+02,-3.421052631578946901e-02,3.947368421052632748e-02
3.800000000000000000e+02,5.263157894736858466e-03,2.105263157894743387e-02
3.800000000000000000e+02,6.315789473684207955e-02,7.368421052631579649e-02
3.800000000000000000e+02,-3.421052631578946901e-02,2.368421052631575208e-02
3.800000000000000000e+02,2.631578947368418131e-02,4.210526315789475671e-02
3.800000000000000000e+02,1.578947368421057540e-02,6.315789473684219058e-02
3.800000000000000000e+02,7.894736842105176677e-03,3.947368421052632748e-02
3.800000000000000000e+02,2.631578947368418131e-02,3.684210526315789824e-02
3.800000000000000000e+02,3.552631578947368363e-01,2.631578947368429233e-02
3.800000000000000000e+02,2.710526315789474339e-01,3.684210526315789824e-02
3.800000000000000000e+02,1.842105263157889361e-02,3.157894736842103978e-02
3.800000000000000000e+02,2.894736842105261054e-02,5.526315789473690288e-02
3.800000000000000000e+02,5.263157894736747444e-03,5.526315789473679185e-02
3.800000000000000000e+02,1.052631578947360591e-02,3.684210526315789824e-02
3.800000000000000000e+02,3.000000000000000444e-01,1.315789473684214617e-02
3.800000000000000000e+02,3.184210526315789380e-01,4.210526315789464569e-02
3.800000000000000000e+02,2.500000000000000000e-01,8.684210526315783163e-02
3.800000000000000000e+02,1.578947368421057540e-02,8.421052631578951342e-02
3.800000000000000000e+02,2.631578947368418131e-02,5.789473684210522109e-02
3.900000000000000000e+02,1.282051282051277497e-02,1.025641025641025328e-01
3.900000000000000000e+02,-2.820512820512821595e-02,2.051282051282055097e-02
3.900000000000000000e+02,3.128205128205128194e-01,2.307692307692310596e-02
3.900000000000000000e+02,4.615384615384610090e-02,6.410256410256409687e-02
3.900000000000000000e+02,1.538461538461544098e-02,4.871794871794876691e-02
3.900000000000000000e+02,2.820512820512821595e-02,3.076923076923077094e-02
3.900000000000000000e+02,3.333333333333333703e-01,4.358974358974365693e-02
3.900000000000000000e+02,2.564102564102554993e-03,2.307692307692299494e-02
3.900000000000000000e+02,7.692307692307664979e-03,1.538461538461544098e-02
3.900000000000000000e+02,-5.128205128205109986e-03,3.846153846153843592e-02
3.900000000000000000e+02,1.282051282051277497e-02,5.384615384615387690e-02
3.900000000000000000e+02,3.076923076923077094e-02,4.871794871794865589e-02
3.900000000000000000e+02,-1.794871794871799597e-02,4.358974358974354590e-02
3.900000000000000000e+02,2.820512820512821595e-02,5.897435897435887586e-02
3.900000000000000000e+02,5.384615384615387690e-02,6.153846153846154188e-02
3.900000000000000000e+02,-2.564102564102554993e-03,1.025641025641021997e-02
3.900000000000000000e+02,3.589743589743588092e-02,3.846153846153843592e-02
3.900000000000000000e+02,3.641025641025641413e-01,5.897435897435898688e-02
3.900000000000000000e+02,5.128205128205109986e-03,2.820512820512821595e-02
3.900000000000000000e+02,5.897435897435887586e-02,7.179487179487176185e-02
3.900000000000000000e+02,4.871794871794865589e-02,2.051282051282043994e-02
3.900000000000000000e+02,2.051282051282043994e-02,3.846153846153843592e-02
3.900000000000000000e+02,1.025641025641033099e-02,5.128205128205132191e-02
3.900000000000000000e+02,5.128205128205109986e-03,3.333333333333332593e-02
3.900000000000000000e+02,1.794871794871788495e-02,3.333333333333332593e-02
3.900000000000000000e+02,-2.820512820512810492e-02,5.128205128205221008e-03
3.900000000000000000e+02,5.128205128205121088e-02,5.128205128205121088e-02
3.900000000000000000e+02,-2.564102564102554993e-03,3.589743589743588092e-02
3.900000000000000000e+02,5.128205128205221008e-03,2.820512820512821595e-02
3.900000000000000000e+02,3.333333333333332593e-02,6.410256410256409687e-02
3.900000000000000000e+02,3.846153846153843592e-02,2.564102564102566095e-02
3.900000000000000000e+02,2.820512820512821595e-02,4.102564102564099091e-02
3.900000000000000000e+02,1.538461538461532996e-02,3.076923076923077094e-02
3.900000000000000000e+02,2.974358974358974894e-01,6.410256410256409687e-02
3.900000000000000000e+02,2.564102564102554993e-03,3.076923076923077094e-02
3.900000000000000000e+02,5.384615384615376588e-02,7.948717948717942683e-02
3.900000000000000000e+02,1.794871794871799597e-02,8.717948717948720283e-02
3.900000000000000000e+02,1.794871794871799597e-02,2.820512820512821595e-02
3.900000000000000000e+02,8.205128205128198182e-02,9.999999999999997780e-02
3.900000000000000000e+02,-5.128205128205109986e-03,1.538461538461532996e-02
3.900000000000000000e+02,2.307692307692310596e-02,4.615384615384621192e-02
3.900000000000000000e+02,7.692307692307664979e-03,2.051282051282055097e-02
3.900000000000000000e+02,3.076923076923077094e-02,3.846153846153843592e-02
3.900000000000000000e+02,7.179487179487176185e-02,8.717948717948720283e-02
3.900000000000000000e+02,3.076923076923077094e-02,2.820512820512821595e-02
3.900000000000000000e+02,-5.128205128205109986e-03,1.025641025641021997e-02
3.900000000000000000e+02,0.000000000000000000e+00,2.564102564102554993e-03
3.900000000000000000e+02,7.435897435897442787e-02,8.717948717948720283e-02
3.900000000000000000e+02,4.358974358974365693e-02,1.794871794871799597e-02
3.900000000000000000e+02,2.820512820512810492e-02,2.820512820512810492e-02
3.900000000000000000e+02,-2.051282051282055097e-02,6.410256410256409687e-02
3.900000000000000000e+02,7.692307692307664979e-03,3.333333333333332593e-02
3.900000000000000000e+02,-1.794871794871799597e-02,2.051282051282055097e-02
3.900000000000000000e+02,5.128205128205109986e-03,3.076923076923077094e-02
3.900000000000000000e+02,3.102564102564102644e-01,1.025641025641033099e-02
3.900000000000000000e+02,2.564102564102566095e-02,2.564102564102566095e-02
3.900000000000000000e+02,0.000000000000000000e+00,1.282051282051277497e-02
3.900000000000000000e+02,4.358974358974365693e-02,3.846153846153854694e-02
3.900000000000000000e+02,-1.025641025641021997e-02,3.076923076923077094e-02
3.900000000000000000e+02,1.025641025641021997e-02,4.102564102564099091e-02
3.900000000000000000e+02,3.589743589743590313e-01,6.153846153846154188e-02
3.900000000000000000e+02,-2.564102564102554993e-03,4.615384615384621192e-02
3.900000000000000000e+02,-5.128205128205109986e-03,2.051282051282055097e-02
3.900000000000000000e+02,2.820512820512821595e-02,5.384615384615387690e-02
3.900000000000000000e+02,7.692307692307664979e-03,3.333333333333332593e-02
3.900000000000000000e+02,1.282051282051288599e-02,5.897435897435898688e-02
3.900000000000000000e+02,0.000000000000000000e+00,1.538461538461532996e-02
3.900000000000000000e+02,3.641025641025641413e-01,7.179487179487176185e-02
3.900000000000000000e+02,4.871794871794876691e-02,5.384615384615387690e-02
3.900000000000000000e+02,2.564102564102566095e-02,4.358974358974354590e-02
3.900000000000000000e+02,-5.128205128205109986e-03,3.589743589743588092e-02
3.900000000000000000e+02,4.871794871794865589e-02,8.205128205128198182e-02
3.900000000000000000e+02,3.641025641025641413e-01,6.410256410256409687e-02
3.900000000000000000e+02,2.487179487179486115e-01,9.999999999999997780e-02
3.900000000000000000e+02,-1.282051282051288599e-02,2.564102564102554993e-02
3.900000000000000000e+02,4.102564102564099091e-02,5.128205128205121088e-02
3.900000000000000000e+02,-1.794871794871788495e-02,0.000000000000000000e+00
3.900000000000000000e+02,-4.102564102564110193e-02,-5.128205128205221008e-03
3.900000000000000000e+02,2.307692307692310596e-02,6.410256410256409687e-02
3.900000000000000000e+02,2.820512820512821595e-02,4.102564102564099091e-02
3.900000000000000000e+02,2.820512820512821595e-02,1.794871794871788495e-02
3.900000000000000000e+02,2.051282051282055097e-02,4.615384615384621192e-02
3.900000000000000000e+02,1.282051282051288599e-02,4.615384615384621192e-02
3.900000000000000000e+02,1.282051282051277497e-02,2.564102564102554993e-02
3.900000000000000000e+02,-2.820512820512821595e-02,-7.692307692307664979e-03
3.900000000000000000e+02,-2.564102564102566095e-02,1.538461538461532996e-02
3.900000000000000000e+02,1.282051282051277497e-02,2.820512820512821595e-02
3.900000000000000000e+02,1.025641025641021997e-02,2.051282051282043994e-02
3.900000000000000000e+02,7.692307692307776001e-03,5.897435897435898688e-02
3.900000000000000000e+02,2.051282051282055097e-02,4.615384615384621192e-02
3.900000000000000000e+02,-1.025641025641033099e-02,5.128205128205109986e-03
3.900000000000000000e+02,1.025641025641021997e-02,4.615384615384610090e-02
3.900000000000000000e+02,2.051282051282055097e-02,2.307692307692310596e-02
3.900000000000000000e+02,5.128205128205109986e-03,3.076923076923077094e-02
3.900000000000000000e+02,4.102564102564099091e-02,5.641025641025643189e-02
3.900000000000000000e+02,0.000000000000000000e+00,5.641025641025643189e-02
3.900000000000000000e+02,0.000000000000000000e+00,5.384615384615376588e-02
3.900000000000000000e+02,3.846153846153843592e-02,7.692307692307687184e-02
3.900000000000000000e+02,4.358974358974365693e-02,2.564102564102566095e-02
3.900000000000000000e+02,2.820512820512821595e-02,8.461538461538464784e-02
4.000000000000000000e+02,3.500000000000000888e-01,3.000000000000002665e-02
4.000000000000000000e+02,3.399999999999999689e-01,5.749999999999999556e-02
4.000000000000000000e+02,4.749999999999998668e-02,2.250000000000007550e-02
4.000000000000000000e+02,3.400000000000000799e-01,2.250000000000007550e-02
4.000000000000000000e+02,1.750000000000007105e-02,2.749999999999996891e-02
4.000000000000000000e+02,-1.249999999999995559e-02,7.500000000000006661e-02
4.000000000000000000e+02,4.249999999999998224e-02,6.999999999999995115e-02
4.000000000000000000e+02,3.249999999999997335e-02,5.499999999999993783e-02
4.000000000000000000e+02,2.749999999999996891e-02,5.249999999999999112e-02
4.000000000000000000e+02,4.249999999999998224e-02,4.499999999999992895e-02
4.000000000000000000e+02,5.000000000000004441e-03,2.749999999999996891e-02
4.000000000000000000e+02,7.499999999999951150e-03,1.749999999999996003e-02
4.000000000000000000e+02,-1.749999999999996003e-02,2.749999999999996891e-02
4.000000000000000000e+02,7.499999999999951150e-03,4.249999999999998224e-02
4.000000000000000000e+02,2.749999999999996891e-02,3.249999999999997335e-02
4.000000000000000000e+02,1.249999999999995559e-02,4.000000000000003553e-02
4.000000000000000000e+02,1.749999999999996003e-02,3.499999999999992006e-02
4.000000000000000000e+02,3.900000000000000133e-01,3.499999999999992006e-02
4.000000000000000000e+02,0.000000000000000000e+00,3.500000000000003109e-02
4.000000000000000000e+02,4.999999999999993339e-02,5.499999999999993783e-02
4.000000000000000000e+02,3.000000000000002665e-02,1.749999999999996003e-02
4.000000000000000000e+02,3.675000000000000488e-01,3.500000000000003109e-02
4.000000000000000000e+02,9.999999999999897859e-03,5.000000000000004441e-03
4.000000000000000000e+02,1.249999999999995559e-02,2.500000000000002220e-02
4.000000000000000000e+02,-1.750000000000007105e-02,1.500000000000001332e-02
4.000000000000000000e+02,3.499999999999992006e-02,6.750000000000000444e-02
4.000000000000000000e+02,-1.000000000000000888e-02,2.999999999999991562e-02
4.000000000000000000e+02,1.500000000000001332e-02,5.499999999999993783e-02
4.000000000000000000e+02,-2.499999999999946709e-03,6.500000000000005773e-02
4.000000000000000000e+02,2.249999999999996447e-02,6.499999999999994671e-02
4.000000000000000000e+02,2.800000000000000266e-01,4.250000000000009326e-02
4.000000000000000000e+02,3.000000000000002665e-02,5.249999999999999112e-02
4.000000000000000000e+02,3.649999999999999911e-01,3.249999999999997335e-02
4.000000000000000000e+02,1.749999999999996003e-02,5.249999999999999112e-02
4.000000000000000000e+02,-1.249999999999995559e-02,4.749999999999998668e-02
4.000000000000000000e+02,1.000000000000000888e-02,1.500000000000001332e-02
4.000000000000000000e+02,2.749999999999996891e-02,3.999999999999992450e-02
4.000000000000000000e+02,2.500000000000057732e-03,3.000000000000002665e-02
4.000000000000000000e+02,1.000000000000000888e-02,4.249999999999998224e-02
4.000000000000000000e+02,5.249999999999999112e-02,5.500000000000004885e-02
4.000000000000000000e+02,1.125000000000000444e-01,3.749999999999997780e-02
4.000000000000000000e+02,2.500000000000057732e-03,4.000000000000003553e-02
4.000000000000000000e+02,1.749999999999996003e-02,4.000000000000003553e-02
4.000000000000000000e+02,4.999999999999993339e-02,7.499999999999995559e-02
4.000000000000000000e+02,7.499999999999951150e-03,7.250000000000000888e-02
4.000000000000000000e+02,5.000000000000004441e-03,5.249999999999999112e-02
4.000000000000000000e+02,-2.000000000000001776e-02,2.000000000000001776e-02
4.000000000000000000e+02,2.499999999999946709e-03,3.499999999999992006e-02
4.000000000000000000e+02,1.749999999999996003e-02,4.749999999999998668e-02
4.000000000000000000e+02,2.000000000000001776e-02,7.750000000000001332e-02
4.000000000000000000e+02,2.250000000000007550e-02,4.249999999999998224e-02
4.000000000000000000e+02,0.000000000000000000e+00,7.499999999999951150e-03
4.000000000000000000e+02,6.500000000000005773e-02,7.250000000000000888e-02
4.000000000000000000e+02,-1.500000000000001332e-02,1.499999999999990230e-02
4.000000000000000000e+02,1.999999999999990674e-02,3.499999999999992006e-02
4.000000000000000000e+02,1.000000000000000888e-02,3.000000000000002665e-02
4.000000000000000000e+02,1.249999999999995559e-02,4.249999999999998224e-02
4.000000000000000000e+02,7.250000000000000888e-02,6.999999999999995115e-02
4.000000000000000000e+02,3.249999999999997335e-02,1.000000000000000888e-02
4.000000000000000000e+02,3.324999999999999067e-01,5.499999999999993783e-02
4.000000000000000000e+02,1.500000000000001332e-02,3.000000000000002665e-02
4.000000000000000000e+02,4.000000000000003553e-02,2.749999999999996891e-02
4.000000000000000000e+02,-1.249999999999995559e-02,3.500000000000003109e-02
4.000000000000000000e+02,5.000000000000004441e-03,5.749999999999999556e-02
4.000000000000000000e+02,5.499999999999993783e-02,4.999999999999993339e-02
4.000000000000000000e+02,5.000000000000004441e-03,2.249999999999996447e-02
4.000000000000000000e+02,3.000000000000002665e-02,0.000000000000000000e+00
4.000000000000000000e+02,5.000000000000004441e-03,3.500000000000003109e-02
4.000000000000000000e+02,5.000000000000004441e-03,3.499999999999992006e-02
4.000000000000000000e+02,6.250000000000000000e-02,5.749999999999999556e-02
4.000000000000000000e+02,7.499999999999951150e-03,1.499999999999990230e-02
4.000000000000000000e+02,-1.000000000000000888e-02,1.500000000000001332e-02
4.000000000000000000e+02,2.249999999999996447e-02,4.500000000000003997e-02
4.000000000000000000e+02,3.824999999999999512e-01,7.999999999999996003e-02
4.000000000000000000e+02,1.000000000000000888e-02,2.500000000000002220e-02
4.000000000000000000e+02,3.850000000000000089e-01,5.249999999999999112e-02
4.000000000000000000e+02,-2.500000000000057732e-03,5.000000000000004441e-03
4.000000000000000000e+02,1.000000000000000888e-02,6.000000000000005329e-02
4.000000000000000000e+02,-1.749999999999996003e-02,2.750000000000007994e-02
4.000000000000000000e+02,1.750000000000007105e-02,1.000000000000000888e-02
4.000000000000000000e+02,3.699999999999999956e-01,3.499999999999992006e-02
4.000000000000000000e+02,4.500000000000003997e-02,3.750000000000008882e-02
4.000000000000000000e+02,-2.000000000000001776e-02,3.249999999999997335e-02
4.000000000000000000e+02,5.000000000000004441e-02,4.000000000000003553e-02
4.000000000000000000e+02,5.000000000000004441e-03,4.500000000000003997e-02
4.000000000000000000e+02,5.000000000000004441e-03,8.999999999999996891e-02
4.000000000000000000e+02,4.249999999999998224e-02,5.000000000000004441e-03
4.000000000000000000e+02,3.175000000000000044e-01,3.000000000000002665e-02
4.000000000000000000e+02,1.750000000000007105e-02,3.000000000000002665e-02
4.000000000000000000e+02,-1.249999999999995559e-02,3.000000000000002665e-02
4.000000000000000000e+02,3.699999999999999956e-01,1.250000000000006661e-02
4.000000000000000000e+02,7.499999999999951150e-03,6.250000000000000000e-02
4.000000000000000000e+02,1.250000000000006661e-02,3.000000000000002665e-02
4.000000000000000000e+02,1.250000000000006661e-02,2.249999999999996447e-02
4.000000000000000000e+02,9.999999999999897859e-03,2.999999999999991562e-02
4.000000000000000000e+02,1.249999999999995559e-02,8.749999999999991118e-02
4.000000000000000000e+02,3.249999999999997335e-02,2.249999999999996447e-02
4.000000000000000000e+02,-7.499999999999951150e-03,1.099999999999999867e-01
4.000000000000000000e+02,7.500000000000062172e-03,4.000000000000003553e-02
4.000000000000000000e+02,4.749999999999998668e-02,1.999999999999990674e-02
