5.000000000000000000e+01,1.899999999999999467e-01,2.000000000000001776e-02
5.000000000000000000e+01,1.700000000000000400e-01,7.000000000000006217e-02
5.000000000000000000e+01,2.500000000000000000e-01,0.000000000000000000e+00
5.000000000000000000e+01,2.100000000000000755e-01,-1.000000000000000888e-02
5.000000000000000000e+01,1.600000000000000311e-01,0.000000000000000000e+00
5.000000000000000000e+01,2.899999999999999245e-01,1.000000000000000888e-02
5.000000000000000000e+01,1.099999999999999867e-01,-1.000000000000000888e-02
5.000000000000000000e+01,1.799999999999999378e-01,0.000000000000000000e+00
5.000000000000000000e+01,1.800000000000000488e-01,-9.999999999999897859e-03
5.000000000000000000e+01,1.500000000000000222e-01,4.000000000000003553e-02
5.000000000000000000e+01,1.199999999999999956e-01,5.000000000000004441e-02
5.000000000000000000e+01,1.099999999999999867e-01,1.000000000000000888e-02
5.000000000000000000e+01,2.600000000000000089e-01,0.000000000000000000e+00
5.000000000000000000e+01,1.600000000000000311e-01,0.000000000000000000e+00
5.000000000000000000e+01,2.600000000000000089e-01,0.000000000000000000e+00
5.000000000000000000e+01,1.500000000000000222e-01,-1.000000000000000888e-02
5.000000000000000000e+01,2.099999999999999645e-01,0.000000000000000000e+00
5.000000000000000000e+01,1.599999999999999201e-01,0.000000000000000000e+00
5.000000000000000000e+01,2.500000000000000000e-01,4.000000000000003553e-02
5.000000000000000000e+01,1.700000000000000400e-01,0.000000000000000000e+00
5.000000000000000000e+01,2.899999999999999245e-01,-1.000000000000000888e-02
5.000000000000000000e+01,8.000000000000007105e-02,0.000000000000000000e+00
5.000000000000000000e+01,1.500000000000000222e-01,0.000000000000000000e+00
5.000000000000000000e+01,2.200000000000000844e-01,4.000000000000003553e-02
5.000000000000000000e+01,1.800000000000000488e-01,1.000000000000000888e-02
5.000000000000000000e+01,3.000000000000000444e-01,0.000000000000000000e+00
5.000000000000000000e+01,2.100000000000000755e-01,0.000000000000000000e+00
5.000000000000000000e+01,1.400000000000000133e-01,1.000000000000000888e-02
5.000000000000000000e+01,1.700000000000000400e-01,6.000000000000005329e-02
5.000000000000000000e+01,1.800000000000000488e-01,0.000000000000000000e+00
5.000000000000000000e+01,2.399999999999999911e-01,1.000000000000000888e-02
5.000000000000000000e+01,1.699999999999999289e-01,4.999999999999993339e-02
5.000000000000000000e+01,9.999999999999997780e-02,1.999999999999990674e-02
5.000000000000000000e+01,1.900000000000000577e-01,0.000000000000000000e+00
5.000000000000000000e+01,1.300000000000000044e-01,3.000000000000002665e-02
5.000000000000000000e+01,2.199999999999999734e-01,-1.000000000000000888e-02
5.000000000000000000e+01,1.600000000000000311e-01,0.000000000000000000e+00
5.000000000000000000e+01,1.399999999999999023e-01,1.999999999999990674e-02
5.000000000000000000e+01,1.700000000000000400e-01,0.000000000000000000e+00
5.000000000000000000e+01,2.099999999999999645e-01,1.000000000000000888e-02
5.000000000000000000e+01,1.300000000000000044e-01,3.999999999999992450e-02
5.000000000000000000e+01,1.199999999999999956e-01,1.000000000000000888e-02
5.000000000000000000e+01,2.299999999999999822e-01,1.000000000000000888e-02
5.000000000000000000e+01,9.999999999999997780e-02,-2.000000000000001776e-02
5.000000000000000000e+01,1.800000000000000488e-01,4.000000000000003553e-02
5.000000000000000000e+01,8.000000000000007105e-02,1.000000000000000888e-02
5.000000000000000000e+01,1.999999999999999556e-01,0.000000000000000000e+00
5.000000000000000000e+01,2.500000000000000000e-01,0.000000000000000000e+00
5.000000000000000000e+01,2.500000000000000000e-01,3.000000000000002665e-02
5.000000000000000000e+01,2.199999999999999734e-01,1.000000000000000888e-02
5.000000000000000000e+01,2.500000000000000000e-01,1.000000000000000888e-02
5.000000000000000000e+01,1.500000000000000222e-01,-2.000000000000001776e-02
5.000000000000000000e+01,1.400000000000000133e-01,-3.999999999999992450e-02
5.000000000000000000e+01,1.800000000000000488e-01,1.000000000000000888e-02
5.000000000000000000e+01,2.199999999999999734e-01,0.000000000000000000e+00
5.000000000000000000e+01,2.000000000000000666e-01,1.000000000000000888e-02
5.000000000000000000e+01,1.800000000000000488e-01,-3.000000000000002665e-02
5.000000000000000000e+01,1.000000000000000888e-01,3.000000000000002665e-02
5.000000000000000000e+01,2.600000000000000089e-01,4.999999999999993339e-02
5.000000000000000000e+01,2.500000000000000000e-01,0.000000000000000000e+00
5.000000000000000000e+01,2.600000000000000089e-01,0.000000000000000000e+00
5.000000000000000000e+01,2.199999999999999734e-01,0.000000000000000000e+00
5.000000000000000000e+01,2.600000000000000089e-01,0.000000000000000000e+00
5.000000000000000000e+01,1.899999999999999467e-01,2.000000000000001776e-02
5.000000000000000000e+01,1.899999999999999467e-01,1.000000000000000888e-02
5.000000000000000000e+01,2.300000000000000933e-01,-1.000000000000000888e-02
5.000000000000000000e+01,2.399999999999999911e-01,0.000000000000000000e+00
5.000000000000000000e+01,2.700000000000000178e-01,1.000000000000000888e-02
5.000000000000000000e+01,1.999999999999999556e-01,0.000000000000000000e+00
5.000000000000000000e+01,1.399999999999999023e-01,0.000000000000000000e+00
5.000000000000000000e+01,2.399999999999999911e-01,0.000000000000000000e+00
5.000000000000000000e+01,2.000000000000000666e-01,0.000000000000000000e+00
5.000000000000000000e+01,2.100000000000000755e-01,1.000000000000000888e-02
5.000000000000000000e+01,2.500000000000000000e-01,-1.000000000000000888e-02
5.000000000000000000e+01,2.800000000000000266e-01,2.000000000000001776e-02
5.000000000000000000e+01,1.400000000000000133e-01,4.000000000000003553e-02
5.000000000000000000e+01,9.999999999999997780e-02,0.000000000000000000e+00
5.000000000000000000e+01,1.300000000000000044e-01,7.999999999999996003e-02
5.000000000000000000e+01,1.700000000000000400e-01,0.000000000000000000e+00
5.000000000000000000e+01,7.999999999999996003e-02,1.999999999999990674e-02
5.000000000000000000e+01,2.399999999999999911e-01,0.000000000000000000e+00
5.000000000000000000e+01,1.800000000000000488e-01,3.000000000000002665e-02
5.000000000000000000e+01,1.500000000000000222e-01,0.000000000000000000e+00
5.000000000000000000e+01,1.999999999999999556e-01,-1.000000000000000888e-02
5.000000000000000000e+01,2.500000000000000000e-01,0.000000000000000000e+00
5.000000000000000000e+01,2.500000000000000000e-01,1.000000000000000888e-02
5.000000000000000000e+01,1.799999999999999378e-01,9.999999999999897859e-03
5.000000000000000000e+01,1.500000000000000222e-01,0.000000000000000000e+00
5.000000000000000000e+01,1.599999999999999201e-01,0.000000000000000000e+00
5.000000000000000000e+01,2.700000000000000178e-01,1.000000000000000888e-02
5.000000000000000000e+01,2.000000000000000666e-01,0.000000000000000000e+00
5.000000000000000000e+01,2.099999999999999645e-01,-1.000000000000000888e-02
5.000000000000000000e+01,2.199999999999999734e-01,2.999999999999991562e-02
5.000000000000000000e+01,2.500000000000000000e-01,1.000000000000000888e-02
5.000000000000000000e+01,9.999999999999997780e-02,0.000000000000000000e+00
5.000000000000000000e+01,1.300000000000000044e-01,1.999999999999990674e-02
5.000000000000000000e+01,2.100000000000000755e-01,0.000000000000000000e+00
5.000000000000000000e+01,1.500000000000000222e-01,7.000000000000006217e-02
5.000000000000000000e+01,2.299999999999999822e-01,-2.999999999999991562e-02
5.000000000000000000e+01,2.800000000000000266e-01,1.000000000000000888e-02
5.500000000000000000e+01,2.727272727272727071e-01,1.818181818181818787e-02
5.500000000000000000e+01,1.818181818181817677e-01,0.000000000000000000e+00
5.500000000000000000e+01,2.545454545454546302e-01,0.000000000000000000e+00
5.500000000000000000e+01,2.727272727272728181e-01,1.818181818181818787e-02
5.500000000000000000e+01,1.090909090909091272e-01,-1.818181818181818787e-02
5.500000000000000000e+01,2.909090909090908950e-01,4.545454545454541417e-02
5.500000000000000000e+01,1.454545454545453920e-01,0.000000000000000000e+00
5.500000000000000000e+01,2.454545454545454808e-01,9.090909090909149448e-03
5.500000000000000000e+01,1.363636363636363535e-01,0.000000000000000000e+00
5.500000000000000000e+01,2.272727272727272929e-01,2.727272727272733732e-02
5.500000000000000000e+01,3.000000000000000444e-01,0.000000000000000000e+00
5.500000000000000000e+01,8.181818181818178992e-02,0.000000000000000000e+00
5.500000000000000000e+01,1.272727272727273151e-01,-1.818181818181818787e-02
5.500000000000000000e+01,1.909090909090909172e-01,2.727272727272722630e-02
5.500000000000000000e+01,1.363636363636363535e-01,0.000000000000000000e+00
5.500000000000000000e+01,2.181818181818182545e-01,9.090909090909149448e-03
5.500000000000000000e+01,1.909090909090909172e-01,1.818181818181818787e-02
5.500000000000000000e+01,1.818181818181818787e-01,0.000000000000000000e+00
5.500000000000000000e+01,1.727272727272727293e-01,9.090909090909038426e-03
5.500000000000000000e+01,1.818181818181817677e-01,1.818181818181818787e-02
5.500000000000000000e+01,2.454545454545454808e-01,9.090909090909149448e-03
5.500000000000000000e+01,2.454545454545454808e-01,9.090909090909038426e-03
5.500000000000000000e+01,6.363636363636360205e-02,9.090909090909038426e-03
5.500000000000000000e+01,2.454545454545453698e-01,0.000000000000000000e+00
5.500000000000000000e+01,2.090909090909091050e-01,0.000000000000000000e+00
5.500000000000000000e+01,1.909090909090909172e-01,0.000000000000000000e+00
5.500000000000000000e+01,2.727272727272727071e-01,9.090909090909038426e-03
5.500000000000000000e+01,5.454545454545456362e-02,-9.090909090909038426e-03
5.500000000000000000e+01,1.727272727272727293e-01,9.090909090909038426e-03
5.500000000000000000e+01,2.272727272727272929e-01,0.000000000000000000e+00
5.500000000000000000e+01,9.999999999999997780e-02,0.000000000000000000e+00
5.500000000000000000e+01,1.636363636363635798e-01,9.090909090909038426e-03
5.500000000000000000e+01,2.000000000000000666e-01,-9.090909090909038426e-03
5.500000000000000000e+01,2.181818181818182545e-01,2.727272727272733732e-02
5.500000000000000000e+01,2.000000000000000666e-01,1.818181818181818787e-02
5.500000000000000000e+01,2.090909090909091050e-01,-9.090909090909149448e-03
5.500000000000000000e+01,1.727272727272727293e-01,0.000000000000000000e+00
5.500000000000000000e+01,1.636363636363635798e-01,9.090909090909038426e-03
5.500000000000000000e+01,1.454545454545453920e-01,1.818181818181818787e-02
5.500000000000000000e+01,5.454545454545456362e-02,0.000000000000000000e+00
5.500000000000000000e+01,2.727272727272727071e-01,0.000000000000000000e+00
5.500000000000000000e+01,2.272727272727272929e-01,9.090909090909038426e-03
5.500000000000000000e+01,1.090909090909091272e-01,0.000000000000000000e+00
5.500000000000000000e+01,1.090909090909091272e-01,9.090909090909149448e-03
5.500000000000000000e+01,2.090909090909091050e-01,2.727272727272733732e-02
5.500000000000000000e+01,1.909090909090908061e-01,2.727272727272722630e-02
5.500000000000000000e+01,2.272727272727272929e-01,1.818181818181818787e-02
5.500000000000000000e+01,1.636363636363636909e-01,0.000000000000000000e+00
5.500000000000000000e+01,8.181818181818178992e-02,1.818181818181818787e-02
5.500000000000000000e+01,3.181818181818181213e-01,0.000000000000000000e+00
5.500000000000000000e+01,2.454545454545453698e-01,9.090909090909038426e-03
5.500000000000000000e+01,1.181818181818181657e-01,2.727272727272722630e-02
5.500000000000000000e+01,2.000000000000000666e-01,0.000000000000000000e+00
5.500000000000000000e+01,2.818181818181818565e-01,0.000000000000000000e+00
5.500000000000000000e+01,1.545454545454545414e-01,0.000000000000000000e+00
5.500000000000000000e+01,1.727272727272727293e-01,9.090909090909038426e-03
5.500000000000000000e+01,1.727272727272727293e-01,-1.818181818181818787e-02
5.500000000000000000e+01,2.454545454545454808e-01,-1.818181818181818787e-02
5.500000000000000000e+01,2.090909090909091050e-01,0.000000000000000000e+00
5.500000000000000000e+01,1.999999999999999556e-01,9.090909090909038426e-03
5.500000000000000000e+01,1.545454545454545414e-01,0.000000000000000000e+00
5.500000000000000000e+01,1.727272727272727293e-01,9.090909090909038426e-03
5.500000000000000000e+01,3.090909090909090828e-01,9.090909090909038426e-03
5.500000000000000000e+01,1.636363636363636909e-01,-9.090909090909038426e-03
5.500000000000000000e+01,2.636363636363636687e-01,9.090909090909149448e-03
5.500000000000000000e+01,1.999999999999999556e-01,0.000000000000000000e+00
5.500000000000000000e+01,1.636363636363635798e-01,0.000000000000000000e+00
5.500000000000000000e+01,1.909090909090909172e-01,1.818181818181818787e-02
5.500000000000000000e+01,2.636363636363636687e-01,9.090909090909038426e-03
5.500000000000000000e+01,2.090909090909089940e-01,9.090909090909038426e-03
5.500000000000000000e+01,7.272727272727275150e-02,-9.090909090909149448e-03
5.500000000000000000e+01,2.454545454545454808e-01,9.090909090909149448e-03
5.500000000000000000e+01,2.818181818181817455e-01,2.727272727272722630e-02
5.500000000000000000e+01,2.999999999999999334e-01,9.090909090909038426e-03
5.500000000000000000e+01,2.727272727272728181e-01,7.272727272727275150e-02
5.500000000000000000e+01,2.000000000000000666e-01,0.000000000000000000e+00
5.500000000000000000e+01,1.545454545454545414e-01,0.000000000000000000e+00
5.500000000000000000e+01,2.545454545454545192e-01,0.000000000000000000e+00
5.500000000000000000e+01,1.909090909090909172e-01,0.000000000000000000e+00
5.500000000000000000e+01,2.545454545454545192e-01,7.272727272727275150e-02
5.500000000000000000e+01,2.181818181818181435e-01,0.000000000000000000e+00
5.500000000000000000e+01,1.545454545454545414e-01,-9.090909090909038426e-03
5.500000000000000000e+01,2.090909090909091050e-01,0.000000000000000000e+00
5.500000000000000000e+01,2.090909090909091050e-01,1.818181818181818787e-02
5.500000000000000000e+01,1.454545454545455030e-01,1.818181818181818787e-02
5.500000000000000000e+01,1.727272727272727293e-01,1.818181818181818787e-02
5.500000000000000000e+01,1.454545454545453920e-01,0.000000000000000000e+00
5.500000000000000000e+01,1.636363636363635798e-01,4.545454545454541417e-02
5.500000000000000000e+01,1.545454545454545414e-01,9.090909090909038426e-03
5.500000000000000000e+01,1.272727272727273151e-01,3.636363636363637575e-02
5.500000000000000000e+01,2.272727272727272929e-01,1.818181818181818787e-02
5.500000000000000000e+01,2.454545454545454808e-01,0.000000000000000000e+00
5.500000000000000000e+01,9.090909090909038426e-03,3.636363636363637575e-02
5.500000000000000000e+01,2.818181818181818565e-01,2.727272727272733732e-02
5.500000000000000000e+01,2.272727272727272929e-01,2.727272727272722630e-02
5.500000000000000000e+01,2.454545454545454808e-01,1.818181818181818787e-02
5.500000000000000000e+01,2.454545454545453698e-01,0.000000000000000000e+00
5.500000000000000000e+01,1.909090909090909172e-01,2.727272727272722630e-02
5.500000000000000000e+01,2.909090909090908950e-01,-1.818181818181818787e-02
5.500000000000000000e+01,1.999999999999999556e-01,1.818181818181818787e-02
6.000000000000000000e+01,2.416666666666666963e-01,1.666666666666660745e-02
6.000000000000000000e+01,2.249999999999999778e-01,1.666666666666671848e-02
6.000000000000000000e+01,2.166666666666666741e-01,2.500000000000002220e-02
6.000000000000000000e+01,2.333333333333333925e-01,0.000000000000000000e+00
6.000000000000000000e+01,1.666666666666667407e-01,1.666666666666671848e-02
6.000000000000000000e+01,1.999999999999999556e-01,-1.666666666666671848e-02
6.000000000000000000e+01,2.416666666666666963e-01,1.666666666666671848e-02
6.000000000000000000e+01,1.999999999999999556e-01,-1.666666666666671848e-02
6.000000000000000000e+01,1.583333333333333259e-01,0.000000000000000000e+00
6.000000000000000000e+01,3.333333333333332593e-02,1.666666666666671848e-02
6.000000000000000000e+01,1.750000000000000444e-01,0.000000000000000000e+00
6.000000000000000000e+01,1.750000000000000444e-01,0.000000000000000000e+00
6.000000000000000000e+01,2.000000000000000666e-01,0.000000000000000000e+00
6.000000000000000000e+01,1.666666666666666297e-01,-8.333333333333303727e-03
6.000000000000000000e+01,8.333333333333303727e-03,0.000000000000000000e+00
6.000000000000000000e+01,2.500000000000000000e-01,6.666666666666665186e-02
6.000000000000000000e+01,1.583333333333334370e-01,8.333333333333414750e-03
6.000000000000000000e+01,1.583333333333333259e-01,-8.333333333333303727e-03
6.000000000000000000e+01,2.583333333333334147e-01,-1.666666666666660745e-02
6.000000000000000000e+01,1.833333333333333481e-01,-8.333333333333303727e-03
6.000000000000000000e+01,1.416666666666666075e-01,2.500000000000002220e-02
6.000000000000000000e+01,2.166666666666666741e-01,-8.333333333333303727e-03
6.000000000000000000e+01,1.916666666666666519e-01,-8.333333333333303727e-03
6.000000000000000000e+01,1.833333333333333481e-01,-8.333333333333303727e-03
6.000000000000000000e+01,2.000000000000000666e-01,0.000000000000000000e+00
6.000000000000000000e+01,2.666666666666667185e-01,8.333333333333303727e-03
6.000000000000000000e+01,-8.333333333333303727e-03,-1.666666666666660745e-02
6.000000000000000000e+01,2.583333333333333037e-01,-1.666666666666671848e-02
6.000000000000000000e+01,2.666666666666666075e-01,0.000000000000000000e+00
6.000000000000000000e+01,1.333333333333334147e-01,-1.666666666666660745e-02
6.000000000000000000e+01,2.416666666666666963e-01,-8.333333333333303727e-03
6.000000000000000000e+01,2.166666666666666741e-01,0.000000000000000000e+00
6.000000000000000000e+01,1.666666666666666297e-01,4.166666666666662966e-02
6.000000000000000000e+01,8.333333333333337034e-02,1.666666666666671848e-02
6.000000000000000000e+01,1.916666666666666519e-01,1.666666666666671848e-02
6.000000000000000000e+01,2.083333333333333703e-01,0.000000000000000000e+00
6.000000000000000000e+01,2.500000000000000000e-01,4.166666666666674068e-02
6.000000000000000000e+01,3.250000000000000666e-01,1.666666666666671848e-02
6.000000000000000000e+01,2.750000000000000222e-01,8.333333333333303727e-03
6.000000000000000000e+01,2.500000000000000000e-01,-8.333333333333414750e-03
6.000000000000000000e+01,2.500000000000000000e-01,2.500000000000002220e-02
6.000000000000000000e+01,2.500000000000000000e-01,2.500000000000002220e-02
6.000000000000000000e+01,1.749999999999999334e-01,8.333333333333303727e-03
6.000000000000000000e+01,2.666666666666666075e-01,1.666666666666660745e-02
6.000000000000000000e+01,-5.000000000000004441e-02,0.000000000000000000e+00
6.000000000000000000e+01,2.500000000000000000e-01,-8.333333333333303727e-03
6.000000000000000000e+01,2.333333333333333925e-01,3.333333333333332593e-02
6.000000000000000000e+01,8.333333333333337034e-02,0.000000000000000000e+00
6.000000000000000000e+01,2.500000000000000000e-01,4.999999999999993339e-02
6.000000000000000000e+01,8.333333333333337034e-02,4.166666666666674068e-02
6.000000000000000000e+01,2.333333333333332815e-01,8.333333333333303727e-03
6.000000000000000000e+01,2.333333333333333925e-01,-8.333333333333303727e-03
6.000000000000000000e+01,2.166666666666666741e-01,6.666666666666665186e-02
6.000000000000000000e+01,2.083333333333333703e-01,0.000000000000000000e+00
6.000000000000000000e+01,2.500000000000000000e-01,3.333333333333332593e-02
6.000000000000000000e+01,1.500000000000000222e-01,8.333333333333303727e-03
6.000000000000000000e+01,2.166666666666666741e-01,3.333333333333332593e-02
6.000000000000000000e+01,2.250000000000000888e-01,1.666666666666671848e-02
6.000000000000000000e+01,2.083333333333333703e-01,0.000000000000000000e+00
6.000000000000000000e+01,1.833333333333333481e-01,2.500000000000002220e-02
6.000000000000000000e+01,1.583333333333333259e-01,0.000000000000000000e+00
6.000000000000000000e+01,9.166666666666667407e-02,0.000000000000000000e+00
6.000000000000000000e+01,1.083333333333332815e-01,1.666666666666660745e-02
6.000000000000000000e+01,2.416666666666666963e-01,2.500000000000002220e-02
6.000000000000000000e+01,1.000000000000000888e-01,8.333333333333414750e-03
6.000000000000000000e+01,1.750000000000000444e-01,1.666666666666671848e-02
6.000000000000000000e+01,2.249999999999999778e-01,0.000000000000000000e+00
6.000000000000000000e+01,2.249999999999999778e-01,8.333333333333303727e-03
6.000000000000000000e+01,3.166666666666666519e-01,1.666666666666660745e-02
6.000000000000000000e+01,1.583333333333334370e-01,-8.333333333333303727e-03
6.000000000000000000e+01,2.083333333333332593e-01,8.333333333333303727e-03
6.000000000000000000e+01,1.416666666666667185e-01,0.000000000000000000e+00
6.000000000000000000e+01,1.916666666666666519e-01,8.333333333333303727e-03
6.000000000000000000e+01,1.166666666666665853e-01,0.000000000000000000e+00
6.000000000000000000e+01,1.749999999999999334e-01,-8.333333333333414750e-03
6.000000000000000000e+01,2.249999999999999778e-01,8.333333333333303727e-03
6.000000000000000000e+01,2.583333333333333037e-01,5.000000000000004441e-02
6.000000000000000000e+01,1.916666666666666519e-01,0.000000000000000000e+00
6.000000000000000000e+01,2.749999999999999112e-01,-1.666666666666671848e-02
6.000000000000000000e+01,1.749999999999999334e-01,-1.666666666666671848e-02
6.000000000000000000e+01,1.583333333333333259e-01,0.000000000000000000e+00
6.000000000000000000e+01,2.416666666666665853e-01,4.999999999999993339e-02
6.000000000000000000e+01,1.999999999999999556e-01,-8.333333333333303727e-03
6.000000000000000000e+01,2.333333333333332815e-01,5.833333333333334814e-02
6.000000000000000000e+01,2.916666666666667407e-01,5.000000000000004441e-02
6.000000000000000000e+01,1.666666666666667407e-01,-8.333333333333303727e-03
6.000000000000000000e+01,2.916666666666666297e-01,1.666666666666671848e-02
6.000000000000000000e+01,2.999999999999999334e-01,1.666666666666660745e-02
6.000000000000000000e+01,2.083333333333333703e-01,0.000000000000000000e+00
6.000000000000000000e+01,2.000000000000000666e-01,0.000000000000000000e+00
6.000000000000000000e+01,2.500000000000000000e-01,1.666666666666671848e-02
6.000000000000000000e+01,1.416666666666667185e-01,0.000000000000000000e+00
6.000000000000000000e+01,9.999999999999997780e-02,0.000000000000000000e+00
6.000000000000000000e+01,2.833333333333333259e-01,0.000000000000000000e+00
6.000000000000000000e+01,1.666666666666666297e-01,-8.333333333333303727e-03
6.000000000000000000e+01,2.416666666666666963e-01,0.000000000000000000e+00
6.000000000000000000e+01,2.333333333333333925e-01,0.000000000000000000e+00
6.000000000000000000e+01,1.416666666666667185e-01,0.000000000000000000e+00
6.000000000000000000e+01,2.916666666666666297e-01,2.500000000000002220e-02
6.000000000000000000e+01,3.333333333333332593e-02,0.000000000000000000e+00
6.500000000000000000e+01,2.384615384615385025e-01,3.076923076923077094e-02
6.500000000000000000e+01,1.769230769230769607e-01,7.692307692307776001e-03
6.500000000000000000e+01,2.769230769230769384e-01,0.000000000000000000e+00
6.500000000000000000e+01,1.153846153846154188e-01,7.692307692307664979e-03
6.500000000000000000e+01,1.692307692307691847e-01,1.538461538461532996e-02
6.500000000000000000e+01,2.615384615384616085e-01,5.384615384615387690e-02
6.500000000000000000e+01,1.230769230769230838e-01,7.692307692307776001e-03
6.500000000000000000e+01,2.615384615384616085e-01,0.000000000000000000e+00
6.500000000000000000e+01,1.153846153846154188e-01,7.692307692307664979e-03
6.500000000000000000e+01,2.615384615384616085e-01,0.000000000000000000e+00
6.500000000000000000e+01,1.769230769230769607e-01,0.000000000000000000e+00
6.500000000000000000e+01,1.153846153846154188e-01,1.538461538461532996e-02
6.500000000000000000e+01,1.769230769230768496e-01,0.000000000000000000e+00
6.500000000000000000e+01,2.076923076923077316e-01,1.538461538461544098e-02
6.500000000000000000e+01,2.153846153846153966e-01,2.307692307692299494e-02
6.500000000000000000e+01,2.615384615384616085e-01,1.538461538461544098e-02
6.500000000000000000e+01,1.615384615384616307e-01,1.538461538461544098e-02
6.500000000000000000e+01,1.923076923076924016e-01,-7.692307692307664979e-03
6.500000000000000000e+01,1.692307692307692957e-01,3.076923076923077094e-02
6.500000000000000000e+01,7.692307692307776001e-03,-7.692307692307664979e-03
6.500000000000000000e+01,1.384615384615385247e-01,0.000000000000000000e+00
6.500000000000000000e+01,-3.076923076923077094e-02,-7.692307692307664979e-03
6.500000000000000000e+01,2.230769230769230616e-01,-1.538461538461532996e-02
6.500000000000000000e+01,1.846153846153846256e-01,2.307692307692310596e-02
6.500000000000000000e+01,2.307692307692308376e-01,3.076923076923077094e-02
6.500000000000000000e+01,1.461538461538461897e-01,7.692307692307664979e-03
6.500000000000000000e+01,1.846153846153846256e-01,4.615384615384621192e-02
6.500000000000000000e+01,1.692307692307692957e-01,1.538461538461544098e-02
6.500000000000000000e+01,2.615384615384614975e-01,-7.692307692307664979e-03
6.500000000000000000e+01,1.615384615384616307e-01,7.692307692307776001e-03
6.500000000000000000e+01,2.692307692307691624e-01,0.000000000000000000e+00
6.500000000000000000e+01,1.615384615384615197e-01,5.384615384615376588e-02
6.500000000000000000e+01,2.076923076923077316e-01,0.000000000000000000e+00
6.500000000000000000e+01,2.538461538461538325e-01,7.692307692307664979e-03
6.500000000000000000e+01,2.384615384615383915e-01,0.000000000000000000e+00
6.500000000000000000e+01,2.076923076923077316e-01,1.538461538461544098e-02
6.500000000000000000e+01,1.384615384615384137e-01,-7.692307692307776001e-03
6.500000000000000000e+01,2.923076923076922684e-01,0.000000000000000000e+00
6.500000000000000000e+01,1.461538461538461897e-01,0.000000000000000000e+00
6.500000000000000000e+01,2.461538461538461675e-01,0.000000000000000000e+00
6.500000000000000000e+01,-6.923076923076920686e-02,0.000000000000000000e+00
6.500000000000000000e+01,2.538461538461539435e-01,2.307692307692310596e-02
6.500000000000000000e+01,1.538461538461538547e-01,-1.538461538461544098e-02
6.500000000000000000e+01,1.769230769230769607e-01,0.000000000000000000e+00
6.500000000000000000e+01,2.461538461538461675e-01,6.153846153846154188e-02
6.500000000000000000e+01,2.615384615384614975e-01,7.692307692307664979e-03
6.500000000000000000e+01,2.769230769230769384e-01,0.000000000000000000e+00
6.500000000000000000e+01,1.769230769230768496e-01,-7.692307692307776001e-03
6.500000000000000000e+01,1.538461538461538547e-01,7.692307692307664979e-03
6.500000000000000000e+01,-1.538461538461544098e-02,7.692307692307664979e-03
6.500000000000000000e+01,2.076923076923076206e-01,1.538461538461532996e-02
6.500000000000000000e+01,2.230769230769231726e-01,0.000000000000000000e+00
6.500000000000000000e+01,1.999999999999999556e-01,0.000000000000000000e+00
6.500000000000000000e+01,1.384615384615384137e-01,0.000000000000000000e+00
6.500000000000000000e+01,2.076923076923077316e-01,1.538461538461544098e-02
6.500000000000000000e+01,2.538461538461538325e-01,-1.538461538461532996e-02
6.500000000000000000e+01,2.692307692307692735e-01,7.692307692307664979e-03
6.500000000000000000e+01,1.615384615384615197e-01,0.000000000000000000e+00
6.500000000000000000e+01,2.538461538461538325e-01,2.307692307692299494e-02
6.500000000000000000e+01,1.615384615384615197e-01,0.000000000000000000e+00
6.500000000000000000e+01,2.461538461538461675e-01,1.538461538461532996e-02
6.500000000000000000e+01,1.538461538461538547e-01,7.692307692307664979e-03
6.500000000000000000e+01,6.153846153846154188e-02,7.692307692307664979e-03
6.500000000000000000e+01,1.846153846153846256e-01,5.384615384615387690e-02
6.500000000000000000e+01,1.769230769230769607e-01,0.000000000000000000e+00
6.500000000000000000e+01,-5.384615384615376588e-02,0.000000000000000000e+00
6.500000000000000000e+01,2.461538461538461675e-01,-7.692307692307664979e-03
6.500000000000000000e+01,1.461538461538461897e-01,7.692307692307664979e-03
6.500000000000000000e+01,1.923076923076922906e-01,0.000000000000000000e+00
6.500000000000000000e+01,1.769230769230769607e-01,0.000000000000000000e+00
6.500000000000000000e+01,2.923076923076923794e-01,2.307692307692310596e-02
6.500000000000000000e+01,1.615384615384616307e-01,-1.538461538461532996e-02
6.500000000000000000e+01,1.461538461538460787e-01,2.307692307692299494e-02
6.500000000000000000e+01,2.461538461538461675e-01,-7.692307692307664979e-03
6.500000000000000000e+01,1.307692307692307487e-01,0.000000000000000000e+00
6.500000000000000000e+01,1.307692307692307487e-01,0.000000000000000000e+00
6.500000000000000000e+01,2.307692307692310596e-02,-1.538461538461544098e-02
6.500000000000000000e+01,1.307692307692307487e-01,7.692307692307664979e-03
6.500000000000000000e+01,2.384615384615385025e-01,-7.692307692307664979e-03
6.500000000000000000e+01,1.846153846153846256e-01,-7.692307692307664979e-03
6.500000000000000000e+01,-7.692307692307776001e-03,0.000000000000000000e+00
6.500000000000000000e+01,1.923076923076922906e-01,1.538461538461544098e-02
6.500000000000000000e+01,1.538461538461538547e-01,3.076923076923077094e-02
6.500000000000000000e+01,2.538461538461538325e-01,3.076923076923077094e-02
6.500000000000000000e+01,3.307692307692307043e-01,7.692307692307687184e-02
6.500000000000000000e+01,1.923076923076922906e-01,0.000000000000000000e+00
6.500000000000000000e+01,8.461538461538464784e-02,0.000000000000000000e+00
6.500000000000000000e+01,1.153846153846154188e-01,0.000000000000000000e+00
6.500000000000000000e+01,2.307692307692308376e-01,-1.538461538461532996e-02
6.500000000000000000e+01,1.692307692307691847e-01,0.000000000000000000e+00
6.500000000000000000e+01,1.769230769230769607e-01,3.076923076923077094e-02
6.500000000000000000e+01,-7.692307692307664979e-03,3.076923076923077094e-02
6.500000000000000000e+01,2.692307692307692735e-01,1.538461538461544098e-02
6.500000000000000000e+01,1.307692307692308598e-01,3.076923076923077094e-02
6.500000000000000000e+01,2.307692307692307265e-01,1.538461538461532996e-02
6.500000000000000000e+01,1.999999999999999556e-01,0.000000000000000000e+00
6.500000000000000000e+01,1.461538461538461897e-01,-7.692307692307664979e-03
6.500000000000000000e+01,1.538461538461538547e-01,7.692307692307664979e-03
6.500000000000000000e+01,1.538461538461538547e-01,0.000000000000000000e+00
6.500000000000000000e+01,1.692307692307691847e-01,1.538461538461532996e-02
7.000000000000000000e+01,2.071428571428571841e-01,2.857142857142858094e-02
7.000000000000000000e+01,-1.428571428571434598e-02,1.428571428571423496e-02
7.000000000000000000e+01,1.500000000000000222e-01,7.142857142857117481e-03
7.000000000000000000e+01,2.214285714285714191e-01,7.142857142857117481e-03
7.000000000000000000e+01,1.928571428571428381e-01,2.142857142857135244e-02
7.000000000000000000e+01,-7.857142857142851433e-02,7.142857142857117481e-03
7.000000000000000000e+01,1.928571428571428381e-01,7.142857142857117481e-03
7.000000000000000000e+01,0.000000000000000000e+00,-1.428571428571434598e-02
7.000000000000000000e+01,1.214285714285714413e-01,1.428571428571434598e-02
7.000000000000000000e+01,1.571428571428571397e-01,7.142857142857117481e-03
7.000000000000000000e+01,1.642857142857142572e-01,1.428571428571423496e-02
7.000000000000000000e+01,1.285714285714285587e-01,0.000000000000000000e+00
7.000000000000000000e+01,2.285714285714286476e-01,7.142857142857228503e-03
7.000000000000000000e+01,1.714285714285713746e-01,7.142857142857117481e-03
7.000000000000000000e+01,1.857142857142857206e-01,0.000000000000000000e+00
7.000000000000000000e+01,1.642857142857143682e-01,2.857142857142858094e-02
7.000000000000000000e+01,2.285714285714286476e-01,0.000000000000000000e+00
7.000000000000000000e+01,2.142857142857143016e-01,1.428571428571423496e-02
7.000000000000000000e+01,-7.142857142857228503e-03,2.142857142857135244e-02
7.000000000000000000e+01,2.071428571428571841e-01,-7.142857142857117481e-03
7.000000000000000000e+01,7.142857142857117481e-03,-7.142857142857117481e-03
7.000000000000000000e+01,2.500000000000000000e-01,0.000000000000000000e+00
7.000000000000000000e+01,2.500000000000000000e-01,4.285714285714281591e-02
7.000000000000000000e+01,1.357142857142856762e-01,1.428571428571423496e-02
7.000000000000000000e+01,2.571428571428571175e-01,0.000000000000000000e+00
7.000000000000000000e+01,2.714285714285713524e-01,7.142857142857117481e-03
7.000000000000000000e+01,1.714285714285714857e-01,2.857142857142858094e-02
7.000000000000000000e+01,1.857142857142857206e-01,-7.142857142857117481e-03
7.000000000000000000e+01,1.214285714285714413e-01,0.000000000000000000e+00
7.000000000000000000e+01,-4.285714285714292693e-02,1.428571428571423496e-02
7.000000000000000000e+01,1.785714285714286031e-01,2.142857142857146346e-02
7.000000000000000000e+01,2.642857142857143460e-01,7.142857142857228503e-03
7.000000000000000000e+01,7.857142857142851433e-02,-1.428571428571434598e-02
7.000000000000000000e+01,2.428571428571428825e-01,2.142857142857146346e-02
7.000000000000000000e+01,2.214285714285714191e-01,0.000000000000000000e+00
7.000000000000000000e+01,1.714285714285714857e-01,-7.142857142857117481e-03
7.000000000000000000e+01,1.928571428571428381e-01,9.285714285714286031e-02
7.000000000000000000e+01,-4.999999999999993339e-02,0.000000000000000000e+00
7.000000000000000000e+01,2.500000000000000000e-01,2.857142857142858094e-02
7.000000000000000000e+01,2.357142857142856540e-01,0.000000000000000000e+00
7.000000000000000000e+01,2.857142857142856984e-01,0.000000000000000000e+00
7.000000000000000000e+01,2.428571428571427715e-01,1.428571428571423496e-02
7.000000000000000000e+01,2.285714285714285365e-01,1.428571428571423496e-02
7.000000000000000000e+01,1.785714285714286031e-01,0.000000000000000000e+00
7.000000000000000000e+01,2.357142857142856540e-01,1.428571428571423496e-02
7.000000000000000000e+01,1.428571428571427937e-01,0.000000000000000000e+00
7.000000000000000000e+01,1.214285714285714413e-01,-7.142857142857117481e-03
7.000000000000000000e+01,1.928571428571428381e-01,7.142857142857117481e-03
7.000000000000000000e+01,0.000000000000000000e+00,7.142857142857117481e-03
7.000000000000000000e+01,1.857142857142857206e-01,2.142857142857146346e-02
7.000000000000000000e+01,1.785714285714286031e-01,7.142857142857228503e-03
7.000000000000000000e+01,2.071428571428571841e-01,0.000000000000000000e+00
7.000000000000000000e+01,3.285714285714286254e-01,6.428571428571427937e-02
7.000000000000000000e+01,1.357142857142856762e-01,0.000000000000000000e+00
7.000000000000000000e+01,1.214285714285714413e-01,0.000000000000000000e+00
7.000000000000000000e+01,2.071428571428571841e-01,0.000000000000000000e+00
7.000000000000000000e+01,2.071428571428571841e-01,8.571428571428574283e-02
7.000000000000000000e+01,-7.142857142857117481e-03,1.428571428571423496e-02
7.000000000000000000e+01,1.928571428571428381e-01,2.142857142857146346e-02
7.000000000000000000e+01,1.928571428571428381e-01,7.142857142857117481e-03
7.000000000000000000e+01,2.285714285714286476e-01,7.142857142857228503e-03
7.000000000000000000e+01,1.214285714285714413e-01,0.000000000000000000e+00
7.000000000000000000e+01,1.285714285714285587e-01,0.000000000000000000e+00
7.000000000000000000e+01,2.428571428571428825e-01,1.428571428571434598e-02
7.000000000000000000e+01,1.857142857142857206e-01,0.000000000000000000e+00
7.000000000000000000e+01,2.428571428571427715e-01,1.428571428571423496e-02
7.000000000000000000e+01,1.785714285714284921e-01,7.142857142857117481e-03
7.000000000000000000e+01,2.142857142857143016e-01,2.857142857142858094e-02
7.000000000000000000e+01,8.571428571428563181e-02,7.142857142857117481e-03
7.000000000000000000e+01,2.214285714285714191e-01,2.142857142857146346e-02
7.000000000000000000e+01,2.571428571428571175e-01,7.142857142857117481e-03
7.000000000000000000e+01,1.928571428571428381e-01,2.142857142857146346e-02
7.000000000000000000e+01,2.500000000000000000e-01,1.428571428571434598e-02
7.000000000000000000e+01,1.428571428571429047e-01,0.000000000000000000e+00
7.000000000000000000e+01,1.285714285714286698e-01,-7.142857142857117481e-03
7.000000000000000000e+01,1.642857142857142572e-01,1.428571428571434598e-02
7.000000000000000000e+01,1.571428571428571397e-01,7.142857142857228503e-03
7.000000000000000000e+01,2.428571428571428825e-01,5.000000000000004441e-02
7.000000000000000000e+01,1.285714285714286698e-01,1.428571428571434598e-02
7.000000000000000000e+01,9.999999999999997780e-02,1.428571428571423496e-02
7.000000000000000000e+01,2.285714285714285365e-01,1.428571428571423496e-02
7.000000000000000000e+01,1.285714285714285587e-01,1.428571428571423496e-02
7.000000000000000000e+01,-3.571428571428569843e-02,-7.142857142857117481e-03
7.000000000000000000e+01,1.642857142857142572e-01,7.142857142857117481e-03
7.000000000000000000e+01,1.500000000000000222e-01,2.142857142857146346e-02
7.000000000000000000e+01,2.142857142857143016e-01,0.000000000000000000e+00
7.000000000000000000e+01,2.142857142857143016e-01,2.142857142857146346e-02
7.000000000000000000e+01,1.500000000000000222e-01,0.000000000000000000e+00
7.000000000000000000e+01,1.999999999999999556e-01,0.000000000000000000e+00
7.000000000000000000e+01,2.000000000000000666e-01,5.000000000000004441e-02
7.000000000000000000e+01,1.285714285714286698e-01,0.000000000000000000e+00
7.000000000000000000e+01,2.214285714285714191e-01,0.000000000000000000e+00
7.000000000000000000e+01,1.071428571428572063e-01,0.000000000000000000e+00
7.000000000000000000e+01,2.714285714285714635e-01,0.000000000000000000e+00
7.000000000000000000e+01,1.642857142857142572e-01,7.142857142857117481e-03
7.000000000000000000e+01,2.428571428571428825e-01,3.571428571428569843e-02
7.000000000000000000e+01,1.428571428571427937e-01,7.142857142857117481e-03
7.000000000000000000e+01,3.071428571428571619e-01,1.428571428571423496e-02
7.000000000000000000e+01,1.571428571428571397e-01,1.428571428571423496e-02
7.000000000000000000e+01,2.642857142857142350e-01,0.000000000000000000e+00
7.500000000000000000e+01,2.533333333333332993e-01,6.666666666666598573e-03
7.500000000000000000e+01,2.933333333333333348e-01,1.333333333333341919e-02
7.500000000000000000e+01,3.333333333333333703e-01,3.333333333333332593e-02
7.500000000000000000e+01,1.866666666666666474e-01,0.000000000000000000e+00
7.500000000000000000e+01,2.666666666666667185e-01,0.000000000000000000e+00
7.500000000000000000e+01,1.733333333333333393e-01,0.000000000000000000e+00
7.500000000000000000e+01,2.066666666666666652e-01,2.000000000000001776e-02
7.500000000000000000e+01,1.666666666666666297e-01,4.000000000000003553e-02
7.500000000000000000e+01,2.000000000000000666e-01,1.333333333333330817e-02
7.500000000000000000e+01,1.866666666666666474e-01,0.000000000000000000e+00
7.500000000000000000e+01,2.733333333333333171e-01,6.666666666666598573e-03
7.500000000000000000e+01,1.666666666666666297e-01,-6.666666666666709595e-03
7.500000000000000000e+01,1.600000000000000311e-01,6.666666666666598573e-03
7.500000000000000000e+01,2.800000000000000266e-01,-6.666666666666709595e-03
7.500000000000000000e+01,1.600000000000000311e-01,0.000000000000000000e+00
7.500000000000000000e+01,1.133333333333332860e-01,6.666666666666598573e-03
7.500000000000000000e+01,2.000000000000000666e-01,0.000000000000000000e+00
7.500000000000000000e+01,2.800000000000000266e-01,-6.666666666666709595e-03
7.500000000000000000e+01,1.199999999999999956e-01,3.333333333333332593e-02
7.500000000000000000e+01,1.866666666666666474e-01,6.666666666666598573e-03
7.500000000000000000e+01,6.666666666666709595e-03,-6.666666666666598573e-03
7.500000000000000000e+01,2.266666666666666829e-01,1.333333333333330817e-02
7.500000000000000000e+01,1.333333333333341919e-02,2.666666666666672736e-02
7.500000000000000000e+01,1.600000000000000311e-01,6.666666666666709595e-03
7.500000000000000000e+01,2.333333333333333925e-01,0.000000000000000000e+00
7.500000000000000000e+01,0.000000000000000000e+00,6.666666666666598573e-03
7.500000000000000000e+01,2.666666666666661634e-02,3.999999999999992450e-02
7.500000000000000000e+01,-1.333333333333330817e-02,0.000000000000000000e+00
7.500000000000000000e+01,1.866666666666666474e-01,6.666666666666598573e-03
7.500000000000000000e+01,1.733333333333333393e-01,3.333333333333332593e-02
7.500000000000000000e+01,1.799999999999999378e-01,2.666666666666661634e-02
7.500000000000000000e+01,1.999999999999999556e-01,1.333333333333330817e-02
7.500000000000000000e+01,3.333333333333332593e-02,1.999999999999990674e-02
7.500000000000000000e+01,1.933333333333333570e-01,2.666666666666672736e-02
7.500000000000000000e+01,2.399999999999999911e-01,1.333333333333330817e-02
7.500000000000000000e+01,2.466666666666667007e-01,6.666666666666709595e-03
7.500000000000000000e+01,2.066666666666666652e-01,6.666666666666709595e-03
7.500000000000000000e+01,1.733333333333333393e-01,0.000000000000000000e+00
7.500000000000000000e+01,2.133333333333332638e-01,0.000000000000000000e+00
7.500000000000000000e+01,1.800000000000000488e-01,2.000000000000001776e-02
7.500000000000000000e+01,2.733333333333334281e-01,3.333333333333332593e-02
7.500000000000000000e+01,1.800000000000000488e-01,0.000000000000000000e+00
7.500000000000000000e+01,2.466666666666665897e-01,6.666666666666598573e-03
7.500000000000000000e+01,2.533333333333332993e-01,0.000000000000000000e+00
7.500000000000000000e+01,6.666666666666665186e-02,6.666666666666709595e-03
7.500000000000000000e+01,1.466666666666666119e-01,6.666666666666598573e-03
7.500000000000000000e+01,7.999999999999996003e-02,0.000000000000000000e+00
7.500000000000000000e+01,1.866666666666667584e-01,0.000000000000000000e+00
7.500000000000000000e+01,-2.666666666666661634e-02,1.333333333333341919e-02
7.500000000000000000e+01,7.999999999999996003e-02,-6.666666666666709595e-03
7.500000000000000000e+01,1.600000000000000311e-01,-1.333333333333330817e-02
7.500000000000000000e+01,2.733333333333333171e-01,-6.666666666666709595e-03
7.500000000000000000e+01,-9.333333333333326820e-02,6.666666666666709595e-03
7.500000000000000000e+01,1.133333333333332860e-01,-6.666666666666709595e-03
7.500000000000000000e+01,2.533333333333332993e-01,0.000000000000000000e+00
7.500000000000000000e+01,1.466666666666667229e-01,0.000000000000000000e+00
7.500000000000000000e+01,1.933333333333332460e-01,2.666666666666661634e-02
7.500000000000000000e+01,1.733333333333333393e-01,6.666666666666598573e-03
7.500000000000000000e+01,2.466666666666667007e-01,0.000000000000000000e+00
7.500000000000000000e+01,1.533333333333333215e-01,2.666666666666661634e-02
7.500000000000000000e+01,2.333333333333332815e-01,0.000000000000000000e+00
7.500000000000000000e+01,2.199999999999999734e-01,0.000000000000000000e+00
7.500000000000000000e+01,2.466666666666667007e-01,3.333333333333332593e-02
7.500000000000000000e+01,1.666666666666666297e-01,3.333333333333332593e-02
7.500000000000000000e+01,1.933333333333333570e-01,0.000000000000000000e+00
7.500000000000000000e+01,-7.999999999999996003e-02,1.333333333333330817e-02
7.500000000000000000e+01,2.199999999999999734e-01,0.000000000000000000e+00
7.500000000000000000e+01,2.933333333333333348e-01,0.000000000000000000e+00
7.500000000000000000e+01,1.933333333333333570e-01,6.666666666666598573e-03
7.500000000000000000e+01,1.933333333333333570e-01,-1.333333333333330817e-02
7.500000000000000000e+01,1.666666666666667407e-01,1.333333333333330817e-02
7.500000000000000000e+01,3.266666666666667718e-01,0.000000000000000000e+00
7.500000000000000000e+01,2.533333333333334103e-01,4.000000000000003553e-02
7.500000000000000000e+01,1.466666666666667229e-01,0.000000000000000000e+00
7.500000000000000000e+01,3.000000000000000444e-01,9.333333333333337922e-02
7.500000000000000000e+01,1.733333333333333393e-01,6.666666666666598573e-03
7.500000000000000000e+01,2.333333333333332815e-01,-2.000000000000001776e-02
7.500000000000000000e+01,1.800000000000000488e-01,6.666666666666709595e-03
7.500000000000000000e+01,1.199999999999999956e-01,1.333333333333341919e-02
7.500000000000000000e+01,2.466666666666667007e-01,1.333333333333330817e-02
7.500000000000000000e+01,2.866666666666666252e-01,0.000000000000000000e+00
7.500000000000000000e+01,2.733333333333333171e-01,3.999999999999992450e-02
7.500000000000000000e+01,1.733333333333333393e-01,0.000000000000000000e+00
7.500000000000000000e+01,2.133333333333333748e-01,6.666666666666709595e-03
7.500000000000000000e+01,9.333333333333326820e-02,0.000000000000000000e+00
7.500000000000000000e+01,1.266666666666667052e-01,6.666666666666709595e-03
7.500000000000000000e+01,1.466666666666667229e-01,1.333333333333341919e-02
7.500000000000000000e+01,3.266666666666666607e-01,6.666666666666598573e-03
7.500000000000000000e+01,-2.000000000000001776e-02,-6.666666666666709595e-03
7.500000000000000000e+01,1.933333333333333570e-01,6.666666666666709595e-03
7.500000000000000000e+01,-3.333333333333332593e-02,0.000000000000000000e+00
7.500000000000000000e+01,2.600000000000000089e-01,1.333333333333341919e-02
7.500000000000000000e+01,2.199999999999999734e-01,-6.666666666666709595e-03
7.500000000000000000e+01,2.199999999999999734e-01,0.000000000000000000e+00
7.500000000000000000e+01,6.666666666666598573e-03,2.666666666666661634e-02
7.500000000000000000e+01,2.133333333333333748e-01,-1.333333333333330817e-02
7.500000000000000000e+01,8.000000000000007105e-02,1.333333333333341919e-02
7.500000000000000000e+01,2.533333333333332993e-01,3.333333333333332593e-02
7.500000000000000000e+01,-8.666666666666666963e-02,6.666666666666598573e-03
7.500000000000000000e+01,2.133333333333333748e-01,6.666666666666709595e-03
8.000000000000000000e+01,2.999999999999999334e-01,0.000000000000000000e+00
8.000000000000000000e+01,2.625000000000000666e-01,1.250000000000006661e-02
8.000000000000000000e+01,1.125000000000000444e-01,6.249999999999977796e-03
8.000000000000000000e+01,3.312499999999999334e-01,0.000000000000000000e+00
8.000000000000000000e+01,-3.749999999999997780e-02,0.000000000000000000e+00
8.000000000000000000e+01,2.062499999999999334e-01,1.249999999999995559e-02
8.000000000000000000e+01,2.062499999999999334e-01,0.000000000000000000e+00
8.000000000000000000e+01,7.500000000000006661e-02,1.250000000000006661e-02
8.000000000000000000e+01,2.749999999999999112e-01,0.000000000000000000e+00
8.000000000000000000e+01,2.687499999999999334e-01,1.249999999999995559e-02
8.000000000000000000e+01,1.999999999999999556e-01,-6.249999999999977796e-03
8.000000000000000000e+01,2.187500000000000000e-01,3.125000000000000000e-02
8.000000000000000000e+01,-1.875000000000004441e-02,0.000000000000000000e+00
8.000000000000000000e+01,2.187500000000000000e-01,6.249999999999977796e-03
8.000000000000000000e+01,8.750000000000002220e-02,-6.249999999999977796e-03
8.000000000000000000e+01,2.312500000000000666e-01,0.000000000000000000e+00
8.000000000000000000e+01,-2.500000000000002220e-02,-6.249999999999977796e-03
8.000000000000000000e+01,2.437500000000000222e-01,3.125000000000000000e-02
8.000000000000000000e+01,0.000000000000000000e+00,0.000000000000000000e+00
8.000000000000000000e+01,0.000000000000000000e+00,1.874999999999993339e-02
8.000000000000000000e+01,2.062499999999999334e-01,0.000000000000000000e+00
8.000000000000000000e+01,-6.250000000000088818e-03,0.000000000000000000e+00
8.000000000000000000e+01,1.937499999999999778e-01,0.000000000000000000e+00
8.000000000000000000e+01,3.312499999999999334e-01,1.249999999999995559e-02
8.000000000000000000e+01,2.062499999999999334e-01,0.000000000000000000e+00
8.000000000000000000e+01,2.437499999999999112e-01,-6.250000000000088818e-03
8.000000000000000000e+01,2.874999999999999778e-01,1.875000000000004441e-02
8.000000000000000000e+01,-6.250000000000000000e-02,0.000000000000000000e+00
8.000000000000000000e+01,2.187500000000000000e-01,6.249999999999977796e-03
8.000000000000000000e+01,-4.374999999999995559e-02,1.875000000000004441e-02
8.000000000000000000e+01,2.062500000000000444e-01,-6.249999999999977796e-03
8.000000000000000000e+01,1.250000000000000000e-01,0.000000000000000000e+00
8.000000000000000000e+01,2.124999999999999112e-01,-6.250000000000088818e-03
8.000000000000000000e+01,1.562500000000000000e-01,-1.874999999999993339e-02
8.000000000000000000e+01,-1.000000000000000888e-01,-1.250000000000006661e-02
8.000000000000000000e+01,2.562499999999999778e-01,1.250000000000006661e-02
8.000000000000000000e+01,1.875000000000000000e-01,-6.249999999999977796e-03
8.000000000000000000e+01,1.812500000000000222e-01,0.000000000000000000e+00
8.000000000000000000e+01,2.062499999999999334e-01,0.000000000000000000e+00
8.000000000000000000e+01,2.437500000000000222e-01,-6.249999999999977796e-03
8.000000000000000000e+01,2.687500000000000444e-01,0.000000000000000000e+00
8.000000000000000000e+01,1.687499999999999556e-01,1.249999999999995559e-02
8.000000000000000000e+01,0.000000000000000000e+00,1.875000000000004441e-02
8.000000000000000000e+01,2.937500000000000666e-01,0.000000000000000000e+00
8.000000000000000000e+01,1.687499999999999556e-01,0.000000000000000000e+00
8.000000000000000000e+01,2.187500000000000000e-01,0.000000000000000000e+00
8.000000000000000000e+01,-6.250000000000000000e-02,-6.249999999999977796e-03
8.000000000000000000e+01,2.500000000000002220e-02,7.499999999999995559e-02
8.000000000000000000e+01,1.562500000000000000e-01,6.250000000000088818e-03
8.000000000000000000e+01,1.812499999999999112e-01,0.000000000000000000e+00
8.000000000000000000e+01,2.500000000000002220e-02,6.249999999999977796e-03
8.000000000000000000e+01,2.312499999999999556e-01,0.000000000000000000e+00
8.000000000000000000e+01,2.124999999999999112e-01,1.874999999999993339e-02
8.000000000000000000e+01,2.374999999999999334e-01,-6.250000000000088818e-03
8.000000000000000000e+01,1.937499999999999778e-01,-1.249999999999995559e-02
8.000000000000000000e+01,1.624999999999999778e-01,0.000000000000000000e+00
8.000000000000000000e+01,2.999999999999999334e-01,1.874999999999993339e-02
8.000000000000000000e+01,2.125000000000000222e-01,1.874999999999993339e-02
8.000000000000000000e+01,9.999999999999997780e-02,-1.249999999999995559e-02
8.000000000000000000e+01,1.312499999999999778e-01,0.000000000000000000e+00
8.000000000000000000e+01,2.562499999999999778e-01,1.250000000000006661e-02
8.000000000000000000e+01,6.249999999999977796e-03,6.249999999999977796e-03
8.000000000000000000e+01,2.624999999999999556e-01,1.249999999999995559e-02
8.000000000000000000e+01,1.562500000000000000e-01,6.249999999999977796e-03
8.000000000000000000e+01,1.125000000000000444e-01,-6.249999999999977796e-03
8.000000000000000000e+01,1.812500000000000222e-01,2.500000000000002220e-02
8.000000000000000000e+01,2.062499999999999334e-01,6.249999999999977796e-03
8.000000000000000000e+01,1.250000000000000000e-01,-1.875000000000004441e-02
8.000000000000000000e+01,2.375000000000000444e-01,3.125000000000000000e-02
8.000000000000000000e+01,1.937499999999999778e-01,6.249999999999977796e-03
8.000000000000000000e+01,1.749999999999999334e-01,1.249999999999995559e-02
8.000000000000000000e+01,2.500000000000000000e-01,0.000000000000000000e+00
8.000000000000000000e+01,-4.374999999999995559e-02,1.875000000000004441e-02
8.000000000000000000e+01,-1.250000000000006661e-02,1.249999999999995559e-02
8.000000000000000000e+01,2.437500000000000222e-01,0.000000000000000000e+00
8.000000000000000000e+01,2.125000000000000222e-01,0.000000000000000000e+00
8.000000000000000000e+01,1.999999999999999556e-01,6.249999999999977796e-03
8.000000000000000000e+01,2.749999999999999112e-01,2.499999999999991118e-02
8.000000000000000000e+01,2.062499999999999334e-01,0.000000000000000000e+00
8.000000000000000000e+01,1.687499999999999556e-01,-6.250000000000088818e-03
8.000000000000000000e+01,-6.874999999999997780e-02,0.000000000000000000e+00
8.000000000000000000e+01,1.624999999999999778e-01,3.125000000000000000e-02
8.000000000000000000e+01,2.000000000000000666e-01,3.125000000000000000e-02
8.000000000000000000e+01,2.187500000000000000e-01,1.249999999999995559e-02
8.000000000000000000e+01,2.500000000000000000e-01,3.125000000000000000e-02
8.000000000000000000e+01,-1.249999999999995559e-02,6.249999999999977796e-03
8.000000000000000000e+01,1.187499999999999112e-01,3.125000000000000000e-02
8.000000000000000000e+01,1.812499999999999112e-01,1.874999999999993339e-02
8.000000000000000000e+01,2.499999999999991118e-02,0.000000000000000000e+00
8.000000000000000000e+01,2.249999999999999778e-01,1.875000000000004441e-02
8.000000000000000000e+01,2.500000000000002220e-02,2.500000000000002220e-02
8.000000000000000000e+01,2.062500000000000444e-01,-6.249999999999977796e-03
8.000000000000000000e+01,2.437500000000000222e-01,0.000000000000000000e+00
8.000000000000000000e+01,-5.000000000000004441e-02,0.000000000000000000e+00
8.000000000000000000e+01,1.249999999999995559e-02,0.000000000000000000e+00
8.000000000000000000e+01,1.875000000000000000e-01,0.000000000000000000e+00
8.000000000000000000e+01,2.437500000000000222e-01,3.749999999999997780e-02
8.000000000000000000e+01,2.687499999999999334e-01,-6.249999999999977796e-03
8.000000000000000000e+01,2.750000000000000222e-01,-6.249999999999977796e-03
8.000000000000000000e+01,1.875000000000000000e-01,0.000000000000000000e+00
8.500000000000000000e+01,2.705882352941176849e-01,0.000000000000000000e+00
8.500000000000000000e+01,1.411764705882352366e-01,5.882352941176449690e-03
8.500000000000000000e+01,-4.117647058823525885e-02,-5.882352941176449690e-03
8.500000000000000000e+01,1.882352941176470562e-01,1.176470588235289938e-02
8.500000000000000000e+01,1.294117647058823373e-01,-5.882352941176560712e-03
8.500000000000000000e+01,1.294117647058823373e-01,1.176470588235289938e-02
8.500000000000000000e+01,2.352941176470590978e-02,1.764705882352946009e-02
8.500000000000000000e+01,2.235294117647058654e-01,3.529411764705880916e-02
8.500000000000000000e+01,2.176470588235294157e-01,0.000000000000000000e+00
8.500000000000000000e+01,2.529411764705882248e-01,-1.176470588235301040e-02
8.500000000000000000e+01,1.647058823529411464e-01,0.000000000000000000e+00
8.500000000000000000e+01,2.176470588235294157e-01,5.294117647058826925e-02
8.500000000000000000e+01,-6.470588235294116863e-02,1.176470588235289938e-02
8.500000000000000000e+01,1.999999999999999556e-01,5.882352941176449690e-03
8.500000000000000000e+01,2.529411764705882248e-01,3.529411764705880916e-02
8.500000000000000000e+01,-4.705882352941170854e-02,0.000000000000000000e+00
8.500000000000000000e+01,1.176470588235289938e-02,4.117647058823525885e-02
8.500000000000000000e+01,1.235294117647058876e-01,0.000000000000000000e+00
8.500000000000000000e+01,1.764705882352941568e-01,1.176470588235301040e-02
8.500000000000000000e+01,5.882352941176449690e-03,5.882352941176449690e-03
8.500000000000000000e+01,2.058823529411764053e-01,5.882352941176449690e-03
8.500000000000000000e+01,2.705882352941175739e-01,0.000000000000000000e+00
8.500000000000000000e+01,1.705882352941177071e-01,0.000000000000000000e+00
8.500000000000000000e+01,2.823529411764705843e-01,1.764705882352934907e-02
8.500000000000000000e+01,2.352941176470590978e-02,-5.882352941176449690e-03
8.500000000000000000e+01,-1.764705882352946009e-02,0.000000000000000000e+00
8.500000000000000000e+01,2.588235294117646745e-01,1.176470588235289938e-02
8.500000000000000000e+01,1.470588235294117974e-01,0.000000000000000000e+00
8.500000000000000000e+01,2.117647058823529660e-01,-5.882352941176449690e-03
8.500000000000000000e+01,2.235294117647058654e-01,0.000000000000000000e+00
8.500000000000000000e+01,2.411764705882353255e-01,5.882352941176449690e-03
8.500000000000000000e+01,2.058823529411765163e-01,5.882352941176560712e-03
8.500000000000000000e+01,1.882352941176470562e-01,5.882352941176449690e-03
8.500000000000000000e+01,8.823529411764707842e-02,1.764705882352934907e-02
8.500000000000000000e+01,2.529411764705882248e-01,1.176470588235289938e-02
8.500000000000000000e+01,1.176470588235301040e-02,0.000000000000000000e+00
8.500000000000000000e+01,2.588235294117646745e-01,2.941176470588235947e-02
8.500000000000000000e+01,1.294117647058823373e-01,1.176470588235289938e-02
8.500000000000000000e+01,2.294117647058823151e-01,5.882352941176449690e-03
8.500000000000000000e+01,2.117647058823529660e-01,2.352941176470590978e-02
8.500000000000000000e+01,2.529411764705882248e-01,1.176470588235289938e-02
8.500000000000000000e+01,2.235294117647058654e-01,0.000000000000000000e+00
8.500000000000000000e+01,4.705882352941181956e-02,1.176470588235301040e-02
8.500000000000000000e+01,1.941176470588235059e-01,0.000000000000000000e+00
8.500000000000000000e+01,5.882352941176449690e-03,5.882352941176449690e-03
8.500000000000000000e+01,-4.705882352941181956e-02,5.882352941176449690e-03
8.500000000000000000e+01,1.411764705882353477e-01,1.764705882352946009e-02
8.500000000000000000e+01,-3.529411764705880916e-02,5.882352941176449690e-03
8.500000000000000000e+01,3.117647058823529438e-01,5.882352941176449690e-03
8.500000000000000000e+01,9.999999999999997780e-02,0.000000000000000000e+00
8.500000000000000000e+01,2.764705882352941346e-01,2.352941176470590978e-02
8.500000000000000000e+01,2.058823529411765163e-01,-5.882352941176449690e-03
8.500000000000000000e+01,2.823529411764705843e-01,1.176470588235289938e-02
8.500000000000000000e+01,1.941176470588236169e-01,-1.764705882352934907e-02
8.500000000000000000e+01,1.294117647058824483e-01,4.705882352941181956e-02
8.500000000000000000e+01,-1.764705882352934907e-02,5.882352941176449690e-03
8.500000000000000000e+01,1.764705882352941568e-01,2.941176470588235947e-02
8.500000000000000000e+01,2.058823529411764053e-01,0.000000000000000000e+00
8.500000000000000000e+01,-1.176470588235289938e-02,2.941176470588235947e-02
8.500000000000000000e+01,1.705882352941175961e-01,5.882352941176449690e-03
8.500000000000000000e+01,1.176470588235294379e-01,0.000000000000000000e+00
8.500000000000000000e+01,2.058823529411764053e-01,0.000000000000000000e+00
8.500000000000000000e+01,2.470588235294116641e-01,4.705882352941170854e-02
8.500000000000000000e+01,2.235294117647058654e-01,1.764705882352946009e-02
8.500000000000000000e+01,1.764705882352941568e-01,0.000000000000000000e+00
8.500000000000000000e+01,2.764705882352941346e-01,0.000000000000000000e+00
8.500000000000000000e+01,2.882352941176470340e-01,3.529411764705880916e-02
8.500000000000000000e+01,2.235294117647058654e-01,1.176470588235289938e-02
8.500000000000000000e+01,2.235294117647058654e-01,5.882352941176449690e-03
8.500000000000000000e+01,5.882352941176449690e-03,5.882352941176449690e-03
8.500000000000000000e+01,2.058823529411765163e-01,-5.882352941176449690e-03
8.500000000000000000e+01,1.411764705882353477e-01,1.176470588235289938e-02
8.500000000000000000e+01,2.470588235294116641e-01,5.882352941176449690e-03
8.500000000000000000e+01,1.941176470588235059e-01,5.882352941176449690e-03
8.500000000000000000e+01,-1.764705882352946009e-02,-5.882352941176449690e-03
8.500000000000000000e+01,-2.352941176470579876e-02,0.000000000000000000e+00
8.500000000000000000e+01,2.176470588235294157e-01,1.176470588235301040e-02
8.500000000000000000e+01,2.352941176470590978e-02,1.176470588235289938e-02
8.500000000000000000e+01,2.117647058823529660e-01,0.000000000000000000e+00
8.500000000000000000e+01,2.176470588235293047e-01,0.000000000000000000e+00
8.500000000000000000e+01,2.823529411764705843e-01,-5.882352941176560712e-03
8.500000000000000000e+01,2.411764705882352144e-01,4.705882352941170854e-02
8.500000000000000000e+01,2.352941176470587648e-01,5.882352941176449690e-03
8.500000000000000000e+01,5.294117647058815823e-02,2.941176470588224845e-02
8.500000000000000000e+01,1.999999999999999556e-01,0.000000000000000000e+00
8.500000000000000000e+01,1.823529411764706065e-01,5.882352941176449690e-03
8.500000000000000000e+01,1.588235294117646967e-01,-5.882352941176449690e-03
8.500000000000000000e+01,2.117647058823529660e-01,5.882352941176449690e-03
8.500000000000000000e+01,-4.117647058823525885e-02,0.000000000000000000e+00
8.500000000000000000e+01,2.470588235294117752e-01,-5.882352941176449690e-03
8.500000000000000000e+01,-2.352941176470590978e-02,1.176470588235301040e-02
8.500000000000000000e+01,1.705882352941175961e-01,-5.882352941176449690e-03
8.500000000000000000e+01,2.352941176470588758e-01,5.882352941176449690e-03
8.500000000000000000e+01,-3.529411764705892018e-02,0.000000000000000000e+00
8.500000000000000000e+01,2.352941176470590978e-02,3.529411764705880916e-02
8.500000000000000000e+01,0.000000000000000000e+00,0.000000000000000000e+00
8.500000000000000000e+01,2.352941176470587648e-01,3.529411764705880916e-02
8.500000000000000000e+01,2.235294117647058654e-01,-1.176470588235289938e-02
8.500000000000000000e+01,-1.764705882352934907e-02,5.882352941176560712e-03
8.500000000000000000e+01,-6.470588235294116863e-02,0.000000000000000000e+00
9.000000000000000000e+01,2.833333333333333259e-01,0.000000000000000000e+00
9.000000000000000000e+01,1.944444444444444198e-01,0.000000000000000000e+00
9.000000000000000000e+01,2.000000000000000666e-01,1.666666666666671848e-02
9.000000000000000000e+01,2.833333333333333259e-01,0.000000000000000000e+00
9.000000000000000000e+01,1.444444444444444864e-01,0.000000000000000000e+00
9.000000000000000000e+01,2.666666666666666075e-01,1.111111111111107164e-02
9.000000000000000000e+01,2.222222222222222099e-01,1.666666666666671848e-02
9.000000000000000000e+01,-1.111111111111107164e-02,5.555555555555535818e-03
9.000000000000000000e+01,1.777777777777778123e-01,3.333333333333332593e-02
9.000000000000000000e+01,-6.111111111111111605e-02,0.000000000000000000e+00
9.000000000000000000e+01,2.111111111111111382e-01,1.666666666666671848e-02
9.000000000000000000e+01,1.111111111111118266e-02,1.666666666666671848e-02
9.000000000000000000e+01,2.111111111111111382e-01,5.555555555555535818e-03
9.000000000000000000e+01,-5.555555555555546920e-02,0.000000000000000000e+00
9.000000000000000000e+01,1.444444444444444864e-01,0.000000000000000000e+00
9.000000000000000000e+01,2.666666666666666075e-01,1.666666666666660745e-02
9.000000000000000000e+01,2.277777777777777457e-01,0.000000000000000000e+00
9.000000000000000000e+01,-3.333333333333332593e-02,-5.555555555555535818e-03
9.000000000000000000e+01,-2.777777777777779011e-02,0.000000000000000000e+00
9.000000000000000000e+01,1.500000000000000222e-01,2.222222222222225430e-02
9.000000000000000000e+01,1.611111111111110938e-01,1.111111111111107164e-02
9.000000000000000000e+01,1.722222222222221655e-01,1.111111111111107164e-02
9.000000000000000000e+01,-2.777777777777779011e-02,5.555555555555535818e-03
9.000000000000000000e+01,-2.222222222222214327e-02,1.666666666666671848e-02
9.000000000000000000e+01,-5.555555555555546920e-02,0.000000000000000000e+00
9.000000000000000000e+01,-5.555555555555646841e-03,-5.555555555555646841e-03
9.000000000000000000e+01,2.555555555555555358e-01,4.444444444444439757e-02
9.000000000000000000e+01,1.944444444444444198e-01,1.111111111111118266e-02
9.000000000000000000e+01,0.000000000000000000e+00,1.666666666666671848e-02
9.000000000000000000e+01,2.555555555555555358e-01,5.555555555555535818e-03
9.000000000000000000e+01,-4.444444444444439757e-02,0.000000000000000000e+00
9.000000000000000000e+01,-5.555555555555546920e-02,0.000000000000000000e+00
9.000000000000000000e+01,2.055555555555554914e-01,0.000000000000000000e+00
9.000000000000000000e+01,2.777777777777777901e-01,4.444444444444439757e-02
9.000000000000000000e+01,2.555555555555556468e-01,2.222222222222225430e-02
9.000000000000000000e+01,2.555555555555555358e-01,5.555555555555535818e-03
9.000000000000000000e+01,3.000000000000000444e-01,0.000000000000000000e+00
9.000000000000000000e+01,2.388888888888889284e-01,1.111111111111107164e-02
9.000000000000000000e+01,3.055555555555555802e-01,5.555555555555535818e-03
9.000000000000000000e+01,1.388888888888889506e-01,-5.555555555555535818e-03
9.000000000000000000e+01,2.888888888888888618e-01,0.000000000000000000e+00
9.000000000000000000e+01,1.555555555555555580e-01,-1.111111111111118266e-02
9.000000000000000000e+01,3.888888888888886175e-02,5.555555555555535818e-03
9.000000000000000000e+01,1.277777777777778789e-01,-5.555555555555535818e-03
9.000000000000000000e+01,-5.555555555555558023e-02,1.111111111111107164e-02
9.000000000000000000e+01,1.444444444444444864e-01,1.666666666666671848e-02
9.000000000000000000e+01,2.388888888888889284e-01,0.000000000000000000e+00
9.000000000000000000e+01,2.333333333333332815e-01,-5.555555555555535818e-03
9.000000000000000000e+01,2.055555555555554914e-01,-1.111111111111118266e-02
9.000000000000000000e+01,-3.888888888888886175e-02,1.666666666666671848e-02
9.000000000000000000e+01,2.777777777777777901e-01,0.000000000000000000e+00
9.000000000000000000e+01,2.111111111111111382e-01,0.000000000000000000e+00
9.000000000000000000e+01,1.111111111111111605e-01,1.111111111111118266e-02
9.000000000000000000e+01,1.666666666666667407e-01,0.000000000000000000e+00
9.000000000000000000e+01,2.111111111111111382e-01,3.888888888888886175e-02
9.000000000000000000e+01,-2.222222222222214327e-02,0.000000000000000000e+00
9.000000000000000000e+01,1.999999999999999556e-01,0.000000000000000000e+00
9.000000000000000000e+01,0.000000000000000000e+00,0.000000000000000000e+00
9.000000000000000000e+01,1.333333333333333037e-01,2.222222222222225430e-02
9.000000000000000000e+01,2.444444444444444642e-01,5.555555555555535818e-03
9.000000000000000000e+01,2.388888888888888173e-01,5.555555555555535818e-03
9.000000000000000000e+01,2.277777777777778567e-01,0.000000000000000000e+00
9.000000000000000000e+01,2.277777777777778567e-01,-1.111111111111107164e-02
9.000000000000000000e+01,-5.555555555555646841e-03,5.555555555555535818e-03
9.000000000000000000e+01,1.611111111111110938e-01,5.555555555555535818e-03
9.000000000000000000e+01,0.000000000000000000e+00,1.111111111111118266e-02
9.000000000000000000e+01,1.944444444444445308e-01,5.555555555555646841e-03
9.000000000000000000e+01,2.111111111111110272e-01,-5.555555555555646841e-03
9.000000000000000000e+01,2.000000000000000666e-01,0.000000000000000000e+00
9.000000000000000000e+01,2.222222222222222099e-01,1.666666666666660745e-02
9.000000000000000000e+01,1.222222222222222321e-01,0.000000000000000000e+00
9.000000000000000000e+01,-2.222222222222225430e-02,0.000000000000000000e+00
9.000000000000000000e+01,-5.555555555555646841e-03,2.777777777777767909e-02
9.000000000000000000e+01,2.166666666666666741e-01,0.000000000000000000e+00
9.000000000000000000e+01,2.166666666666666741e-01,5.555555555555535818e-03
9.000000000000000000e+01,2.888888888888888618e-01,3.888888888888886175e-02
9.000000000000000000e+01,-3.888888888888886175e-02,-5.555555555555535818e-03
9.000000000000000000e+01,1.611111111111110938e-01,-1.666666666666660745e-02
9.000000000000000000e+01,-1.111111111111107164e-02,1.111111111111118266e-02
9.000000000000000000e+01,2.722222222222222543e-01,0.000000000000000000e+00
9.000000000000000000e+01,-3.888888888888886175e-02,0.000000000000000000e+00
9.000000000000000000e+01,1.555555555555555580e-01,-5.555555555555535818e-03
9.000000000000000000e+01,5.555555555555535818e-03,-5.555555555555535818e-03
9.000000000000000000e+01,-2.222222222222225430e-02,5.555555555555535818e-03
9.000000000000000000e+01,-1.666666666666671848e-02,0.000000000000000000e+00
9.000000000000000000e+01,1.722222222222222765e-01,-1.111111111111107164e-02
9.000000000000000000e+01,-2.222222222222225430e-02,-1.111111111111107164e-02
9.000000000000000000e+01,-2.777777777777779011e-02,5.555555555555535818e-03
9.000000000000000000e+01,2.888888888888888618e-01,2.222222222222225430e-02
9.000000000000000000e+01,-4.999999999999993339e-02,-1.111111111111107164e-02
9.000000000000000000e+01,1.777777777777777013e-01,0.000000000000000000e+00
9.000000000000000000e+01,1.166666666666666963e-01,-5.555555555555535818e-03
9.000000000000000000e+01,2.111111111111111382e-01,-5.555555555555535818e-03
9.000000000000000000e+01,-1.111111111111107164e-02,1.666666666666671848e-02
9.000000000000000000e+01,-6.111111111111111605e-02,1.111111111111107164e-02
9.000000000000000000e+01,1.333333333333333037e-01,0.000000000000000000e+00
9.000000000000000000e+01,-7.222222222222218768e-02,1.666666666666671848e-02
9.000000000000000000e+01,2.000000000000000666e-01,0.000000000000000000e+00
9.000000000000000000e+01,-5.555555555555558023e-02,0.000000000000000000e+00
9.000000000000000000e+01,2.555555555555555358e-01,2.777777777777779011e-02
9.500000000000000000e+01,3.684210526315789824e-02,2.105263157894743387e-02
9.500000000000000000e+01,-4.210526315789475671e-02,5.263157894736747444e-03
9.500000000000000000e+01,-2.105263157894732284e-02,-5.263157894736858466e-03
9.500000000000000000e+01,2.315789473684211064e-01,4.210526315789475671e-02
9.500000000000000000e+01,2.263157894736842479e-01,5.263157894736858466e-03
9.500000000000000000e+01,2.684210526315790046e-01,2.631578947368429233e-02
9.500000000000000000e+01,-5.263157894736858466e-03,0.000000000000000000e+00
9.500000000000000000e+01,-2.105263157894743387e-02,0.000000000000000000e+00
9.500000000000000000e+01,2.052631578947369251e-01,-5.263157894736747444e-03
9.500000000000000000e+01,1.842105263157894912e-01,2.105263157894743387e-02
9.500000000000000000e+01,-1.052631578947360591e-02,1.578947368421057540e-02
9.500000000000000000e+01,-2.105263157894743387e-02,1.578947368421046438e-02
9.500000000000000000e+01,2.105263157894732284e-02,5.263157894736858466e-03
9.500000000000000000e+01,2.105263157894743387e-02,2.105263157894743387e-02
9.500000000000000000e+01,-4.210526315789475671e-02,-1.578947368421046438e-02
9.500000000000000000e+01,-1.578947368421057540e-02,0.000000000000000000e+00
9.500000000000000000e+01,-6.315789473684207955e-02,1.052631578947360591e-02
9.500000000000000000e+01,-1.052631578947371693e-02,1.578947368421046438e-02
9.500000000000000000e+01,-5.263157894736858466e-03,2.631578947368418131e-02
9.500000000000000000e+01,1.736842105263157743e-01,0.000000000000000000e+00
9.500000000000000000e+01,-5.263157894736858466e-03,1.578947368421046438e-02
9.500000000000000000e+01,2.210526315789472784e-01,5.263157894736747444e-03
9.500000000000000000e+01,3.157894736842103978e-02,1.578947368421057540e-02
9.500000000000000000e+01,1.315789473684210176e-01,5.263157894736858466e-03
9.500000000000000000e+01,2.000000000000000666e-01,1.052631578947371693e-02
9.500000000000000000e+01,1.999999999999999556e-01,5.263157894736858466e-03
9.500000000000000000e+01,2.105263157894736725e-01,5.263157894736858466e-03
9.500000000000000000e+01,-1.105263157894736947e-01,-1.578947368421057540e-02
9.500000000000000000e+01,-6.315789473684219058e-02,0.000000000000000000e+00
9.500000000000000000e+01,1.736842105263157743e-01,0.000000000000000000e+00
9.500000000000000000e+01,-3.684210526315789824e-02,5.263157894736858466e-03
9.500000000000000000e+01,-4.736842105263161518e-02,-5.263157894736858466e-03
9.500000000000000000e+01,5.263157894736858466e-03,0.000000000000000000e+00
9.500000000000000000e+01,2.947368421052631859e-01,1.052631578947371693e-02
9.500000000000000000e+01,-1.052631578947360591e-02,1.052631578947371693e-02
9.500000000000000000e+01,1.789473684210526327e-01,-5.263157894736747444e-03
9.500000000000000000e+01,1.947368421052632081e-01,0.000000000000000000e+00
9.500000000000000000e+01,-5.263157894736858466e-03,-5.263157894736858466e-03
9.500000000000000000e+01,5.263157894736858466e-03,0.000000000000000000e+00
9.500000000000000000e+01,-3.157894736842103978e-02,1.578947368421057540e-02
9.500000000000000000e+01,2.052631578947369251e-01,1.052631578947371693e-02
9.500000000000000000e+01,-4.736842105263161518e-02,5.263157894736858466e-03
9.500000000000000000e+01,1.842105263157894912e-01,0.000000000000000000e+00
9.500000000000000000e+01,-1.578947368421057540e-02,1.578947368421046438e-02
9.500000000000000000e+01,1.052631578947360591e-02,3.157894736842103978e-02
9.500000000000000000e+01,1.421052631578947345e-01,1.052631578947371693e-02
9.500000000000000000e+01,1.789473684210526327e-01,0.000000000000000000e+00
9.500000000000000000e+01,2.157894736842105310e-01,5.263157894736858466e-03
9.500000000000000000e+01,-2.105263157894743387e-02,1.052631578947371693e-02
9.500000000000000000e+01,-3.157894736842103978e-02,0.000000000000000000e+00
9.500000000000000000e+01,1.842105263157894912e-01,1.578947368421057540e-02
9.500000000000000000e+01,2.052631578947368141e-01,0.000000000000000000e+00
9.500000000000000000e+01,2.157894736842105310e-01,1.052631578947360591e-02
9.500000000000000000e+01,1.736842105263157743e-01,1.052631578947360591e-02
9.500000000000000000e+01,-2.105263157894743387e-02,0.000000000000000000e+00
9.500000000000000000e+01,-4.210526315789475671e-02,-5.263157894736858466e-03
9.500000000000000000e+01,-2.105263157894732284e-02,0.000000000000000000e+00
9.500000000000000000e+01,3.315789473684209732e-01,1.578947368421046438e-02
9.500000000000000000e+01,1.789473684210526327e-01,0.000000000000000000e+00
9.500000000000000000e+01,-1.052631578947360591e-02,0.000000000000000000e+00
9.500000000000000000e+01,2.315789473684209954e-01,0.000000000000000000e+00
9.500000000000000000e+01,1.052631578947371693e-02,1.052631578947371693e-02
9.500000000000000000e+01,2.842105263157894690e-01,0.000000000000000000e+00
9.500000000000000000e+01,2.052631578947369251e-01,3.684210526315789824e-02
9.500000000000000000e+01,2.894736842105263275e-01,1.052631578947371693e-02
9.500000000000000000e+01,2.526315789473683182e-01,0.000000000000000000e+00
9.500000000000000000e+01,1.736842105263157743e-01,-5.263157894736858466e-03
9.500000000000000000e+01,-1.578947368421057540e-02,0.000000000000000000e+00
9.500000000000000000e+01,2.789473684210526105e-01,-5.263157894736858466e-03
9.500000000000000000e+01,1.578947368421057540e-02,2.105263157894732284e-02
9.500000000000000000e+01,2.421052631578947123e-01,0.000000000000000000e+00
9.500000000000000000e+01,-5.263157894736847364e-02,2.631578947368418131e-02
9.500000000000000000e+01,-5.789473684210522109e-02,0.000000000000000000e+00
9.500000000000000000e+01,1.842105263157893802e-01,0.000000000000000000e+00
9.500000000000000000e+01,2.421052631578947123e-01,2.105263157894732284e-02
9.500000000000000000e+01,2.684210526315788936e-01,0.000000000000000000e+00
9.500000000000000000e+01,2.368421052631578538e-01,1.578947368421057540e-02
9.500000000000000000e+01,3.000000000000000444e-01,3.684210526315789824e-02
9.500000000000000000e+01,-4.210526315789475671e-02,0.000000000000000000e+00
9.500000000000000000e+01,-6.842105263157893802e-02,-1.052631578947371693e-02
9.500000000000000000e+01,1.210526315789473006e-01,5.263157894736747444e-03
9.500000000000000000e+01,1.947368421052632081e-01,0.000000000000000000e+00
9.500000000000000000e+01,-4.210526315789475671e-02,5.263157894736858466e-03
9.500000000000000000e+01,-1.578947368421046438e-02,5.263157894736858466e-03
9.500000000000000000e+01,-1.578947368421057540e-02,0.000000000000000000e+00
9.500000000000000000e+01,2.368421052631579649e-01,1.578947368421057540e-02
9.500000000000000000e+01,1.842105263157894912e-01,-1.578947368421046438e-02
9.500000000000000000e+01,1.684210526315789158e-01,1.578947368421046438e-02
9.500000000000000000e+01,1.684210526315789158e-01,0.000000000000000000e+00
9.500000000000000000e+01,-5.263157894736847364e-02,-5.263157894736858466e-03
9.500000000000000000e+01,1.947368421052630971e-01,0.000000000000000000e+00
9.500000000000000000e+01,-5.263157894736858466e-03,5.263157894736858466e-03
9.500000000000000000e+01,2.263157894736842479e-01,-1.052631578947360591e-02
9.500000000000000000e+01,1.789473684210526327e-01,5.263157894736858466e-03
9.500000000000000000e+01,-3.684210526315789824e-02,0.000000000000000000e+00
9.500000000000000000e+01,0.000000000000000000e+00,1.052631578947360591e-02
9.500000000000000000e+01,2.631578947368421462e-01,6.842105263157893802e-02
9.500000000000000000e+01,-2.105263157894743387e-02,1.052631578947360591e-02
9.500000000000000000e+01,-2.105263157894743387e-02,5.263157894736747444e-03
9.500000000000000000e+01,2.526315789473684292e-01,2.631578947368418131e-02
