1.500000000000000000e+02,3.233333333333333615e-01,2.000000000000001776e-02
1.500000000000000000e+02,5.666666666666664298e-02,6.000000000000005329e-02
1.500000000000000000e+02,3.266666666666666607e-01,2.000000000000001776e-02
1.500000000000000000e+02,5.666666666666664298e-02,3.666666666666662522e-02
1.500000000000000000e+02,3.100000000000000533e-01,4.000000000000003553e-02
1.500000000000000000e+02,5.333333333333334370e-02,6.666666666666665186e-02
1.500000000000000000e+02,3.366666666666666696e-01,1.000000000000000888e-02
1.500000000000000000e+02,1.400000000000000133e-01,3.333333333333332593e-02
1.500000000000000000e+02,6.333333333333335258e-02,6.666666666666665186e-02
1.500000000000000000e+02,-6.666666666666598573e-03,2.666666666666672736e-02
1.500000000000000000e+02,4.999999999999993339e-02,6.333333333333324155e-02
1.500000000000000000e+02,5.333333333333334370e-02,5.000000000000004441e-02
1.500000000000000000e+02,2.366666666666666918e-01,1.133333333333332860e-01
1.500000000000000000e+02,3.466666666666666785e-01,4.000000000000003553e-02
1.500000000000000000e+02,5.666666666666664298e-02,4.333333333333333481e-02
1.500000000000000000e+02,3.466666666666666785e-01,9.666666666666667851e-02
1.500000000000000000e+02,3.166666666666667629e-01,6.333333333333335258e-02
1.500000000000000000e+02,3.466666666666666785e-01,3.000000000000002665e-02
1.500000000000000000e+02,1.599999999999999201e-01,6.666666666666665186e-02
1.500000000000000000e+02,2.333333333333331705e-02,7.333333333333336146e-02
1.500000000000000000e+02,2.733333333333333171e-01,2.333333333333331705e-02
1.500000000000000000e+02,3.333333333333333703e-01,4.333333333333333481e-02
1.500000000000000000e+02,2.833333333333333259e-01,1.000000000000000888e-02
1.500000000000000000e+02,3.499999999999999778e-01,8.999999999999996891e-02
1.500000000000000000e+02,6.666666666666665186e-02,9.000000000000007994e-02
1.500000000000000000e+02,3.666666666666662522e-02,3.333333333333332593e-02
1.500000000000000000e+02,3.333333333333332593e-01,5.333333333333323267e-02
1.500000000000000000e+02,3.233333333333333615e-01,5.666666666666664298e-02
1.500000000000000000e+02,1.000000000000000888e-02,3.666666666666662522e-02
1.500000000000000000e+02,2.133333333333333748e-01,5.333333333333334370e-02
1.500000000000000000e+02,3.000000000000002665e-02,3.333333333333332593e-02
1.500000000000000000e+02,2.299999999999999822e-01,9.666666666666667851e-02
1.500000000000000000e+02,3.966666666666666119e-01,8.333333333333337034e-02
1.500000000000000000e+02,2.333333333333331705e-02,1.666666666666671848e-02
1.500000000000000000e+02,-6.666666666666598573e-03,1.333333333333330817e-02
1.500000000000000000e+02,3.333333333333332593e-02,4.666666666666663410e-02
1.500000000000000000e+02,2.999999999999991562e-02,1.666666666666660745e-02
1.500000000000000000e+02,1.333333333333330817e-02,6.333333333333335258e-02
1.500000000000000000e+02,3.633333333333332860e-01,1.333333333333330817e-02
1.500000000000000000e+02,3.299999999999999600e-01,3.333333333333332593e-02
1.500000000000000000e+02,3.333333333333299286e-03,1.333333333333330817e-02
1.500000000000000000e+02,5.333333333333323267e-02,5.333333333333323267e-02
1.500000000000000000e+02,2.866666666666667362e-01,5.000000000000004441e-02
1.500000000000000000e+02,2.633333333333333082e-01,2.999999999999991562e-02
1.500000000000000000e+02,2.333333333333333925e-01,1.133333333333333970e-01
1.500000000000000000e+02,2.999999999999991562e-02,5.999999999999994227e-02
1.500000000000000000e+02,6.333333333333335258e-02,1.333333333333330817e-02
1.500000000000000000e+02,2.766666666666667274e-01,6.666666666666665186e-02
1.500000000000000000e+02,3.666666666666662522e-02,4.666666666666663410e-02
1.500000000000000000e+02,7.333333333333336146e-02,3.333333333333332593e-02
1.500000000000000000e+02,2.333333333333331705e-02,8.666666666666666963e-02
1.500000000000000000e+02,2.700000000000000178e-01,4.000000000000003553e-02
1.500000000000000000e+02,2.133333333333333748e-01,7.000000000000006217e-02
1.500000000000000000e+02,1.866666666666666474e-01,9.999999999999997780e-02
1.500000000000000000e+02,3.999999999999992450e-02,5.333333333333334370e-02
1.500000000000000000e+02,3.399999999999999689e-01,5.999999999999994227e-02
1.500000000000000000e+02,2.300000000000000933e-01,5.666666666666675400e-02
1.500000000000000000e+02,3.533333333333332771e-01,1.166666666666665853e-01
1.500000000000000000e+02,2.733333333333334281e-01,8.666666666666666963e-02
1.500000000000000000e+02,2.333333333333342807e-02,1.666666666666671848e-02
1.500000000000000000e+02,3.733333333333332948e-01,2.333333333333331705e-02
1.500000000000000000e+02,3.233333333333333615e-01,3.333333333333410309e-03
1.500000000000000000e+02,3.266666666666666607e-01,6.666666666666665186e-02
1.500000000000000000e+02,2.666666666666666075e-01,4.666666666666663410e-02
1.500000000000000000e+02,3.399999999999999689e-01,4.000000000000003553e-02
1.500000000000000000e+02,1.233333333333332948e-01,6.333333333333335258e-02
1.500000000000000000e+02,2.600000000000000089e-01,5.333333333333334370e-02
1.500000000000000000e+02,3.400000000000000799e-01,4.333333333333333481e-02
1.500000000000000000e+02,4.666666666666663410e-02,4.000000000000003553e-02
1.500000000000000000e+02,8.000000000000007105e-02,3.000000000000002665e-02
1.500000000000000000e+02,3.433333333333332682e-01,2.999999999999991562e-02
1.500000000000000000e+02,7.666666666666666075e-02,9.999999999999897859e-03
1.500000000000000000e+02,2.999999999999999334e-01,4.666666666666663410e-02
1.500000000000000000e+02,1.233333333333332948e-01,4.666666666666663410e-02
1.500000000000000000e+02,6.333333333333335258e-02,1.666666666666660745e-02
1.500000000000000000e+02,3.000000000000000444e-01,1.666666666666671848e-02
1.500000000000000000e+02,3.533333333333333881e-01,7.666666666666666075e-02
1.500000000000000000e+02,1.166666666666666963e-01,8.333333333333325932e-02
1.500000000000000000e+02,4.666666666666663410e-02,2.000000000000001776e-02
1.500000000000000000e+02,2.000000000000001776e-02,5.666666666666664298e-02
1.500000000000000000e+02,3.133333333333333526e-01,1.666666666666671848e-02
1.500000000000000000e+02,4.200000000000000400e-01,3.666666666666673624e-02
1.500000000000000000e+02,3.499999999999999778e-01,1.099999999999999867e-01
1.500000000000000000e+02,0.000000000000000000e+00,2.000000000000001776e-02
1.500000000000000000e+02,3.033333333333333437e-01,8.333333333333337034e-02
1.500000000000000000e+02,3.466666666666666785e-01,2.666666666666661634e-02
1.500000000000000000e+02,1.133333333333333970e-01,5.333333333333334370e-02
1.500000000000000000e+02,6.333333333333324155e-02,1.666666666666660745e-02
1.500000000000000000e+02,3.233333333333333615e-01,5.000000000000004441e-02
1.500000000000000000e+02,2.600000000000000089e-01,3.000000000000002665e-02
1.500000000000000000e+02,1.433333333333333126e-01,6.666666666666709595e-03
1.500000000000000000e+02,2.333333333333331705e-02,4.333333333333333481e-02
1.500000000000000000e+02,2.333333333333332815e-01,6.666666666666665186e-02
1.500000000000000000e+02,3.666666666666662522e-02,4.333333333333333481e-02
1.500000000000000000e+02,2.133333333333332638e-01,6.666666666666665186e-02
1.500000000000000000e+02,4.666666666666674512e-02,1.666666666666671848e-02
1.500000000000000000e+02,2.333333333333342807e-02,6.666666666666709595e-03
1.500000000000000000e+02,3.800000000000000044e-01,3.999999999999992450e-02
1.500000000000000000e+02,2.799999999999999156e-01,1.066666666666665764e-01
1.500000000000000000e+02,3.766666666666667052e-01,3.666666666666673624e-02
1.550000000000000000e+02,2.580645161290329170e-02,4.193548387096779351e-02
1.550000000000000000e+02,3.870967741935482653e-02,3.548387096774197058e-02
1.550000000000000000e+02,2.161290322580645684e-01,4.516129032258064946e-02
1.550000000000000000e+02,2.677419354838710408e-01,3.548387096774197058e-02
1.550000000000000000e+02,3.612903225806451957e-01,5.161290322580647238e-02
1.550000000000000000e+02,1.354838709677418374e-01,1.064516129032258007e-01
1.550000000000000000e+02,3.419354838709677269e-01,6.129032258064515126e-02
1.550000000000000000e+02,7.419354838709679711e-02,2.580645161290329170e-02
1.550000000000000000e+02,2.387096774193548931e-01,3.870967741935493756e-02
1.550000000000000000e+02,2.580645161290318068e-02,6.451612903225822926e-03
1.550000000000000000e+02,3.516129032258064058e-01,5.483870967741932834e-02
1.550000000000000000e+02,2.870967741935483986e-01,1.000000000000000888e-01
1.550000000000000000e+02,2.806451612903225756e-01,5.483870967741932834e-02
1.550000000000000000e+02,3.258064516129032251e-01,3.870967741935482653e-02
1.550000000000000000e+02,6.129032258064515126e-02,6.451612903225822926e-03
1.550000000000000000e+02,3.548387096774193727e-01,4.838709677419361643e-02
1.550000000000000000e+02,4.838709677419361643e-02,3.870967741935482653e-02
1.550000000000000000e+02,3.483870967741935498e-01,2.580645161290329170e-02
1.550000000000000000e+02,3.387096774193548709e-01,1.935483870967735776e-02
1.550000000000000000e+02,3.548387096774197058e-02,4.193548387096779351e-02
1.550000000000000000e+02,8.064516129032250902e-02,3.548387096774185956e-02
1.550000000000000000e+02,3.129032258064516903e-01,5.483870967741943936e-02
1.550000000000000000e+02,3.258064516129032251e-01,7.096774193548383014e-02
1.550000000000000000e+02,2.258064516129032473e-02,5.161290322580636136e-02
1.550000000000000000e+02,2.903225806451603663e-02,6.451612903225800721e-02
1.550000000000000000e+02,9.354838709677426589e-02,0.000000000000000000e+00
1.550000000000000000e+02,1.935483870967735776e-02,1.935483870967735776e-02
1.550000000000000000e+02,3.225806451612855952e-03,2.903225806451614766e-02
1.550000000000000000e+02,2.709677419354838968e-01,1.193548387096774466e-01
1.550000000000000000e+02,3.838709677419354094e-01,1.129032258064516236e-01
1.550000000000000000e+02,4.838709677419350541e-02,3.870967741935482653e-02
1.550000000000000000e+02,2.741935483870967527e-01,4.516129032258064946e-02
1.550000000000000000e+02,3.322580645161290480e-01,3.548387096774197058e-02
1.550000000000000000e+02,4.032258064516128782e-01,8.064516129032250902e-02
1.550000000000000000e+02,3.548387096774193727e-01,7.419354838709679711e-02
1.550000000000000000e+02,3.483870967741935498e-01,2.580645161290318068e-02
1.550000000000000000e+02,4.193548387096768248e-02,7.741935483870965307e-02
1.550000000000000000e+02,3.161290322580645462e-01,8.387096774193547599e-02
1.550000000000000000e+02,4.838709677419350541e-02,9.999999999999997780e-02
1.550000000000000000e+02,3.225806451612900361e-02,5.483870967741932834e-02
1.550000000000000000e+02,2.580645161290322509e-01,1.290322580645161255e-01
1.550000000000000000e+02,3.741935483870967305e-01,5.806451612903218429e-02
1.550000000000000000e+02,1.935483870967735776e-02,1.935483870967735776e-02
1.550000000000000000e+02,3.612903225806450846e-01,6.451612903225800721e-02
1.550000000000000000e+02,1.290322580645164585e-02,1.612903225806450180e-02
1.550000000000000000e+02,3.064516129032257563e-01,2.032258064516129226e-01
1.550000000000000000e+02,1.064516129032258007e-01,2.580645161290329170e-02
1.550000000000000000e+02,3.225806451612900361e-02,4.193548387096768248e-02
1.550000000000000000e+02,9.677419354838678878e-03,5.483870967741932834e-02
1.550000000000000000e+02,3.548387096774197058e-02,5.161290322580647238e-02
1.550000000000000000e+02,8.387096774193547599e-02,5.483870967741943936e-02
1.550000000000000000e+02,3.161290322580645462e-01,1.612903225806450180e-02
1.550000000000000000e+02,5.161290322580647238e-02,5.806451612903229531e-02
1.550000000000000000e+02,9.677419354838712184e-02,7.419354838709679711e-02
1.550000000000000000e+02,3.419354838709677269e-01,2.903225806451603663e-02
1.550000000000000000e+02,1.387096774193549154e-01,3.225806451612900361e-02
1.550000000000000000e+02,3.322580645161289370e-01,6.129032258064515126e-02
1.550000000000000000e+02,4.516129032258064946e-02,3.225806451612900361e-02
1.550000000000000000e+02,3.032258064516129004e-01,2.258064516129032473e-02
1.550000000000000000e+02,2.548387096774193949e-01,9.677419354838678878e-03
1.550000000000000000e+02,2.903225806451614766e-02,3.548387096774197058e-02
1.550000000000000000e+02,2.870967741935483986e-01,5.483870967741943936e-02
1.550000000000000000e+02,2.709677419354838968e-01,6.129032258064515126e-02
1.550000000000000000e+02,0.000000000000000000e+00,2.258064516129032473e-02
1.550000000000000000e+02,4.516129032258064946e-02,4.516129032258064946e-02
1.550000000000000000e+02,3.225806451612855952e-03,1.935483870967746878e-02
1.550000000000000000e+02,5.483870967741932834e-02,9.032258064516129892e-02
1.550000000000000000e+02,5.161290322580647238e-02,3.870967741935493756e-02
1.550000000000000000e+02,5.806451612903229531e-02,9.677419354838712184e-02
1.550000000000000000e+02,2.387096774193548931e-01,1.935483870967746878e-02
1.550000000000000000e+02,0.000000000000000000e+00,8.064516129032250902e-02
1.550000000000000000e+02,3.354838709677419040e-01,2.580645161290329170e-02
1.550000000000000000e+02,-9.677419354838789900e-03,1.935483870967735776e-02
1.550000000000000000e+02,3.032258064516129004e-01,7.419354838709679711e-02
1.550000000000000000e+02,2.580645161290318068e-02,6.129032258064515126e-02
1.550000000000000000e+02,-3.225806451612855952e-03,8.387096774193547599e-02
1.550000000000000000e+02,1.290322580645164585e-02,1.935483870967746878e-02
1.550000000000000000e+02,3.129032258064516903e-01,5.483870967741943936e-02
1.550000000000000000e+02,2.935483870967742215e-01,1.290322580645164585e-02
1.550000000000000000e+02,3.161290322580644352e-01,6.451612903225800721e-02
1.550000000000000000e+02,5.483870967741932834e-02,7.096774193548383014e-02
1.550000000000000000e+02,4.193548387096768248e-02,5.806451612903229531e-02
1.550000000000000000e+02,9.677419354838678878e-03,3.870967741935482653e-02
1.550000000000000000e+02,2.580645161290329170e-02,4.516129032258064946e-02
1.550000000000000000e+02,3.064516129032258673e-01,8.709677419354844297e-02
1.550000000000000000e+02,2.774193548387097197e-01,3.225806451612966974e-03
1.550000000000000000e+02,3.451612903225805828e-01,9.677419354838712184e-02
1.550000000000000000e+02,-9.677419354838678878e-03,2.258064516129032473e-02
1.550000000000000000e+02,6.129032258064515126e-02,3.225806451612900361e-02
1.550000000000000000e+02,9.677419354838678878e-03,1.935483870967746878e-02
1.550000000000000000e+02,2.838709677419354316e-01,3.870967741935482653e-02
1.550000000000000000e+02,1.612903225806461283e-02,5.161290322580647238e-02
1.550000000000000000e+02,3.548387096774197058e-02,6.451612903225822926e-03
1.550000000000000000e+02,4.838709677419350541e-02,2.580645161290318068e-02
1.550000000000000000e+02,3.096774193548387233e-01,3.548387096774197058e-02
1.550000000000000000e+02,3.548387096774197058e-02,3.548387096774197058e-02
1.550000000000000000e+02,5.161290322580647238e-02,5.161290322580647238e-02
1.550000000000000000e+02,2.516129032258064280e-01,2.903225806451614766e-02
1.550000000000000000e+02,3.548387096774192617e-01,7.741935483870965307e-02
1.550000000000000000e+02,9.032258064516129892e-02,2.580645161290318068e-02
1.600000000000000000e+02,3.125000000000000000e-01,2.187499999999997780e-02
1.600000000000000000e+02,4.062500000000002220e-02,5.625000000000002220e-02
1.600000000000000000e+02,2.781250000000000666e-01,-6.249999999999977796e-03
1.600000000000000000e+02,2.875000000000000888e-01,5.625000000000002220e-02
1.600000000000000000e+02,9.999999999999997780e-02,3.749999999999997780e-02
1.600000000000000000e+02,5.937499999999995559e-02,7.187499999999991118e-02
1.600000000000000000e+02,2.187499999999997780e-02,3.125000000000000000e-02
1.600000000000000000e+02,6.250000000000000000e-02,5.000000000000004441e-02
1.600000000000000000e+02,3.125000000000000000e-01,4.375000000000006661e-02
1.600000000000000000e+02,1.062499999999999556e-01,4.687500000000000000e-02
1.600000000000000000e+02,2.843749999999999334e-01,4.999999999999993339e-02
1.600000000000000000e+02,4.062500000000002220e-02,8.125000000000004441e-02
1.600000000000000000e+02,3.437499999999993339e-02,3.437499999999993339e-02
1.600000000000000000e+02,2.187500000000008882e-02,2.812500000000006661e-02
1.600000000000000000e+02,6.562500000000004441e-02,2.812499999999995559e-02
1.600000000000000000e+02,5.937499999999995559e-02,7.499999999999995559e-02
1.600000000000000000e+02,2.812499999999995559e-02,6.562499999999993339e-02
1.600000000000000000e+02,1.906250000000000444e-01,2.500000000000002220e-02
1.600000000000000000e+02,3.031249999999999778e-01,6.874999999999997780e-02
1.600000000000000000e+02,2.812500000000000000e-01,3.749999999999997780e-02
1.600000000000000000e+02,1.062499999999999556e-01,5.312499999999997780e-02
1.600000000000000000e+02,2.093749999999999778e-01,9.375000000000022204e-03
1.600000000000000000e+02,9.375000000000022204e-03,5.625000000000002220e-02
1.600000000000000000e+02,4.375000000000006661e-02,7.500000000000006661e-02
1.600000000000000000e+02,1.999999999999999556e-01,9.999999999999997780e-02
1.600000000000000000e+02,3.218750000000000222e-01,2.187499999999997780e-02
1.600000000000000000e+02,9.062499999999995559e-02,3.125000000000000000e-02
1.600000000000000000e+02,2.593750000000000222e-01,5.937499999999995559e-02
1.600000000000000000e+02,3.031250000000000888e-01,3.125000000000000000e-02
1.600000000000000000e+02,2.187499999999997780e-02,2.812499999999995559e-02
1.600000000000000000e+02,2.781250000000000666e-01,4.062500000000002220e-02
1.600000000000000000e+02,2.500000000000002220e-02,9.375000000000022204e-03
1.600000000000000000e+02,2.718749999999999778e-01,5.312499999999997780e-02
1.600000000000000000e+02,3.343750000000000888e-01,3.125000000000000000e-02
1.600000000000000000e+02,2.687500000000000444e-01,8.750000000000002220e-02
1.600000000000000000e+02,3.125000000000044409e-03,6.249999999999977796e-03
1.600000000000000000e+02,3.781250000000000444e-01,1.062500000000000666e-01
1.600000000000000000e+02,3.437500000000000000e-01,5.000000000000004441e-02
1.600000000000000000e+02,6.874999999999997780e-02,5.624999999999991118e-02
1.600000000000000000e+02,-2.187500000000008882e-02,9.374999999999911182e-03
1.600000000000000000e+02,6.250000000000088818e-03,2.812500000000006661e-02
1.600000000000000000e+02,6.562500000000004441e-02,5.000000000000004441e-02
1.600000000000000000e+02,2.500000000000002220e-02,2.500000000000002220e-02
1.600000000000000000e+02,3.187499999999999778e-01,3.437499999999993339e-02
1.600000000000000000e+02,-3.124999999999933387e-03,3.749999999999997780e-02
1.600000000000000000e+02,9.687499999999993339e-02,3.125000000000000000e-02
1.600000000000000000e+02,1.999999999999999556e-01,4.374999999999995559e-02
1.600000000000000000e+02,2.500000000000002220e-02,2.500000000000002220e-02
1.600000000000000000e+02,1.562500000000000000e-02,7.187499999999991118e-02
1.600000000000000000e+02,5.625000000000002220e-02,4.687500000000000000e-02
1.600000000000000000e+02,4.062499999999991118e-02,1.218749999999999556e-01
1.600000000000000000e+02,3.093749999999999556e-01,5.625000000000002220e-02
1.600000000000000000e+02,4.062499999999991118e-02,9.374999999999911182e-03
1.600000000000000000e+02,7.187500000000002220e-02,4.374999999999995559e-02
1.600000000000000000e+02,2.187499999999997780e-02,3.437499999999993339e-02
1.600000000000000000e+02,3.187499999999999778e-01,5.000000000000004441e-02
1.600000000000000000e+02,2.125000000000000222e-01,2.500000000000002220e-02
1.600000000000000000e+02,2.937499999999999556e-01,3.125000000000000000e-02
1.600000000000000000e+02,2.000000000000000666e-01,1.375000000000000666e-01
1.600000000000000000e+02,3.687499999999999112e-01,3.125000000000000000e-02
1.600000000000000000e+02,1.875000000000004441e-02,8.750000000000002220e-02
1.600000000000000000e+02,2.812499999999995559e-02,3.125000000000000000e-02
1.600000000000000000e+02,3.437500000000004441e-02,7.812500000000000000e-02
1.600000000000000000e+02,3.499999999999999778e-01,7.187500000000002220e-02
1.600000000000000000e+02,3.031249999999999778e-01,1.343750000000000222e-01
1.600000000000000000e+02,3.750000000000000000e-01,4.374999999999995559e-02
1.600000000000000000e+02,2.500000000000002220e-02,3.125000000000000000e-02
1.600000000000000000e+02,3.499999999999999778e-01,2.187499999999997780e-02
1.600000000000000000e+02,2.500000000000002220e-02,5.312499999999997780e-02
1.600000000000000000e+02,2.625000000000000666e-01,2.812500000000006661e-02
1.600000000000000000e+02,5.312500000000008882e-02,2.812500000000006661e-02
1.600000000000000000e+02,6.250000000000088818e-03,3.125000000000000000e-02
1.600000000000000000e+02,0.000000000000000000e+00,2.812499999999995559e-02
1.600000000000000000e+02,4.375000000000006661e-02,9.375000000000000000e-02
1.600000000000000000e+02,0.000000000000000000e+00,4.999999999999993339e-02
1.600000000000000000e+02,2.874999999999999778e-01,1.562500000000000000e-02
1.600000000000000000e+02,1.000000000000000888e-01,1.031250000000000222e-01
1.600000000000000000e+02,7.812500000000000000e-02,9.062499999999995559e-02
1.600000000000000000e+02,4.062500000000002220e-02,3.437500000000004441e-02
1.600000000000000000e+02,6.249999999999977796e-03,3.125000000000000000e-02
1.600000000000000000e+02,3.281250000000000000e-01,6.874999999999997780e-02
1.600000000000000000e+02,3.437500000000004441e-02,4.375000000000006661e-02
1.600000000000000000e+02,3.687499999999999112e-01,1.249999999999995559e-02
1.600000000000000000e+02,4.687500000000000000e-02,0.000000000000000000e+00
1.600000000000000000e+02,0.000000000000000000e+00,3.750000000000008882e-02
1.600000000000000000e+02,1.562500000000000000e-02,5.000000000000004441e-02
1.600000000000000000e+02,2.749999999999999112e-01,3.749999999999997780e-02
1.600000000000000000e+02,6.562499999999993339e-02,8.124999999999993339e-02
1.600000000000000000e+02,3.499999999999999778e-01,7.187500000000002220e-02
1.600000000000000000e+02,3.749999999999997780e-02,4.374999999999995559e-02
1.600000000000000000e+02,3.593750000000000000e-01,1.874999999999993339e-02
1.600000000000000000e+02,3.437500000000004441e-02,6.562500000000004441e-02
1.600000000000000000e+02,3.312499999999999334e-01,4.999999999999993339e-02
1.600000000000000000e+02,3.625000000000000444e-01,4.687500000000000000e-02
1.600000000000000000e+02,1.093750000000000000e-01,3.125000000000000000e-02
1.600000000000000000e+02,3.125000000000000000e-02,6.874999999999997780e-02
1.600000000000000000e+02,3.062500000000000222e-01,6.562499999999993339e-02
1.600000000000000000e+02,6.562500000000004441e-02,8.437500000000008882e-02
1.600000000000000000e+02,2.812500000000006661e-02,6.249999999999977796e-03
1.600000000000000000e+02,0.000000000000000000e+00,2.812499999999995559e-02
1.650000000000000000e+02,2.727272727272722630e-02,6.363636363636360205e-02
1.650000000000000000e+02,2.969696969696968836e-01,3.636363636363637575e-02
1.650000000000000000e+02,6.969696969696970168e-02,5.454545454545456362e-02
1.650000000000000000e+02,-1.212121212121208824e-02,7.878787878787885113e-02
1.650000000000000000e+02,2.424242424242428751e-02,5.151515151515151381e-02
1.650000000000000000e+02,2.121212121212123769e-02,4.545454545454552520e-02
1.650000000000000000e+02,3.939393939393942556e-02,3.636363636363637575e-02
1.650000000000000000e+02,1.515151515151513806e-02,5.757575757575750242e-02
1.650000000000000000e+02,2.939393939393939448e-01,6.666666666666665186e-02
1.650000000000000000e+02,2.121212121212123769e-02,2.121212121212123769e-02
1.650000000000000000e+02,3.424242424242424088e-01,6.363636363636360205e-02
1.650000000000000000e+02,-1.212121212121208824e-02,1.818181818181818787e-02
1.650000000000000000e+02,6.969696969696970168e-02,9.999999999999997780e-02
1.650000000000000000e+02,9.090909090909149448e-03,5.757575757575761344e-02
1.650000000000000000e+02,1.757575757575757791e-01,8.484848484848483974e-02
1.650000000000000000e+02,3.484848484848485084e-01,3.636363636363637575e-02
1.650000000000000000e+02,4.545454545454552520e-02,3.030303030303027612e-02
1.650000000000000000e+02,4.545454545454552520e-02,4.242424242424247538e-02
1.650000000000000000e+02,9.090909090909038426e-03,3.939393939393942556e-02
1.650000000000000000e+02,3.787878787878787845e-01,6.060606060606066325e-02
1.650000000000000000e+02,3.333333333333332593e-02,2.424242424242428751e-02
1.650000000000000000e+02,1.818181818181818787e-02,5.454545454545456362e-02
1.650000000000000000e+02,3.030303030303049816e-03,4.848484848484846399e-02
1.650000000000000000e+02,3.393939393939393590e-01,4.545454545454541417e-02
1.650000000000000000e+02,2.848484848484847953e-01,5.151515151515151381e-02
1.650000000000000000e+02,3.242424242424243319e-01,3.333333333333343695e-02
1.650000000000000000e+02,3.030303030303049816e-03,2.121212121212123769e-02
1.650000000000000000e+02,1.515151515151513806e-02,3.030303030303027612e-02
1.650000000000000000e+02,6.969696969696970168e-02,1.787878787878788289e-01
1.650000000000000000e+02,4.242424242424247538e-02,3.636363636363637575e-02
1.650000000000000000e+02,2.848484848484849064e-01,7.575757575757580131e-02
1.650000000000000000e+02,3.484848484848483974e-01,3.939393939393931454e-02
1.650000000000000000e+02,3.393939393939394700e-01,6.969696969696970168e-02
1.650000000000000000e+02,3.484848484848483974e-01,5.757575757575750242e-02
1.650000000000000000e+02,1.757575757575757791e-01,1.121212121212121771e-01
1.650000000000000000e+02,-3.030303030302938794e-03,3.030303030303038714e-02
1.650000000000000000e+02,3.303030303030303205e-01,3.333333333333332593e-02
1.650000000000000000e+02,6.060606060606066325e-02,3.030303030303038714e-02
1.650000000000000000e+02,1.515151515151513806e-02,2.424242424242428751e-02
1.650000000000000000e+02,1.818181818181818787e-02,3.939393939393942556e-02
1.650000000000000000e+02,2.787878787878788067e-01,3.030303030303027612e-02
1.650000000000000000e+02,2.606060606060606188e-01,5.151515151515151381e-02
1.650000000000000000e+02,6.060606060605988610e-03,1.515151515151513806e-02
1.650000000000000000e+02,3.636363636363637575e-02,6.060606060606066325e-02
1.650000000000000000e+02,2.121212121212123769e-02,3.636363636363637575e-02
1.650000000000000000e+02,4.545454545454552520e-02,8.484848484848495076e-02
1.650000000000000000e+02,5.757575757575750242e-02,2.727272727272722630e-02
1.650000000000000000e+02,2.515151515151515804e-01,2.727272727272733732e-02
1.650000000000000000e+02,2.939393939393939448e-01,6.060606060606099632e-03
1.650000000000000000e+02,2.121212121212112667e-02,5.151515151515151381e-02
1.650000000000000000e+02,6.060606060606066325e-02,1.515151515151513806e-02
1.650000000000000000e+02,2.909090909090910060e-01,3.030303030303038714e-02
1.650000000000000000e+02,3.121212121212121327e-01,4.848484848484846399e-02
1.650000000000000000e+02,5.151515151515151381e-02,3.030303030303027612e-02
1.650000000000000000e+02,3.939393939393942556e-02,6.363636363636371307e-02
1.650000000000000000e+02,6.060606060606066325e-02,1.121212121212121771e-01
1.650000000000000000e+02,1.272727272727272041e-01,4.848484848484846399e-02
1.650000000000000000e+02,3.151515151515151825e-01,5.151515151515151381e-02
1.650000000000000000e+02,6.060606060606055223e-02,8.484848484848483974e-02
1.650000000000000000e+02,1.212121212121219926e-02,2.121212121212123769e-02
1.650000000000000000e+02,3.575757575757576578e-01,6.060606060606066325e-02
1.650000000000000000e+02,3.818181818181818343e-01,3.333333333333332593e-02
1.650000000000000000e+02,4.242424242424247538e-02,4.242424242424247538e-02
1.650000000000000000e+02,2.969696969696969946e-01,4.848484848484846399e-02
1.650000000000000000e+02,1.757575757575757791e-01,5.757575757575761344e-02
1.650000000000000000e+02,1.212121212121219926e-02,9.090909090909093937e-02
1.650000000000000000e+02,-6.060606060605988610e-03,1.212121212121219926e-02
1.650000000000000000e+02,-1.212121212121219926e-02,2.121212121212112667e-02
1.650000000000000000e+02,-9.090909090909038426e-03,2.727272727272733732e-02
1.650000000000000000e+02,3.333333333333332593e-02,7.575757575757580131e-02
1.650000000000000000e+02,4.545454545454541417e-02,5.757575757575750242e-02
1.650000000000000000e+02,3.333333333333333703e-01,2.727272727272733732e-02
1.650000000000000000e+02,3.636363636363637575e-02,3.939393939393942556e-02
1.650000000000000000e+02,2.696969696969696573e-01,5.757575757575761344e-02
1.650000000000000000e+02,1.515151515151513806e-02,5.757575757575750242e-02
1.650000000000000000e+02,4.242424242424236436e-02,6.666666666666665186e-02
1.650000000000000000e+02,3.030303030303027612e-02,0.000000000000000000e+00
1.650000000000000000e+02,3.636363636363636465e-01,5.151515151515151381e-02
1.650000000000000000e+02,3.333333333333332593e-02,7.272727272727275150e-02
1.650000000000000000e+02,3.151515151515151825e-01,4.545454545454541417e-02
1.650000000000000000e+02,9.090909090909149448e-03,5.757575757575761344e-02
1.650000000000000000e+02,3.393939393939394700e-01,4.242424242424247538e-02
1.650000000000000000e+02,3.575757575757576578e-01,5.454545454545456362e-02
1.650000000000000000e+02,3.030303030303030942e-01,3.939393939393942556e-02
1.650000000000000000e+02,3.303030303030303205e-01,4.242424242424247538e-02
1.650000000000000000e+02,-6.060606060606099632e-03,2.727272727272722630e-02
1.650000000000000000e+02,4.848484848484846399e-02,7.272727272727264047e-02
1.650000000000000000e+02,9.090909090909149448e-03,1.515151515151513806e-02
1.650000000000000000e+02,2.424242424242428751e-02,8.484848484848483974e-02
1.650000000000000000e+02,4.242424242424247538e-02,8.181818181818190094e-02
1.650000000000000000e+02,5.454545454545445260e-02,3.333333333333332593e-02
1.650000000000000000e+02,3.727272727272726849e-01,3.939393939393942556e-02
1.650000000000000000e+02,3.060606060606060330e-01,3.030303030303027612e-02
1.650000000000000000e+02,4.242424242424247538e-02,2.121212121212123769e-02
1.650000000000000000e+02,4.848484848484846399e-02,3.939393939393942556e-02
1.650000000000000000e+02,6.060606060606099632e-03,6.363636363636371307e-02
1.650000000000000000e+02,6.060606060606066325e-02,2.121212121212123769e-02
1.650000000000000000e+02,9.090909090909149448e-03,4.545454545454541417e-02
1.650000000000000000e+02,3.212121212121212821e-01,6.363636363636360205e-02
1.650000000000000000e+02,3.303030303030303205e-01,3.636363636363637575e-02
1.700000000000000000e+02,7.352941176470584317e-02,6.176470588235294379e-02
1.700000000000000000e+02,3.823529411764703401e-02,3.823529411764703401e-02
1.700000000000000000e+02,1.764705882352941568e-01,5.588235294117649410e-02
1.700000000000000000e+02,3.117647058823529438e-01,8.235294117647051770e-02
1.700000000000000000e+02,4.411764705882348370e-02,4.117647058823525885e-02
1.700000000000000000e+02,1.470588235294112422e-02,4.705882352941170854e-02
1.700000000000000000e+02,6.764705882352939348e-02,4.117647058823525885e-02
1.700000000000000000e+02,8.823529411764674535e-03,1.088235294117646523e-01
1.700000000000000000e+02,-5.882352941176560712e-03,2.941176470588235947e-02
1.700000000000000000e+02,5.882352941176460792e-02,5.588235294117638308e-02
1.700000000000000000e+02,2.882352941176470340e-01,5.882352941176449690e-03
1.700000000000000000e+02,3.823529411764703401e-02,4.117647058823525885e-02
1.700000000000000000e+02,5.882352941176460792e-02,5.294117647058815823e-02
1.700000000000000000e+02,0.000000000000000000e+00,4.705882352941181956e-02
1.700000000000000000e+02,3.323529411764705177e-01,1.470588235294112422e-02
1.700000000000000000e+02,8.823529411764674535e-03,2.058823529411757391e-02
1.700000000000000000e+02,2.529411764705882248e-01,9.411764705882352811e-02
1.700000000000000000e+02,3.029411764705882693e-01,2.941176470588235947e-02
1.700000000000000000e+02,1.764705882352946009e-02,2.647058823529413463e-02
1.700000000000000000e+02,5.882352941176560712e-03,1.764705882352946009e-02
1.700000000000000000e+02,2.735294117647059098e-01,4.411764705882348370e-02
1.700000000000000000e+02,-8.823529411764785557e-03,8.823529411764674535e-03
1.700000000000000000e+02,1.470588235294123525e-02,2.647058823529413463e-02
1.700000000000000000e+02,2.352941176470579876e-02,4.705882352941170854e-02
1.700000000000000000e+02,8.823529411764674535e-03,4.117647058823525885e-02
1.700000000000000000e+02,6.764705882352939348e-02,5.294117647058826925e-02
1.700000000000000000e+02,4.411764705882359472e-02,2.058823529411768494e-02
1.700000000000000000e+02,2.352941176470590978e-02,4.705882352941170854e-02
1.700000000000000000e+02,1.382352941176470118e-01,8.823529411764674535e-03
1.700000000000000000e+02,5.882352941176449690e-03,3.529411764705880916e-02
1.700000000000000000e+02,3.823529411764703401e-02,5.882352941176471894e-02
1.700000000000000000e+02,7.647058823529417904e-02,5.588235294117649410e-02
1.700000000000000000e+02,5.294117647058815823e-02,2.941176470588235947e-02
1.700000000000000000e+02,3.470588235294117530e-01,2.647058823529413463e-02
1.700000000000000000e+02,9.705882352941175295e-02,8.235294117647051770e-02
1.700000000000000000e+02,3.205882352941176183e-01,1.323529411764705621e-01
1.700000000000000000e+02,3.147058823529411686e-01,3.823529411764703401e-02
1.700000000000000000e+02,-1.176470588235289938e-02,7.941176470588240388e-02
1.700000000000000000e+02,1.058823529411764275e-01,7.941176470588240388e-02
1.700000000000000000e+02,2.941176470588235947e-02,2.647058823529413463e-02
1.700000000000000000e+02,-1.176470588235289938e-02,4.411764705882348370e-02
1.700000000000000000e+02,4.411764705882359472e-02,5.882352941176471894e-02
1.700000000000000000e+02,2.941176470588235947e-02,1.764705882352946009e-02
1.700000000000000000e+02,3.323529411764705177e-01,6.176470588235294379e-02
1.700000000000000000e+02,4.411764705882348370e-02,2.647058823529413463e-02
1.700000000000000000e+02,1.176470588235301040e-02,3.529411764705880916e-02
1.700000000000000000e+02,6.764705882352939348e-02,4.117647058823525885e-02
1.700000000000000000e+02,4.411764705882359472e-02,6.470588235294116863e-02
1.700000000000000000e+02,2.941176470588224845e-03,5.588235294117649410e-02
1.700000000000000000e+02,-5.882352941176449690e-03,3.235294117647069534e-02
1.700000000000000000e+02,2.852941176470589202e-01,5.000000000000004441e-02
1.700000000000000000e+02,4.705882352941170854e-02,6.176470588235294379e-02
1.700000000000000000e+02,4.117647058823536987e-02,5.588235294117649410e-02
1.700000000000000000e+02,3.058823529411764941e-01,2.941176470588235947e-02
1.700000000000000000e+02,2.941176470588224845e-03,5.882352941176471894e-02
1.700000000000000000e+02,5.000000000000004441e-02,7.352941176470595419e-02
1.700000000000000000e+02,1.176470588235301040e-02,7.647058823529417904e-02
1.700000000000000000e+02,2.323529411764705399e-01,5.294117647058815823e-02
1.700000000000000000e+02,3.794117647058823373e-01,4.117647058823525885e-02
1.700000000000000000e+02,1.470588235294112422e-02,2.058823529411768494e-02
1.700000000000000000e+02,4.999999999999993339e-02,2.647058823529413463e-02
1.700000000000000000e+02,3.205882352941176183e-01,8.823529411764707842e-02
1.700000000000000000e+02,4.705882352941170854e-02,3.235294117647058432e-02
1.700000000000000000e+02,3.647058823529412130e-01,3.352941176470588536e-01
1.700000000000000000e+02,2.941176470588224845e-03,1.176470588235301040e-02
1.700000000000000000e+02,3.205882352941177293e-01,5.588235294117649410e-02
1.700000000000000000e+02,-1.176470588235289938e-02,4.117647058823536987e-02
1.700000000000000000e+02,-1.176470588235289938e-02,4.705882352941170854e-02
1.700000000000000000e+02,3.529411764705880916e-02,5.000000000000004441e-02
1.700000000000000000e+02,5.588235294117649410e-02,6.470588235294116863e-02
1.700000000000000000e+02,3.235294117647058432e-02,1.470588235294123525e-02
1.700000000000000000e+02,7.058823529411761832e-02,4.411764705882348370e-02
1.700000000000000000e+02,2.588235294117646745e-01,8.529411764705885357e-02
1.700000000000000000e+02,2.941176470588235947e-02,8.235294117647051770e-02
1.700000000000000000e+02,8.529411764705885357e-02,6.176470588235294379e-02
1.700000000000000000e+02,1.470588235294123525e-02,8.235294117647062873e-02
1.700000000000000000e+02,3.823529411764703401e-02,6.176470588235294379e-02
1.700000000000000000e+02,5.882352941176449690e-03,1.176470588235301040e-02
1.700000000000000000e+02,-1.470588235294123525e-02,1.764705882352946009e-02
1.700000000000000000e+02,5.882352941176471894e-02,5.588235294117649410e-02
1.700000000000000000e+02,-1.470588235294112422e-02,1.470588235294123525e-02
1.700000000000000000e+02,4.117647058823536987e-02,4.117647058823536987e-02
1.700000000000000000e+02,3.882352941176470118e-01,2.647058823529413463e-02
1.700000000000000000e+02,3.617647058823528772e-01,7.941176470588229286e-02
1.700000000000000000e+02,2.676470588235293491e-01,1.029411764705882026e-01
1.700000000000000000e+02,5.588235294117649410e-02,7.941176470588240388e-02
1.700000000000000000e+02,3.235294117647058432e-01,4.705882352941181956e-02
1.700000000000000000e+02,3.235294117647069534e-02,7.941176470588240388e-02
1.700000000000000000e+02,3.029411764705882693e-01,3.235294117647058432e-02
1.700000000000000000e+02,1.176470588235289938e-02,2.058823529411757391e-02
1.700000000000000000e+02,-2.941176470588224845e-03,1.764705882352946009e-02
1.700000000000000000e+02,2.941176470588234837e-01,4.117647058823525885e-02
1.700000000000000000e+02,1.176470588235294379e-01,6.470588235294116863e-02
1.700000000000000000e+02,7.058823529411772935e-02,6.470588235294116863e-02
1.700000000000000000e+02,3.852941176470587870e-01,2.647058823529402360e-02
1.700000000000000000e+02,-8.823529411764674535e-03,5.882352941176471894e-02
1.700000000000000000e+02,3.529411764705880916e-02,6.470588235294116863e-02
1.700000000000000000e+02,3.794117647058824483e-01,1.176470588235301040e-02
1.700000000000000000e+02,3.058823529411763831e-01,1.176470588235289938e-02
1.700000000000000000e+02,1.470588235294123525e-02,5.588235294117649410e-02
1.750000000000000000e+02,8.571428571428574283e-02,2.571428571428568954e-02
1.750000000000000000e+02,5.142857142857137909e-02,5.142857142857137909e-02
1.750000000000000000e+02,7.714285714285706863e-02,8.857142857142852321e-02
1.750000000000000000e+02,3.800000000000000044e-01,2.000000000000001776e-02
1.750000000000000000e+02,-2.857142857142891401e-03,4.571428571428570731e-02
1.750000000000000000e+02,3.057142857142857162e-01,1.028571428571428692e-01
1.750000000000000000e+02,2.285714285714290916e-02,3.714285714285714413e-02
1.750000000000000000e+02,3.028571428571428248e-01,4.285714285714281591e-02
1.750000000000000000e+02,-8.571428571428563181e-03,1.714285714285712636e-02
1.750000000000000000e+02,-5.714285714285671780e-03,1.428571428571434598e-02
1.750000000000000000e+02,2.000000000000001776e-02,6.285714285714283367e-02
1.750000000000000000e+02,3.000000000000000444e-01,2.000000000000001776e-02
1.750000000000000000e+02,3.428571428571425272e-02,4.000000000000003553e-02
1.750000000000000000e+02,3.457142857142856407e-01,1.085714285714285410e-01
1.750000000000000000e+02,4.000000000000003553e-02,1.714285714285712636e-02
1.750000000000000000e+02,4.000000000000003553e-02,5.714285714285716189e-02
1.750000000000000000e+02,3.714285714285714413e-02,2.857142857142858094e-02
1.750000000000000000e+02,3.714285714285714413e-02,3.142857142857147235e-02
1.750000000000000000e+02,3.399999999999999689e-01,1.199999999999999956e-01
1.750000000000000000e+02,5.142857142857137909e-02,7.999999999999996003e-02
1.750000000000000000e+02,3.142857142857147235e-02,2.571428571428568954e-02
1.750000000000000000e+02,3.714285714285714413e-02,7.714285714285706863e-02
1.750000000000000000e+02,3.257142857142857340e-01,4.857142857142859871e-02
1.750000000000000000e+02,2.857142857142858094e-02,2.857142857142858094e-02
1.750000000000000000e+02,3.228571428571428426e-01,5.428571428571427049e-02
1.750000000000000000e+02,1.142857142857145458e-02,4.571428571428570731e-02
1.750000000000000000e+02,-1.142857142857145458e-02,2.857142857142891401e-03
1.750000000000000000e+02,4.057142857142856940e-01,6.000000000000005329e-02
1.750000000000000000e+02,-1.428571428571434598e-02,1.999999999999990674e-02
1.750000000000000000e+02,3.685714285714285499e-01,3.428571428571425272e-02
1.750000000000000000e+02,-3.428571428571436375e-02,2.571428571428568954e-02
1.750000000000000000e+02,2.857142857142858094e-02,4.857142857142848769e-02
1.750000000000000000e+02,3.085714285714284966e-01,1.428571428571423496e-02
1.750000000000000000e+02,4.285714285714292693e-02,5.142857142857149011e-02
1.750000000000000000e+02,2.285714285714290916e-02,4.571428571428570731e-02
1.750000000000000000e+02,3.428571428571425272e-02,9.428571428571419499e-02
1.750000000000000000e+02,1.428571428571434598e-02,2.285714285714290916e-02
1.750000000000000000e+02,1.714285714285712636e-02,4.285714285714281591e-02
1.750000000000000000e+02,3.628571428571428781e-01,5.714285714285716189e-02
1.750000000000000000e+02,3.714285714285714413e-02,2.571428571428568954e-02
1.750000000000000000e+02,3.371428571428571885e-01,3.428571428571436375e-02
1.750000000000000000e+02,5.999999999999994227e-02,1.085714285714285410e-01
1.750000000000000000e+02,4.571428571428570731e-02,3.428571428571425272e-02
1.750000000000000000e+02,3.428571428571436375e-02,5.428571428571427049e-02
1.750000000000000000e+02,4.571428571428570731e-02,4.571428571428570731e-02
1.750000000000000000e+02,-1.428571428571423496e-02,1.428571428571423496e-02
1.750000000000000000e+02,3.399999999999999689e-01,7.714285714285717965e-02
1.750000000000000000e+02,3.000000000000000444e-01,1.428571428571434598e-02
1.750000000000000000e+02,3.342857142857142971e-01,4.000000000000003553e-02
1.750000000000000000e+02,0.000000000000000000e+00,4.285714285714292693e-02
1.750000000000000000e+02,-1.714285714285712636e-02,2.857142857142858094e-02
1.750000000000000000e+02,3.142857142857147235e-02,1.714285714285723738e-02
1.750000000000000000e+02,4.085714285714285854e-01,4.857142857142859871e-02
1.750000000000000000e+02,5.714285714285782802e-03,3.428571428571436375e-02
1.750000000000000000e+02,3.457142857142856407e-01,6.857142857142850545e-02
1.750000000000000000e+02,3.942857142857143504e-01,5.142857142857149011e-02
1.750000000000000000e+02,2.628571428571429003e-01,7.714285714285717965e-02
1.750000000000000000e+02,1.714285714285712636e-02,1.142857142857134356e-02
1.750000000000000000e+02,5.714285714285716189e-02,3.428571428571425272e-02
1.750000000000000000e+02,6.285714285714283367e-02,2.285714285714290916e-02
1.750000000000000000e+02,8.571428571428563181e-03,1.142857142857145458e-02
1.750000000000000000e+02,3.485714285714286431e-01,6.000000000000005329e-02
1.750000000000000000e+02,3.714285714285714413e-02,4.857142857142848769e-02
1.750000000000000000e+02,2.999999999999999334e-01,6.571428571428572507e-02
1.750000000000000000e+02,2.714285714285714635e-01,-5.714285714285671780e-03
1.750000000000000000e+02,5.428571428571427049e-02,4.571428571428570731e-02
1.750000000000000000e+02,3.514285714285714235e-01,2.857142857142858094e-02
1.750000000000000000e+02,5.714285714285782802e-03,4.000000000000003553e-02
1.750000000000000000e+02,1.714285714285712636e-02,5.142857142857137909e-02
1.750000000000000000e+02,2.285714285714279814e-02,4.571428571428570731e-02
1.750000000000000000e+02,2.571428571428568954e-02,2.857142857142846992e-02
1.750000000000000000e+02,5.142857142857137909e-02,3.714285714285703310e-02
1.750000000000000000e+02,5.142857142857137909e-02,2.571428571428568954e-02
1.750000000000000000e+02,8.857142857142852321e-02,4.571428571428570731e-02
1.750000000000000000e+02,2.857142857142780379e-03,4.571428571428570731e-02
1.750000000000000000e+02,3.171428571428571708e-01,6.857142857142850545e-02
1.750000000000000000e+02,3.228571428571428426e-01,4.857142857142859871e-02
1.750000000000000000e+02,3.314285714285714057e-01,2.857142857142858094e-02
1.750000000000000000e+02,-1.428571428571423496e-02,6.571428571428572507e-02
1.750000000000000000e+02,-1.428571428571434598e-02,8.571428571428563181e-03
1.750000000000000000e+02,2.000000000000001776e-02,3.142857142857147235e-02
1.750000000000000000e+02,3.142857142857147235e-02,7.142857142857150787e-02
1.750000000000000000e+02,0.000000000000000000e+00,2.857142857142858094e-02
1.750000000000000000e+02,3.714285714285714413e-02,2.571428571428580057e-02
1.750000000000000000e+02,3.742857142857142216e-01,1.657142857142857029e-01
1.750000000000000000e+02,1.285714285714285587e-01,8.571428571428574283e-02
1.750000000000000000e+02,3.599999999999999867e-01,2.857142857142858094e-02
1.750000000000000000e+02,3.571428571428572063e-01,7.999999999999996003e-02
1.750000000000000000e+02,0.000000000000000000e+00,1.428571428571434598e-02
1.750000000000000000e+02,2.857142857142858094e-02,2.000000000000001776e-02
1.750000000000000000e+02,3.085714285714286076e-01,4.285714285714281591e-02
1.750000000000000000e+02,-2.857142857142858094e-02,3.142857142857147235e-02
1.750000000000000000e+02,3.714285714285714413e-02,2.285714285714279814e-02
1.750000000000000000e+02,3.228571428571428426e-01,3.714285714285714413e-02
1.750000000000000000e+02,1.000000000000000888e-01,2.285714285714290916e-02
1.750000000000000000e+02,4.571428571428570731e-02,4.285714285714281591e-02
1.750000000000000000e+02,8.571428571428563181e-03,1.428571428571423496e-02
1.750000000000000000e+02,4.285714285714281591e-02,3.142857142857147235e-02
1.750000000000000000e+02,2.971428571428571530e-01,3.999999999999992450e-02
1.750000000000000000e+02,3.142857142857136132e-02,6.285714285714283367e-02
1.800000000000000000e+02,9.444444444444444198e-02,7.777777777777783452e-02
1.800000000000000000e+02,-2.222222222222225430e-02,6.388888888888888395e-02
1.800000000000000000e+02,3.944444444444444864e-01,4.444444444444439757e-02
1.800000000000000000e+02,-5.555555555555535818e-03,3.611111111111109384e-02
1.800000000000000000e+02,5.555555555555535818e-03,7.499999999999995559e-02
1.800000000000000000e+02,3.055555555555555802e-02,6.111111111111111605e-02
1.800000000000000000e+02,2.777777777777779011e-02,4.166666666666662966e-02
1.800000000000000000e+02,5.555555555555535818e-03,3.055555555555555802e-02
1.800000000000000000e+02,3.916666666666667185e-01,8.611111111111113825e-02
1.800000000000000000e+02,1.111111111111118266e-02,1.388888888888895057e-02
1.800000000000000000e+02,3.888888888888886175e-02,5.833333333333334814e-02
1.800000000000000000e+02,1.666666666666671848e-02,5.555555555555535818e-03
1.800000000000000000e+02,6.666666666666665186e-02,3.055555555555555802e-02
1.800000000000000000e+02,3.333333333333332593e-02,5.277777777777770130e-02
1.800000000000000000e+02,5.277777777777781232e-02,5.555555555555558023e-02
1.800000000000000000e+02,4.722222222222216548e-02,3.333333333333332593e-02
1.800000000000000000e+02,2.777777777777779011e-02,3.333333333333332593e-02
1.800000000000000000e+02,9.999999999999997780e-02,8.055555555555560243e-02
1.800000000000000000e+02,3.055555555555555802e-02,5.555555555555646841e-03
1.800000000000000000e+02,3.555555555555556246e-01,-5.555555555555535818e-03
1.800000000000000000e+02,2.888888888888888618e-01,9.444444444444444198e-02
1.800000000000000000e+02,2.083333333333333703e-01,3.888888888888886175e-02
1.800000000000000000e+02,3.361111111111111382e-01,4.722222222222216548e-02
1.800000000000000000e+02,-2.777777777777767909e-03,5.277777777777770130e-02
1.800000000000000000e+02,1.388888888888883955e-02,8.333333333333303727e-03
1.800000000000000000e+02,6.388888888888888395e-02,6.944444444444441977e-02
1.800000000000000000e+02,3.666666666666666963e-01,3.333333333333332593e-02
1.800000000000000000e+02,8.333333333333303727e-03,5.555555555555535818e-03
1.800000000000000000e+02,4.999999999999993339e-02,3.055555555555555802e-02
1.800000000000000000e+02,-1.666666666666671848e-02,1.944444444444437536e-02
1.800000000000000000e+02,1.666666666666671848e-02,5.277777777777781232e-02
1.800000000000000000e+02,3.055555555555555802e-02,5.000000000000004441e-02
1.800000000000000000e+02,1.111111111111107164e-02,4.999999999999993339e-02
1.800000000000000000e+02,8.333333333333303727e-03,4.166666666666662966e-02
1.800000000000000000e+02,-8.333333333333414750e-03,1.388888888888883955e-02
1.800000000000000000e+02,1.944444444444437536e-02,1.111111111111107164e-02
1.800000000000000000e+02,2.777777777777767909e-03,4.722222222222216548e-02
1.800000000000000000e+02,3.249999999999999556e-01,3.055555555555555802e-02
1.800000000000000000e+02,2.416666666666665853e-01,1.944444444444437536e-02
1.800000000000000000e+02,2.777777777777767909e-03,3.611111111111109384e-02
1.800000000000000000e+02,2.777777777777779011e-02,9.166666666666667407e-02
1.800000000000000000e+02,2.500000000000002220e-02,5.833333333333334814e-02
1.800000000000000000e+02,3.472222222222222099e-01,6.666666666666665186e-02
1.800000000000000000e+02,-2.222222222222225430e-02,2.777777777777779011e-02
1.800000000000000000e+02,2.500000000000002220e-02,8.333333333333414750e-03
1.800000000000000000e+02,-1.111111111111118266e-02,-1.388888888888895057e-02
1.800000000000000000e+02,5.555555555555535818e-03,4.722222222222216548e-02
1.800000000000000000e+02,3.888888888888886175e-02,1.944444444444448639e-02
1.800000000000000000e+02,-2.777777777777767909e-03,2.777777777777779011e-02
1.800000000000000000e+02,4.166666666666662966e-02,9.166666666666667407e-02
1.800000000000000000e+02,2.777777777777767909e-03,5.277777777777770130e-02
1.800000000000000000e+02,3.888888888888886175e-02,4.444444444444439757e-02
1.800000000000000000e+02,8.333333333333414750e-03,1.111111111111118266e-02
1.800000000000000000e+02,3.666666666666666963e-01,9.722222222222232091e-02
1.800000000000000000e+02,0.000000000000000000e+00,3.888888888888897277e-02
1.800000000000000000e+02,1.388888888888895057e-02,2.222222222222225430e-02
1.800000000000000000e+02,7.499999999999995559e-02,7.499999999999995559e-02
1.800000000000000000e+02,3.138888888888888840e-01,8.333333333333303727e-03
1.800000000000000000e+02,3.611111111111111605e-01,3.055555555555555802e-02
1.800000000000000000e+02,2.944444444444443976e-01,3.333333333333332593e-02
1.800000000000000000e+02,-3.333333333333343695e-02,0.000000000000000000e+00
1.800000000000000000e+02,3.194444444444445308e-01,7.500000000000006661e-02
1.800000000000000000e+02,8.333333333333303727e-03,3.888888888888886175e-02
1.800000000000000000e+02,-2.777777777777767909e-03,2.500000000000002220e-02
1.800000000000000000e+02,-1.388888888888895057e-02,2.500000000000002220e-02
1.800000000000000000e+02,2.500000000000002220e-02,5.555555555555558023e-02
1.800000000000000000e+02,3.277777777777778345e-01,1.666666666666671848e-02
1.800000000000000000e+02,3.305555555555554914e-01,4.722222222222216548e-02
1.800000000000000000e+02,5.833333333333334814e-02,3.611111111111109384e-02
1.800000000000000000e+02,1.250000000000000000e-01,9.722222222222220989e-02
1.800000000000000000e+02,3.916666666666667185e-01,6.111111111111111605e-02
1.800000000000000000e+02,-5.555555555555535818e-03,3.611111111111109384e-02
1.800000000000000000e+02,3.611111111111109384e-02,4.999999999999993339e-02
1.800000000000000000e+02,2.222222222222225430e-02,2.222222222222225430e-02
1.800000000000000000e+02,4.444444444444450859e-02,3.055555555555555802e-02
1.800000000000000000e+02,3.055555555555555802e-02,3.333333333333332593e-02
1.800000000000000000e+02,5.555555555555535818e-03,1.944444444444448639e-02
1.800000000000000000e+02,1.666666666666671848e-02,7.500000000000006661e-02
1.800000000000000000e+02,4.444444444444439757e-02,6.388888888888888395e-02
1.800000000000000000e+02,3.333333333333332593e-02,5.555555555555558023e-02
1.800000000000000000e+02,0.000000000000000000e+00,4.444444444444439757e-02
1.800000000000000000e+02,-1.111111111111118266e-02,3.611111111111109384e-02
1.800000000000000000e+02,2.777777777777779011e-02,8.333333333333414750e-03
1.800000000000000000e+02,3.638888888888888173e-01,5.277777777777770130e-02
1.800000000000000000e+02,3.055555555555555802e-01,4.722222222222227650e-02
1.800000000000000000e+02,0.000000000000000000e+00,5.833333333333334814e-02
1.800000000000000000e+02,1.944444444444448639e-02,8.888888888888890616e-02
1.800000000000000000e+02,1.666666666666671848e-02,6.111111111111111605e-02
1.800000000000000000e+02,1.944444444444448639e-02,6.111111111111111605e-02
1.800000000000000000e+02,1.666666666666660745e-02,2.222222222222214327e-02
1.800000000000000000e+02,-2.777777777777767909e-03,1.111111111111118266e-02
1.800000000000000000e+02,-1.111111111111107164e-02,1.388888888888883955e-02
1.800000000000000000e+02,2.777777777777779011e-02,8.888888888888890616e-02
1.800000000000000000e+02,1.944444444444437536e-02,3.611111111111109384e-02
1.800000000000000000e+02,2.500000000000002220e-02,4.722222222222227650e-02
1.800000000000000000e+02,2.222222222222214327e-02,2.499999999999991118e-02
1.800000000000000000e+02,3.611111111111120486e-02,2.777777777777779011e-02
1.800000000000000000e+02,-8.333333333333303727e-03,3.333333333333332593e-02
1.800000000000000000e+02,-1.111111111111118266e-02,4.722222222222216548e-02
1.800000000000000000e+02,8.333333333333303727e-03,1.388888888888895057e-02
1.850000000000000000e+02,3.297297297297298035e-01,4.054054054054057055e-02
1.850000000000000000e+02,3.243243243243243423e-02,1.243243243243242757e-01
1.850000000000000000e+02,3.702702702702702631e-01,3.513513513513510933e-02
1.850000000000000000e+02,2.162162162162162282e-02,5.675675675675673215e-02
1.850000000000000000e+02,1.351351351351348651e-02,1.351351351351348651e-02
1.850000000000000000e+02,2.783783783783783106e-01,1.081081081081081141e-02
1.850000000000000000e+02,-5.405405405405350194e-03,1.621621621621627263e-02
1.850000000000000000e+02,1.891891891891894772e-02,4.054054054054057055e-02
1.850000000000000000e+02,1.162162162162161394e-01,9.189189189189184148e-02
1.850000000000000000e+02,1.351351351351359753e-02,3.513513513513522035e-02
1.850000000000000000e+02,5.135135135135138196e-02,3.513513513513510933e-02
1.850000000000000000e+02,-5.405405405405461217e-03,1.621621621621616161e-02
1.850000000000000000e+02,5.135135135135138196e-02,3.243243243243243423e-02
1.850000000000000000e+02,6.486486486486486847e-02,3.783783783783789545e-02
1.850000000000000000e+02,3.324324324324324786e-01,6.216216216216219337e-02
1.850000000000000000e+02,3.108108108108108558e-01,3.243243243243243423e-02
1.850000000000000000e+02,1.621621621621616161e-02,6.486486486486486847e-02
1.850000000000000000e+02,2.702702702702702853e-01,4.594594594594603176e-02
1.850000000000000000e+02,2.702702702702697302e-02,4.594594594594592074e-02
1.850000000000000000e+02,5.945945945945951827e-02,4.324324324324324564e-02
1.850000000000000000e+02,3.243243243243243423e-01,3.513513513513522035e-02
1.850000000000000000e+02,1.081081081081081141e-02,6.216216216216219337e-02
1.850000000000000000e+02,3.189189189189188811e-01,6.216216216216208235e-02
1.850000000000000000e+02,-8.108108108108136314e-03,4.594594594594592074e-02
1.850000000000000000e+02,1.621621621621627263e-02,2.972972972972975914e-02
1.850000000000000000e+02,2.162162162162162282e-02,5.405405405405405705e-02
1.850000000000000000e+02,2.972972972972975914e-02,2.162162162162162282e-02
1.850000000000000000e+02,2.675675675675674992e-01,1.081081081081081141e-02
1.850000000000000000e+02,2.162162162162162282e-02,4.324324324324324564e-02
1.850000000000000000e+02,1.351351351351348651e-02,4.864864864864859584e-02
1.850000000000000000e+02,-5.405405405405350194e-03,5.405405405405461217e-03
1.850000000000000000e+02,7.837837837837846600e-02,1.054054054054054390e-01
1.850000000000000000e+02,4.324324324324324564e-02,1.162162162162162504e-01
1.850000000000000000e+02,3.243243243243243423e-02,7.837837837837835497e-02
1.850000000000000000e+02,5.405405405405350194e-03,4.054054054054057055e-02
1.850000000000000000e+02,2.702702702702697302e-02,5.405405405405350194e-03
1.850000000000000000e+02,4.324324324324324564e-02,6.486486486486486847e-02
1.850000000000000000e+02,3.162162162162163170e-01,8.918918918918927741e-02
1.850000000000000000e+02,3.243243243243243423e-02,2.702702702702708404e-02
1.850000000000000000e+02,3.945945945945945610e-01,6.756756756756754356e-02
1.850000000000000000e+02,3.513513513513510933e-02,4.594594594594592074e-02
1.850000000000000000e+02,2.972972972972975914e-02,5.405405405405405705e-02
1.850000000000000000e+02,3.378378378378378288e-01,5.405405405405405705e-02
1.850000000000000000e+02,-5.405405405405350194e-03,5.405405405405405705e-02
1.850000000000000000e+02,-1.351351351351348651e-02,1.351351351351359753e-02
1.850000000000000000e+02,3.243243243243243423e-02,7.567567567567567988e-02
1.850000000000000000e+02,2.702702702702708404e-02,5.135135135135138196e-02
1.850000000000000000e+02,-8.108108108108136314e-03,8.108108108108025291e-03
1.850000000000000000e+02,1.351351351351359753e-02,4.594594594594603176e-02
1.850000000000000000e+02,-2.702702702702675097e-03,2.702702702702786119e-03
1.850000000000000000e+02,4.324324324324324564e-02,4.864864864864859584e-02
1.850000000000000000e+02,1.891891891891894772e-02,9.189189189189195250e-02
1.850000000000000000e+02,-5.405405405405461217e-03,7.837837837837835497e-02
1.850000000000000000e+02,1.621621621621627263e-02,7.297297297297300478e-02
1.850000000000000000e+02,3.513513513513522035e-02,7.567567567567567988e-02
1.850000000000000000e+02,3.513513513513522035e-02,1.000000000000000888e-01
1.850000000000000000e+02,4.324324324324324564e-02,2.972972972972975914e-02
1.850000000000000000e+02,0.000000000000000000e+00,1.891891891891894772e-02
1.850000000000000000e+02,1.621621621621616161e-02,5.405405405405350194e-03
1.850000000000000000e+02,2.702702702702697302e-02,4.324324324324324564e-02
1.850000000000000000e+02,1.081081081081081141e-02,4.864864864864870686e-02
1.850000000000000000e+02,8.108108108108136314e-03,1.621621621621616161e-02
1.850000000000000000e+02,4.324324324324324564e-02,4.054054054054045952e-02
1.850000000000000000e+02,2.972972972972972583e-01,6.756756756756754356e-02
1.850000000000000000e+02,8.918918918918916638e-02,4.594594594594592074e-02
1.850000000000000000e+02,1.351351351351348651e-02,5.675675675675673215e-02
1.850000000000000000e+02,1.351351351351348651e-02,2.162162162162162282e-02
1.850000000000000000e+02,5.675675675675673215e-02,1.621621621621627263e-02
1.850000000000000000e+02,0.000000000000000000e+00,2.972972972972964811e-02
1.850000000000000000e+02,-8.108108108108136314e-03,2.432432432432429792e-02
1.850000000000000000e+02,9.459459459459462760e-02,5.945945945945951827e-02
1.850000000000000000e+02,1.891891891891894772e-02,6.216216216216219337e-02
1.850000000000000000e+02,3.351351351351351537e-01,3.783783783783789545e-02
1.850000000000000000e+02,3.891891891891892108e-01,3.513513513513510933e-02
1.850000000000000000e+02,0.000000000000000000e+00,1.351351351351348651e-02
1.850000000000000000e+02,5.945945945945951827e-02,4.324324324324324564e-02
1.850000000000000000e+02,1.621621621621627263e-02,1.351351351351348651e-02
1.850000000000000000e+02,1.351351351351359753e-02,1.351351351351359753e-02
1.850000000000000000e+02,5.405405405405350194e-03,1.621621621621616161e-02
1.850000000000000000e+02,-5.405405405405350194e-03,4.594594594594592074e-02
1.850000000000000000e+02,2.972972972972975914e-02,1.891891891891894772e-02
1.850000000000000000e+02,3.783783783783778443e-02,3.513513513513510933e-02
1.850000000000000000e+02,4.324324324324324564e-02,6.216216216216219337e-02
1.850000000000000000e+02,1.621621621621616161e-02,2.972972972972964811e-02
1.850000000000000000e+02,1.621621621621616161e-02,5.945945945945940725e-02
1.850000000000000000e+02,1.621621621621627263e-02,2.162162162162162282e-02
1.850000000000000000e+02,3.918918918918918859e-01,2.432432432432429792e-02
1.850000000000000000e+02,1.891891891891894772e-02,6.486486486486486847e-02
1.850000000000000000e+02,2.432432432432429792e-02,4.864864864864859584e-02
1.850000000000000000e+02,-5.405405405405461217e-03,1.891891891891894772e-02
1.850000000000000000e+02,2.432432432432429792e-02,4.594594594594592074e-02
1.850000000000000000e+02,1.081081081081081141e-02,6.486486486486486847e-02
1.850000000000000000e+02,1.351351351351348651e-02,1.891891891891894772e-02
1.850000000000000000e+02,2.162162162162162282e-02,1.351351351351359753e-02
1.850000000000000000e+02,4.864864864864870686e-02,7.027027027027032968e-02
1.850000000000000000e+02,0.000000000000000000e+00,4.054054054054057055e-02
1.850000000000000000e+02,3.783783783783778443e-02,3.783783783783778443e-02
1.850000000000000000e+02,8.108108108108025291e-03,3.513513513513510933e-02
1.850000000000000000e+02,4.054054054054045952e-02,7.837837837837835497e-02
1.850000000000000000e+02,5.405405405405461217e-03,1.351351351351359753e-02
1.900000000000000000e+02,3.421052631578946901e-02,4.473684210526318594e-02
1.900000000000000000e+02,3.210526315789473673e-01,5.526315789473690288e-02
1.900000000000000000e+02,3.526315789473685181e-01,6.052631578947376134e-02
1.900000000000000000e+02,4.210526315789475671e-02,5.263157894736836262e-02
1.900000000000000000e+02,5.000000000000004441e-02,3.947368421052632748e-02
1.900000000000000000e+02,1.578947368421057540e-02,2.631578947368418131e-02
1.900000000000000000e+02,7.894736842105287700e-03,1.842105263157900463e-02
1.900000000000000000e+02,1.315789473684203514e-02,1.842105263157889361e-02
1.900000000000000000e+02,5.263157894736836262e-02,8.421052631578940240e-02
1.900000000000000000e+02,1.578947368421046438e-02,6.842105263157893802e-02
1.900000000000000000e+02,5.000000000000004441e-02,5.789473684210533211e-02
1.900000000000000000e+02,-2.631578947368429233e-03,4.210526315789475671e-02
1.900000000000000000e+02,1.052631578947371693e-02,2.368421052631575208e-02
1.900000000000000000e+02,-1.315789473684214617e-02,5.526315789473679185e-02
1.900000000000000000e+02,2.894736842105261054e-02,2.631578947368418131e-02
1.900000000000000000e+02,5.000000000000004441e-02,5.263157894736847364e-02
1.900000000000000000e+02,5.263157894736858466e-03,2.631578947368429233e-03
1.900000000000000000e+02,3.157894736842103978e-02,4.210526315789464569e-02
1.900000000000000000e+02,1.842105263157889361e-02,7.631578947368422572e-02
1.900000000000000000e+02,0.000000000000000000e+00,3.157894736842103978e-02
1.900000000000000000e+02,1.578947368421046438e-02,4.736842105263150415e-02
1.900000000000000000e+02,3.947368421052632748e-02,3.684210526315789824e-02
1.900000000000000000e+02,7.894736842105287700e-03,3.684210526315789824e-02
1.900000000000000000e+02,4.210526315789464569e-02,4.736842105263150415e-02
1.900000000000000000e+02,1.052631578947371693e-02,6.315789473684207955e-02
1.900000000000000000e+02,1.052631578947371693e-02,3.947368421052632748e-02
1.900000000000000000e+02,-7.894736842105287700e-03,5.789473684210533211e-02
1.900000000000000000e+02,1.578947368421046438e-02,7.105263157894736725e-02
1.900000000000000000e+02,-7.894736842105287700e-03,6.052631578947365032e-02
1.900000000000000000e+02,1.842105263157889361e-02,2.368421052631575208e-02
1.900000000000000000e+02,2.368421052631575208e-02,5.263157894736836262e-02
1.900000000000000000e+02,1.342105263157895578e-01,7.105263157894736725e-02
1.900000000000000000e+02,3.947368421052632748e-02,2.368421052631586310e-02
1.900000000000000000e+02,2.368421052631575208e-02,2.368421052631575208e-02
1.900000000000000000e+02,2.631578947368429233e-03,5.789473684210522109e-02
1.900000000000000000e+02,2.105263157894732284e-02,1.842105263157889361e-02
1.900000000000000000e+02,-1.842105263157900463e-02,1.052631578947371693e-02
1.900000000000000000e+02,4.210526315789475671e-02,3.157894736842103978e-02
1.900000000000000000e+02,1.842105263157889361e-02,4.999999999999993339e-02
1.900000000000000000e+02,7.894736842105176677e-03,5.263157894736858466e-03
1.900000000000000000e+02,1.052631578947371693e-02,7.368421052631579649e-02
1.900000000000000000e+02,3.921052631578947345e-01,1.578947368421057540e-02
1.900000000000000000e+02,-3.157894736842103978e-02,2.105263157894743387e-02
1.900000000000000000e+02,2.631578947368429233e-03,6.578947368421061981e-02
1.900000000000000000e+02,3.631578947368421240e-01,2.894736842105261054e-02
1.900000000000000000e+02,4.210526315789475671e-02,5.263157894736847364e-02
1.900000000000000000e+02,-1.578947368421057540e-02,3.421052631578946901e-02
1.900000000000000000e+02,5.263157894736858466e-03,3.157894736842103978e-02
1.900000000000000000e+02,3.947368421052632748e-02,3.421052631578946901e-02
1.900000000000000000e+02,1.842105263157900463e-02,2.105263157894732284e-02
1.900000000000000000e+02,3.210526315789473673e-01,7.368421052631579649e-02
1.900000000000000000e+02,3.421052631578946901e-02,4.473684210526318594e-02
1.900000000000000000e+02,2.631578947368418131e-02,2.631578947368418131e-02
1.900000000000000000e+02,2.631578947368418131e-02,4.736842105263150415e-02
1.900000000000000000e+02,2.105263157894732284e-02,8.157894736842108419e-02
1.900000000000000000e+02,3.289473684210526550e-01,6.578947368421050879e-02
1.900000000000000000e+02,2.736842105263157521e-01,4.210526315789464569e-02
1.900000000000000000e+02,3.500000000000000888e-01,5.789473684210533211e-02
1.900000000000000000e+02,3.157894736842115080e-02,4.210526315789475671e-02
1.900000000000000000e+02,3.447368421052631193e-01,1.078947368421052655e-01
1.900000000000000000e+02,3.684210526315789824e-02,2.368421052631586310e-02
1.900000000000000000e+02,1.052631578947371693e-02,7.368421052631579649e-02
1.900000000000000000e+02,2.368421052631575208e-02,2.368421052631575208e-02
1.900000000000000000e+02,4.736842105263161518e-02,2.894736842105261054e-02
1.900000000000000000e+02,3.368421052631578316e-01,3.947368421052632748e-02
1.900000000000000000e+02,2.631578947368429233e-02,6.052631578947376134e-02
1.900000000000000000e+02,5.789473684210522109e-02,5.526315789473679185e-02
1.900000000000000000e+02,3.157894736842103978e-02,4.736842105263150415e-02
1.900000000000000000e+02,0.000000000000000000e+00,0.000000000000000000e+00
1.900000000000000000e+02,-2.631578947368429233e-03,3.947368421052621645e-02
1.900000000000000000e+02,1.026315789473684070e-01,6.578947368421050879e-02
1.900000000000000000e+02,3.684210526315789824e-02,6.052631578947376134e-02
1.900000000000000000e+02,1.052631578947371693e-02,2.631578947368429233e-03
1.900000000000000000e+02,3.763157894736841591e-01,2.894736842105261054e-02
1.900000000000000000e+02,3.052631578947367919e-01,1.315789473684203514e-02
1.900000000000000000e+02,3.157894736842103978e-02,4.473684210526318594e-02
1.900000000000000000e+02,1.315789473684214617e-02,1.315789473684214617e-02
1.900000000000000000e+02,2.368421052631575208e-02,4.473684210526307492e-02
1.900000000000000000e+02,1.842105263157889361e-02,4.736842105263150415e-02
1.900000000000000000e+02,6.052631578947365032e-02,6.315789473684207955e-02
1.900000000000000000e+02,9.999999999999997780e-02,1.078947368421052655e-01
1.900000000000000000e+02,0.000000000000000000e+00,5.789473684210533211e-02
1.900000000000000000e+02,4.736842105263161518e-02,4.210526315789475671e-02
1.900000000000000000e+02,6.052631578947376134e-02,3.157894736842115080e-02
1.900000000000000000e+02,3.421052631578946901e-02,4.473684210526307492e-02
1.900000000000000000e+02,4.999999999999993339e-02,7.105263157894736725e-02
1.900000000000000000e+02,2.631578947368418131e-02,5.789473684210522109e-02
1.900000000000000000e+02,-2.631578947368318211e-03,7.894736842105287700e-03
1.900000000000000000e+02,3.421052631578946901e-02,6.578947368421050879e-02
1.900000000000000000e+02,9.736842105263154856e-02,3.157894736842103978e-02
1.900000000000000000e+02,-7.894736842105176677e-03,1.578947368421057540e-02
1.900000000000000000e+02,5.263157894736858466e-03,6.052631578947365032e-02
1.900000000000000000e+02,2.631578947368429233e-03,4.473684210526307492e-02
1.900000000000000000e+02,1.052631578947371693e-02,2.368421052631575208e-02
1.900000000000000000e+02,1.315789473684214617e-02,0.000000000000000000e+00
1.900000000000000000e+02,3.236842105263157965e-01,7.631578947368422572e-02
1.900000000000000000e+02,3.552631578947368363e-01,7.368421052631579649e-02
1.900000000000000000e+02,2.105263157894743387e-02,3.684210526315789824e-02
1.900000000000000000e+02,3.684210526315789824e-02,3.421052631578958003e-02
1.900000000000000000e+02,2.894736842105272157e-02,6.842105263157904904e-02
1.950000000000000000e+02,4.358974358974354590e-02,4.102564102564099091e-02
1.950000000000000000e+02,4.358974358974354590e-02,3.589743589743588092e-02
1.950000000000000000e+02,4.102564102564099091e-02,4.102564102564099091e-02
1.950000000000000000e+02,1.025641025641021997e-02,4.871794871794865589e-02
1.950000000000000000e+02,2.307692307692299494e-02,6.153846153846154188e-02
1.950000000000000000e+02,3.512820512820512553e-01,7.948717948717942683e-02
1.950000000000000000e+02,2.051282051282055097e-02,4.615384615384621192e-02
1.950000000000000000e+02,1.538461538461544098e-02,2.051282051282055097e-02
1.950000000000000000e+02,4.102564102564099091e-02,5.128205128205132191e-02
1.950000000000000000e+02,3.153846153846153744e-01,3.333333333333332593e-02
1.950000000000000000e+02,-5.128205128205109986e-03,2.820512820512821595e-02
1.950000000000000000e+02,3.641025641025641413e-01,3.333333333333332593e-02
1.950000000000000000e+02,3.179487179487179294e-01,4.358974358974354590e-02
1.950000000000000000e+02,1.025641025641021997e-02,7.692307692307687184e-02
1.950000000000000000e+02,5.128205128205121088e-02,9.230769230769231282e-02
1.950000000000000000e+02,3.461538461538461453e-01,5.641025641025643189e-02
1.950000000000000000e+02,3.410256410256410353e-01,3.333333333333332593e-02
1.950000000000000000e+02,2.051282051282043994e-02,2.051282051282043994e-02
1.950000000000000000e+02,3.717948717948718063e-01,4.615384615384621192e-02
1.950000000000000000e+02,3.589743589743588092e-02,4.871794871794876691e-02
1.950000000000000000e+02,3.666666666666666963e-01,1.025641025641033099e-02
1.950000000000000000e+02,1.282051282051277497e-02,4.871794871794876691e-02
1.950000000000000000e+02,3.333333333333332593e-02,4.615384615384610090e-02
1.950000000000000000e+02,1.025641025641021997e-02,3.076923076923077094e-02
1.950000000000000000e+02,4.615384615384610090e-02,4.615384615384610090e-02
1.950000000000000000e+02,3.205128205128204844e-01,4.871794871794876691e-02
1.950000000000000000e+02,-2.564102564102554993e-03,2.820512820512821595e-02
1.950000000000000000e+02,1.538461538461532996e-02,7.435897435897431684e-02
1.950000000000000000e+02,3.794871794871794712e-01,4.102564102564099091e-02
1.950000000000000000e+02,3.512820512820512553e-01,6.923076923076920686e-02
1.950000000000000000e+02,0.000000000000000000e+00,3.076923076923077094e-02
1.950000000000000000e+02,7.692307692307664979e-03,6.410256410256409687e-02
1.950000000000000000e+02,7.692307692307664979e-03,5.897435897435898688e-02
1.950000000000000000e+02,1.282051282051288599e-02,2.820512820512821595e-02
1.950000000000000000e+02,3.076923076923077094e-02,7.692307692307664979e-03
1.950000000000000000e+02,5.128205128205132191e-02,4.615384615384610090e-02
1.950000000000000000e+02,5.128205128205109986e-03,3.846153846153843592e-02
1.950000000000000000e+02,3.333333333333332593e-02,4.102564102564099091e-02
1.950000000000000000e+02,2.307692307692310596e-02,3.846153846153843592e-02
1.950000000000000000e+02,2.564102564102554993e-03,5.641025641025643189e-02
1.950000000000000000e+02,-2.564102564102554993e-03,5.384615384615387690e-02
1.950000000000000000e+02,3.153846153846153744e-01,5.641025641025643189e-02
1.950000000000000000e+02,-1.794871794871799597e-02,4.871794871794865589e-02
1.950000000000000000e+02,7.692307692307664979e-03,5.128205128205132191e-02
1.950000000000000000e+02,1.794871794871799597e-02,2.564102564102566095e-02
1.950000000000000000e+02,3.512820512820512553e-01,7.692307692307687184e-02
1.950000000000000000e+02,7.692307692307664979e-03,2.307692307692310596e-02
1.950000000000000000e+02,3.589743589743588092e-02,5.128205128205132191e-02
1.950000000000000000e+02,2.820512820512821595e-02,2.820512820512821595e-02
1.950000000000000000e+02,2.307692307692310596e-02,2.051282051282055097e-02
1.950000000000000000e+02,3.487179487179487003e-01,2.564102564102566095e-02
1.950000000000000000e+02,4.871794871794876691e-02,1.538461538461544098e-02
1.950000000000000000e+02,8.974358974358975782e-02,7.435897435897431684e-02
1.950000000000000000e+02,2.051282051282043994e-02,3.076923076923077094e-02
1.950000000000000000e+02,-1.282051282051277497e-02,3.076923076923077094e-02
1.950000000000000000e+02,2.307692307692299494e-02,5.128205128205121088e-02
1.950000000000000000e+02,0.000000000000000000e+00,7.179487179487176185e-02
1.950000000000000000e+02,2.564102564102566095e-02,4.871794871794876691e-02
1.950000000000000000e+02,4.102564102564110193e-02,4.615384615384621192e-02
1.950000000000000000e+02,-2.307692307692310596e-02,3.589743589743588092e-02
1.950000000000000000e+02,2.051282051282055097e-02,6.153846153846154188e-02
1.950000000000000000e+02,3.205128205128205954e-01,-2.564102564102554993e-03
1.950000000000000000e+02,3.589743589743599195e-02,2.564102564102566095e-02
1.950000000000000000e+02,5.128205128205109986e-03,2.564102564102566095e-02
1.950000000000000000e+02,5.128205128205121088e-02,6.153846153846154188e-02
1.950000000000000000e+02,-7.692307692307664979e-03,-7.692307692307664979e-03
1.950000000000000000e+02,2.051282051282055097e-02,4.615384615384621192e-02
1.950000000000000000e+02,1.025641025641021997e-02,3.589743589743588092e-02
1.950000000000000000e+02,4.615384615384621192e-02,2.307692307692310596e-02
1.950000000000000000e+02,0.000000000000000000e+00,2.051282051282043994e-02
1.950000000000000000e+02,1.794871794871788495e-02,1.282051282051277497e-02
1.950000000000000000e+02,3.538461538461538103e-01,1.025641025641021997e-02
1.950000000000000000e+02,7.435897435897431684e-02,2.051282051282043994e-02
1.950000000000000000e+02,5.897435897435898688e-02,5.128205128205132191e-02
1.950000000000000000e+02,2.564102564102554993e-02,3.076923076923077094e-02
1.950000000000000000e+02,1.025641025641033099e-02,2.051282051282055097e-02
1.950000000000000000e+02,3.435897435897435903e-01,7.435897435897431684e-02
1.950000000000000000e+02,2.307692307692310596e-02,3.076923076923077094e-02
1.950000000000000000e+02,3.666666666666666963e-01,8.205128205128209284e-02
1.950000000000000000e+02,4.102564102564110193e-02,6.666666666666676289e-02
1.950000000000000000e+02,3.384615384615384803e-01,2.820512820512821595e-02
1.950000000000000000e+02,-2.564102564102554993e-03,6.666666666666665186e-02
1.950000000000000000e+02,1.794871794871799597e-02,4.102564102564099091e-02
1.950000000000000000e+02,3.025641025641024884e-01,4.358974358974354590e-02
1.950000000000000000e+02,2.820512820512821595e-02,1.794871794871799597e-02
1.950000000000000000e+02,3.333333333333343695e-02,5.384615384615387690e-02
1.950000000000000000e+02,2.051282051282055097e-02,4.358974358974354590e-02
1.950000000000000000e+02,5.128205128205109986e-03,1.538461538461532996e-02
1.950000000000000000e+02,3.461538461538461453e-01,2.564102564102566095e-02
1.950000000000000000e+02,1.282051282051288599e-02,4.358974358974365693e-02
1.950000000000000000e+02,7.692307692307664979e-03,2.307692307692310596e-02
1.950000000000000000e+02,3.794871794871794712e-01,4.615384615384621192e-02
1.950000000000000000e+02,-7.692307692307664979e-03,7.692307692307664979e-03
1.950000000000000000e+02,3.846153846153843592e-02,7.435897435897431684e-02
1.950000000000000000e+02,0.000000000000000000e+00,3.333333333333332593e-02
1.950000000000000000e+02,1.282051282051277497e-02,2.307692307692299494e-02
1.950000000000000000e+02,2.307692307692310596e-02,1.794871794871799597e-02
1.950000000000000000e+02,5.128205128205109986e-03,5.128205128205132191e-02
1.950000000000000000e+02,1.538461538461532996e-02,7.692307692307687184e-02
1.950000000000000000e+02,1.025641025641021997e-02,3.589743589743588092e-02
2.000000000000000000e+02,2.500000000000002220e-02,2.250000000000007550e-02
2.000000000000000000e+02,5.000000000000004441e-02,3.749999999999997780e-02
2.000000000000000000e+02,3.074999999999999956e-01,6.500000000000005773e-02
2.000000000000000000e+02,5.000000000000004441e-03,3.749999999999997780e-02
2.000000000000000000e+02,4.000000000000000222e-01,6.750000000000000444e-02
2.000000000000000000e+02,-1.249999999999995559e-02,2.500000000000057732e-03
2.000000000000000000e+02,4.249999999999998224e-02,4.500000000000003997e-02
2.000000000000000000e+02,2.249999999999996447e-02,1.250000000000006661e-02
2.000000000000000000e+02,1.000000000000000888e-02,3.249999999999997335e-02
2.000000000000000000e+02,3.000000000000002665e-02,2.249999999999996447e-02
2.000000000000000000e+02,1.000000000000000888e-02,1.000000000000000888e-02
2.000000000000000000e+02,3.249999999999997335e-02,3.999999999999992450e-02
2.000000000000000000e+02,2.250000000000007550e-02,5.249999999999999112e-02
2.000000000000000000e+02,3.699999999999999956e-01,6.250000000000000000e-02
2.000000000000000000e+02,2.500000000000057732e-03,1.500000000000001332e-02
2.000000000000000000e+02,-1.250000000000006661e-02,1.249999999999995559e-02
2.000000000000000000e+02,2.500000000000002220e-02,1.500000000000001332e-02
2.000000000000000000e+02,-5.000000000000004441e-03,4.499999999999992895e-02
2.000000000000000000e+02,2.000000000000001776e-02,3.000000000000002665e-02
2.000000000000000000e+02,3.325000000000000178e-01,3.499999999999992006e-02
2.000000000000000000e+02,0.000000000000000000e+00,4.499999999999992895e-02
2.000000000000000000e+02,5.000000000000004441e-03,5.000000000000004441e-02
2.000000000000000000e+02,-5.000000000000004441e-03,3.249999999999997335e-02
2.000000000000000000e+02,0.000000000000000000e+00,7.249999999999989786e-02
2.000000000000000000e+02,2.499999999999946709e-03,6.250000000000000000e-02
2.000000000000000000e+02,0.000000000000000000e+00,1.749999999999996003e-02
2.000000000000000000e+02,1.249999999999995559e-02,4.249999999999998224e-02
2.000000000000000000e+02,0.000000000000000000e+00,1.250000000000006661e-02
2.000000000000000000e+02,2.000000000000001776e-02,7.499999999999995559e-02
2.000000000000000000e+02,5.249999999999999112e-02,6.250000000000000000e-02
2.000000000000000000e+02,2.000000000000001776e-02,3.749999999999997780e-02
2.000000000000000000e+02,3.650000000000001021e-01,3.750000000000008882e-02
2.000000000000000000e+02,2.499999999999946709e-03,2.999999999999991562e-02
2.000000000000000000e+02,3.349999999999999645e-01,4.499999999999992895e-02
2.000000000000000000e+02,3.275000000000000133e-01,1.750000000000007105e-02
2.000000000000000000e+02,2.499999999999991118e-02,7.250000000000000888e-02
2.000000000000000000e+02,4.000000000000003553e-02,3.249999999999997335e-02
2.000000000000000000e+02,2.500000000000002220e-02,4.000000000000003553e-02
2.000000000000000000e+02,4.000000000000003553e-02,5.500000000000004885e-02
2.000000000000000000e+02,2.750000000000007994e-02,1.750000000000007105e-02
2.000000000000000000e+02,-2.499999999999946709e-03,6.000000000000005329e-02
2.000000000000000000e+02,3.400000000000000799e-01,3.000000000000002665e-02
2.000000000000000000e+02,2.999999999999991562e-02,2.999999999999991562e-02
2.000000000000000000e+02,1.249999999999995559e-02,2.499999999999991118e-02
2.000000000000000000e+02,2.749999999999996891e-02,5.000000000000004441e-03
2.000000000000000000e+02,4.000000000000003553e-02,4.749999999999998668e-02
2.000000000000000000e+02,1.500000000000001332e-02,4.000000000000003553e-02
2.000000000000000000e+02,3.599999999999999867e-01,4.249999999999998224e-02
2.000000000000000000e+02,3.599999999999999867e-01,6.250000000000000000e-02
2.000000000000000000e+02,3.749999999999997780e-02,8.000000000000007105e-02
2.000000000000000000e+02,2.750000000000007994e-02,5.749999999999999556e-02
2.000000000000000000e+02,3.499999999999992006e-02,4.249999999999998224e-02
2.000000000000000000e+02,3.249999999999999556e-01,6.750000000000000444e-02
2.000000000000000000e+02,-1.000000000000000888e-02,3.249999999999997335e-02
2.000000000000000000e+02,3.724999999999999423e-01,2.749999999999996891e-02
2.000000000000000000e+02,5.000000000000004441e-03,4.499999999999992895e-02
2.000000000000000000e+02,1.249999999999995559e-02,6.750000000000000444e-02
2.000000000000000000e+02,-1.000000000000000888e-02,7.250000000000000888e-02
2.000000000000000000e+02,2.000000000000001776e-02,3.000000000000002665e-02
2.000000000000000000e+02,7.500000000000062172e-03,3.000000000000002665e-02
2.000000000000000000e+02,3.749999999999997780e-02,2.749999999999996891e-02
2.000000000000000000e+02,3.249999999999997335e-02,5.000000000000004441e-02
2.000000000000000000e+02,2.500000000000057732e-03,7.000000000000006217e-02
2.000000000000000000e+02,8.499999999999996447e-02,5.749999999999999556e-02
2.000000000000000000e+02,4.500000000000003997e-02,4.500000000000003997e-02
2.000000000000000000e+02,1.750000000000007105e-02,4.000000000000003553e-02
2.000000000000000000e+02,3.924999999999999600e-01,2.749999999999996891e-02
2.000000000000000000e+02,2.499999999999946709e-03,2.249999999999996447e-02
2.000000000000000000e+02,0.000000000000000000e+00,3.250000000000008438e-02
2.000000000000000000e+02,7.499999999999951150e-03,2.500000000000002220e-02
2.000000000000000000e+02,2.500000000000057732e-03,3.749999999999997780e-02
2.000000000000000000e+02,3.749999999999997780e-02,4.749999999999998668e-02
2.000000000000000000e+02,1.000000000000000888e-02,4.249999999999998224e-02
2.000000000000000000e+02,2.249999999999996447e-02,4.749999999999998668e-02
2.000000000000000000e+02,3.425000000000000266e-01,5.249999999999999112e-02
2.000000000000000000e+02,-1.500000000000001332e-02,2.749999999999996891e-02
2.000000000000000000e+02,5.000000000000004441e-03,1.250000000000006661e-02
2.000000000000000000e+02,3.399999999999999689e-01,4.500000000000003997e-02
2.000000000000000000e+02,1.250000000000006661e-02,6.000000000000005329e-02
2.000000000000000000e+02,-3.500000000000003109e-02,-2.499999999999946709e-03
2.000000000000000000e+02,5.000000000000004441e-03,5.999999999999994227e-02
2.000000000000000000e+02,-1.500000000000001332e-02,8.250000000000001776e-02
2.000000000000000000e+02,3.249999999999997335e-02,6.000000000000005329e-02
2.000000000000000000e+02,3.249999999999997335e-02,4.249999999999998224e-02
2.000000000000000000e+02,-7.500000000000062172e-03,2.749999999999996891e-02
2.000000000000000000e+02,2.749999999999996891e-02,5.249999999999999112e-02
2.000000000000000000e+02,2.249999999999996447e-02,7.250000000000000888e-02
2.000000000000000000e+02,2.500000000000057732e-03,2.750000000000007994e-02
2.000000000000000000e+02,2.000000000000001776e-02,5.249999999999999112e-02
2.000000000000000000e+02,2.499999999999946709e-03,2.500000000000002220e-02
2.000000000000000000e+02,7.499999999999995559e-02,4.249999999999998224e-02
2.000000000000000000e+02,-7.500000000000062172e-03,2.999999999999991562e-02
2.000000000000000000e+02,5.500000000000004885e-02,5.500000000000004885e-02
2.000000000000000000e+02,7.499999999999951150e-03,3.749999999999997780e-02
2.000000000000000000e+02,-1.000000000000000888e-02,1.249999999999995559e-02
2.000000000000000000e+02,2.749999999999996891e-02,4.999999999999993339e-02
2.000000000000000000e+02,2.874999999999999778e-01,3.249999999999997335e-02
2.000000000000000000e+02,3.649999999999999911e-01,4.749999999999998668e-02
2.000000000000000000e+02,3.750000000000008882e-02,5.000000000000004441e-02
2.000000000000000000e+02,2.550000000000000044e-01,8.250000000000001776e-02
