1.500000000000000000e+02,-2.333333333333331705e-02,2.000000000000001776e-02
1.500000000000000000e+02,-1.333333333333330817e-02,1.666666666666660745e-02
1.500000000000000000e+02,-2.333333333333331705e-02,3.333333333333299286e-03
1.500000000000000000e+02,2.633333333333333082e-01,1.333333333333330817e-02
1.500000000000000000e+02,2.033333333333333659e-01,0.000000000000000000e+00
1.500000000000000000e+02,2.099999999999999645e-01,-3.333333333333410309e-03
1.500000000000000000e+02,1.766666666666666385e-01,9.999999999999897859e-03
1.500000000000000000e+02,1.866666666666666474e-01,3.333333333333299286e-03
1.500000000000000000e+02,-4.000000000000003553e-02,1.333333333333330817e-02
1.500000000000000000e+02,1.899999999999999467e-01,0.000000000000000000e+00
1.500000000000000000e+02,1.999999999999999556e-01,6.666666666666709595e-03
1.500000000000000000e+02,2.566666666666667096e-01,-6.666666666666709595e-03
1.500000000000000000e+02,3.333333333333299286e-03,1.999999999999990674e-02
1.500000000000000000e+02,-2.666666666666672736e-02,6.666666666666598573e-03
1.500000000000000000e+02,6.666666666666709595e-03,2.333333333333342807e-02
1.500000000000000000e+02,-6.666666666666709595e-03,6.666666666666598573e-03
1.500000000000000000e+02,-6.000000000000005329e-02,3.333333333333299286e-03
1.500000000000000000e+02,-1.333333333333341919e-02,6.666666666666598573e-03
1.500000000000000000e+02,-3.666666666666673624e-02,6.666666666666598573e-03
1.500000000000000000e+02,-4.666666666666663410e-02,2.333333333333331705e-02
1.500000000000000000e+02,-2.333333333333331705e-02,0.000000000000000000e+00
1.500000000000000000e+02,2.666666666666667185e-01,0.000000000000000000e+00
1.500000000000000000e+02,2.333333333333333925e-01,0.000000000000000000e+00
1.500000000000000000e+02,1.833333333333333481e-01,6.666666666666709595e-03
1.500000000000000000e+02,-4.000000000000003553e-02,0.000000000000000000e+00
1.500000000000000000e+02,2.399999999999999911e-01,0.000000000000000000e+00
1.500000000000000000e+02,1.000000000000000888e-02,-1.000000000000000888e-02
1.500000000000000000e+02,-2.000000000000001776e-02,2.333333333333331705e-02
1.500000000000000000e+02,-1.333333333333341919e-02,1.666666666666660745e-02
1.500000000000000000e+02,3.333333333333299286e-03,1.333333333333330817e-02
1.500000000000000000e+02,0.000000000000000000e+00,3.333333333333410309e-03
1.500000000000000000e+02,-4.333333333333333481e-02,6.666666666666709595e-03
1.500000000000000000e+02,2.133333333333332638e-01,1.000000000000000888e-02
1.500000000000000000e+02,-2.666666666666672736e-02,-3.333333333333410309e-03
1.500000000000000000e+02,-2.333333333333342807e-02,0.000000000000000000e+00
1.500000000000000000e+02,-8.666666666666666963e-02,0.000000000000000000e+00
1.500000000000000000e+02,-1.999999999999990674e-02,3.333333333333410309e-03
1.500000000000000000e+02,2.433333333333334014e-01,3.333333333333410309e-03
1.500000000000000000e+02,1.833333333333333481e-01,3.333333333333299286e-03
1.500000000000000000e+02,-2.000000000000001776e-02,0.000000000000000000e+00
1.500000000000000000e+02,-2.000000000000001776e-02,2.999999999999991562e-02
1.500000000000000000e+02,-2.666666666666661634e-02,3.666666666666673624e-02
1.500000000000000000e+02,-1.666666666666671848e-02,-3.333333333333410309e-03
1.500000000000000000e+02,-7.333333333333336146e-02,-6.666666666666598573e-03
1.500000000000000000e+02,2.433333333333332904e-01,1.000000000000000888e-02
1.500000000000000000e+02,-3.000000000000002665e-02,0.000000000000000000e+00
1.500000000000000000e+02,-2.000000000000001776e-02,2.000000000000001776e-02
1.500000000000000000e+02,2.199999999999999734e-01,0.000000000000000000e+00
1.500000000000000000e+02,-3.000000000000002665e-02,3.333333333333299286e-03
1.500000000000000000e+02,6.666666666666709595e-03,1.000000000000000888e-02
1.500000000000000000e+02,-3.333333333333343695e-02,-3.333333333333410309e-03
1.500000000000000000e+02,2.166666666666666741e-01,-3.333333333333299286e-03
1.500000000000000000e+02,3.333333333333410309e-03,2.666666666666672736e-02
1.500000000000000000e+02,-1.666666666666671848e-02,3.666666666666662522e-02
1.500000000000000000e+02,-7.666666666666666075e-02,0.000000000000000000e+00
1.500000000000000000e+02,-8.999999999999996891e-02,-3.333333333333299286e-03
1.500000000000000000e+02,-1.333333333333330817e-02,2.666666666666661634e-02
1.500000000000000000e+02,-6.666666666666598573e-03,0.000000000000000000e+00
1.500000000000000000e+02,-5.666666666666675400e-02,2.666666666666661634e-02
1.500000000000000000e+02,-1.000000000000000888e-02,1.666666666666671848e-02
1.500000000000000000e+02,-6.666666666666709595e-03,6.666666666666709595e-03
1.500000000000000000e+02,-3.333333333333299286e-03,0.000000000000000000e+00
1.500000000000000000e+02,2.766666666666666163e-01,3.333333333333299286e-03
1.500000000000000000e+02,-5.666666666666664298e-02,6.666666666666598573e-03
1.500000000000000000e+02,-3.333333333333332593e-02,1.000000000000000888e-02
1.500000000000000000e+02,2.299999999999999822e-01,0.000000000000000000e+00
1.500000000000000000e+02,-4.333333333333333481e-02,0.000000000000000000e+00
1.500000000000000000e+02,-1.666666666666660745e-02,-6.666666666666709595e-03
1.500000000000000000e+02,-2.666666666666661634e-02,0.000000000000000000e+00
1.500000000000000000e+02,0.000000000000000000e+00,2.000000000000001776e-02
1.500000000000000000e+02,-2.333333333333342807e-02,3.333333333333299286e-03
1.500000000000000000e+02,-3.000000000000002665e-02,3.000000000000002665e-02
1.500000000000000000e+02,2.666666666666666075e-01,0.000000000000000000e+00
1.500000000000000000e+02,-2.333333333333331705e-02,3.333333333333410309e-03
1.500000000000000000e+02,2.433333333333332904e-01,0.000000000000000000e+00
1.500000000000000000e+02,6.666666666666709595e-03,1.333333333333330817e-02
1.500000000000000000e+02,-1.999999999999990674e-02,1.000000000000000888e-02
1.500000000000000000e+02,1.966666666666666563e-01,6.666666666666598573e-03
1.500000000000000000e+02,-2.333333333333342807e-02,-6.666666666666709595e-03
1.500000000000000000e+02,-5.000000000000004441e-02,0.000000000000000000e+00
1.500000000000000000e+02,-1.666666666666660745e-02,3.333333333333410309e-03
1.500000000000000000e+02,-5.999999999999994227e-02,1.333333333333330817e-02
1.500000000000000000e+02,1.800000000000000488e-01,0.000000000000000000e+00
1.500000000000000000e+02,-2.333333333333331705e-02,6.666666666666598573e-03
1.500000000000000000e+02,-3.333333333333332593e-02,0.000000000000000000e+00
1.500000000000000000e+02,2.133333333333333748e-01,1.666666666666660745e-02
1.500000000000000000e+02,-2.000000000000001776e-02,6.666666666666598573e-03
1.500000000000000000e+02,-1.000000000000000888e-02,0.000000000000000000e+00
1.500000000000000000e+02,2.333333333333332815e-01,9.999999999999897859e-03
1.500000000000000000e+02,-1.000000000000000888e-02,3.333333333333299286e-03
1.500000000000000000e+02,2.333333333333332815e-01,1.333333333333330817e-02
1.500000000000000000e+02,-1.666666666666660745e-02,-3.333333333333299286e-03
1.500000000000000000e+02,2.866666666666666252e-01,9.999999999999897859e-03
1.500000000000000000e+02,-6.666666666666598573e-03,3.333333333333410309e-03
1.500000000000000000e+02,1.899999999999999467e-01,0.000000000000000000e+00
1.500000000000000000e+02,1.733333333333333393e-01,3.333333333333410309e-03
1.500000000000000000e+02,-1.666666666666660745e-02,6.666666666666709595e-03
1.500000000000000000e+02,2.399999999999999911e-01,1.333333333333330817e-02
1.500000000000000000e+02,-3.333333333333299286e-03,6.666666666666709595e-03
1.500000000000000000e+02,-6.666666666666598573e-03,1.000000000000000888e-02
1.550000000000000000e+02,-3.225806451612911463e-02,9.677419354838678878e-03
1.550000000000000000e+02,2.258064516129031363e-01,6.451612903225711904e-03
1.550000000000000000e+02,2.258064516129032473e-01,6.451612903225822926e-03
1.550000000000000000e+02,-4.838709677419350541e-02,0.000000000000000000e+00
1.550000000000000000e+02,-2.903225806451614766e-02,9.677419354838678878e-03
1.550000000000000000e+02,2.193548387096774244e-01,3.870967741935482653e-02
1.550000000000000000e+02,-1.935483870967746878e-02,-3.225806451612966974e-03
1.550000000000000000e+02,-2.903225806451614766e-02,6.451612903225822926e-03
1.550000000000000000e+02,2.645161290322579628e-01,6.451612903225711904e-03
1.550000000000000000e+02,2.580645161290322509e-01,3.225806451612966974e-03
1.550000000000000000e+02,2.516129032258064280e-01,3.225806451612855952e-03
1.550000000000000000e+02,-3.870967741935493756e-02,0.000000000000000000e+00
1.550000000000000000e+02,2.548387096774193949e-01,3.225806451612855952e-03
1.550000000000000000e+02,-3.870967741935493756e-02,0.000000000000000000e+00
1.550000000000000000e+02,-4.193548387096768248e-02,6.451612903225822926e-03
1.550000000000000000e+02,-2.580645161290318068e-02,6.451612903225822926e-03
1.550000000000000000e+02,3.225806451612966974e-03,3.225806451612966974e-03
1.550000000000000000e+02,6.451612903225822926e-03,2.258064516129032473e-02
1.550000000000000000e+02,-3.225806451612855952e-03,0.000000000000000000e+00
1.550000000000000000e+02,2.064516129032258895e-01,3.225806451612966974e-03
1.550000000000000000e+02,-4.516129032258064946e-02,3.225806451612855952e-03
1.550000000000000000e+02,2.161290322580644574e-01,-3.225806451612855952e-03
1.550000000000000000e+02,2.774193548387096087e-01,6.451612903225711904e-03
1.550000000000000000e+02,1.935483870967742437e-01,6.451612903225822926e-03
1.550000000000000000e+02,-3.225806451612855952e-03,1.935483870967746878e-02
1.550000000000000000e+02,-5.161290322580636136e-02,3.225806451612966974e-03
1.550000000000000000e+02,-1.612903225806450180e-02,9.677419354838678878e-03
1.550000000000000000e+02,-1.290322580645164585e-02,9.677419354838678878e-03
1.550000000000000000e+02,-6.774193548387097419e-02,3.225806451612966974e-03
1.550000000000000000e+02,-6.451612903225822926e-03,9.677419354838678878e-03
1.550000000000000000e+02,0.000000000000000000e+00,0.000000000000000000e+00
1.550000000000000000e+02,2.516129032258065390e-01,6.451612903225822926e-03
1.550000000000000000e+02,0.000000000000000000e+00,1.612903225806450180e-02
1.550000000000000000e+02,-9.677419354838678878e-03,0.000000000000000000e+00
1.550000000000000000e+02,-3.225806451612900361e-02,0.000000000000000000e+00
1.550000000000000000e+02,-1.290322580645164585e-02,3.225806451612855952e-03
1.550000000000000000e+02,-1.935483870967735776e-02,6.451612903225822926e-03
1.550000000000000000e+02,-9.677419354838678878e-03,6.451612903225822926e-03
1.550000000000000000e+02,-3.870967741935482653e-02,6.451612903225822926e-03
1.550000000000000000e+02,2.419354838709677491e-01,9.677419354838789900e-03
1.550000000000000000e+02,-2.903225806451614766e-02,9.677419354838678878e-03
1.550000000000000000e+02,-2.258064516129032473e-02,0.000000000000000000e+00
1.550000000000000000e+02,2.548387096774192839e-01,6.451612903225822926e-03
1.550000000000000000e+02,-2.903225806451614766e-02,6.451612903225822926e-03
1.550000000000000000e+02,2.483870967741935720e-01,3.225806451612855952e-03
1.550000000000000000e+02,-5.161290322580647238e-02,-3.225806451612855952e-03
1.550000000000000000e+02,-2.580645161290329170e-02,3.225806451612855952e-03
1.550000000000000000e+02,-3.225806451612966974e-03,-1.290322580645164585e-02
1.550000000000000000e+02,-2.903225806451614766e-02,0.000000000000000000e+00
1.550000000000000000e+02,-3.225806451612855952e-03,1.935483870967746878e-02
1.550000000000000000e+02,2.064516129032257785e-01,3.225806451612855952e-03
1.550000000000000000e+02,-9.677419354838678878e-03,0.000000000000000000e+00
1.550000000000000000e+02,-2.903225806451603663e-02,3.225806451612966974e-03
1.550000000000000000e+02,1.741935483870967749e-01,1.612903225806450180e-02
1.550000000000000000e+02,-9.677419354838678878e-03,1.612903225806450180e-02
1.550000000000000000e+02,-5.161290322580636136e-02,1.290322580645164585e-02
1.550000000000000000e+02,-1.290322580645164585e-02,0.000000000000000000e+00
1.550000000000000000e+02,-2.258064516129032473e-02,-6.451612903225822926e-03
1.550000000000000000e+02,-4.838709677419350541e-02,-3.225806451612855952e-03
1.550000000000000000e+02,0.000000000000000000e+00,3.225806451612855952e-03
1.550000000000000000e+02,-1.612903225806450180e-02,9.677419354838678878e-03
1.550000000000000000e+02,-4.516129032258064946e-02,6.451612903225711904e-03
1.550000000000000000e+02,-9.677419354838678878e-03,1.935483870967746878e-02
1.550000000000000000e+02,-3.548387096774197058e-02,6.451612903225711904e-03
1.550000000000000000e+02,2.967741935483871885e-01,9.677419354838789900e-03
1.550000000000000000e+02,-6.451612903225711904e-03,0.000000000000000000e+00
1.550000000000000000e+02,2.193548387096774244e-01,1.612903225806450180e-02
1.550000000000000000e+02,2.354838709677420372e-01,0.000000000000000000e+00
1.550000000000000000e+02,-2.258064516129032473e-02,-3.225806451612855952e-03
1.550000000000000000e+02,2.193548387096774244e-01,2.903225806451614766e-02
1.550000000000000000e+02,2.677419354838709298e-01,3.225806451612855952e-03
1.550000000000000000e+02,-1.290322580645153483e-02,9.677419354838789900e-03
1.550000000000000000e+02,-5.161290322580647238e-02,-3.225806451612966974e-03
1.550000000000000000e+02,2.387096774193548931e-01,9.677419354838789900e-03
1.550000000000000000e+02,-3.548387096774185956e-02,9.677419354838789900e-03
1.550000000000000000e+02,-3.548387096774197058e-02,-3.225806451612855952e-03
1.550000000000000000e+02,-2.580645161290318068e-02,2.903225806451614766e-02
1.550000000000000000e+02,-2.580645161290329170e-02,-3.225806451612966974e-03
1.550000000000000000e+02,1.935483870967746878e-02,6.451612903225822926e-03
1.550000000000000000e+02,-3.870967741935482653e-02,3.225806451612966974e-03
1.550000000000000000e+02,-5.806451612903229531e-02,1.935483870967746878e-02
1.550000000000000000e+02,-3.870967741935493756e-02,1.290322580645153483e-02
1.550000000000000000e+02,2.161290322580645684e-01,-6.451612903225822926e-03
1.550000000000000000e+02,2.032258064516129226e-01,6.451612903225822926e-03
1.550000000000000000e+02,-2.580645161290318068e-02,0.000000000000000000e+00
1.550000000000000000e+02,2.483870967741935720e-01,0.000000000000000000e+00
1.550000000000000000e+02,-3.870967741935482653e-02,1.612903225806450180e-02
1.550000000000000000e+02,-3.870967741935482653e-02,1.612903225806450180e-02
1.550000000000000000e+02,-4.516129032258064946e-02,6.451612903225822926e-03
1.550000000000000000e+02,2.516129032258064280e-01,1.290322580645153483e-02
1.550000000000000000e+02,-4.838709677419350541e-02,9.677419354838789900e-03
1.550000000000000000e+02,-2.580645161290329170e-02,0.000000000000000000e+00
1.550000000000000000e+02,2.612903225806452179e-01,3.225806451612966974e-03
1.550000000000000000e+02,3.225806451612966974e-03,9.677419354838789900e-03
1.550000000000000000e+02,2.322580645161290702e-01,6.451612903225822926e-03
1.550000000000000000e+02,-1.935483870967746878e-02,0.000000000000000000e+00
1.550000000000000000e+02,-5.161290322580647238e-02,1.290322580645164585e-02
1.550000000000000000e+02,-5.806451612903229531e-02,0.000000000000000000e+00
1.550000000000000000e+02,2.451612903225806051e-01,9.677419354838678878e-03
1.550000000000000000e+02,2.903225806451612545e-01,0.000000000000000000e+00
1.600000000000000000e+02,2.437499999999999112e-01,9.374999999999911182e-03
1.600000000000000000e+02,-9.375000000000022204e-03,3.125000000000044409e-03
1.600000000000000000e+02,2.531249999999999334e-01,3.124999999999933387e-03
1.600000000000000000e+02,2.249999999999999778e-01,6.249999999999977796e-03
1.600000000000000000e+02,-6.874999999999997780e-02,1.250000000000006661e-02
1.600000000000000000e+02,-1.875000000000004441e-02,6.249999999999977796e-03
1.600000000000000000e+02,-1.875000000000004441e-02,3.125000000000044409e-03
1.600000000000000000e+02,2.906250000000000222e-01,3.124999999999933387e-03
1.600000000000000000e+02,2.093749999999999778e-01,-3.124999999999933387e-03
1.600000000000000000e+02,0.000000000000000000e+00,3.125000000000000000e-02
1.600000000000000000e+02,-6.250000000000000000e-02,-3.125000000000044409e-03
1.600000000000000000e+02,-2.812499999999995559e-02,3.125000000000044409e-03
1.600000000000000000e+02,2.406250000000000888e-01,1.562500000000000000e-02
1.600000000000000000e+02,-4.999999999999993339e-02,6.250000000000088818e-03
1.600000000000000000e+02,2.093749999999999778e-01,2.187499999999997780e-02
1.600000000000000000e+02,-1.562500000000000000e-02,9.375000000000022204e-03
1.600000000000000000e+02,-7.500000000000006661e-02,-3.125000000000044409e-03
1.600000000000000000e+02,-2.500000000000002220e-02,6.249999999999977796e-03
1.600000000000000000e+02,-6.249999999999977796e-03,9.375000000000022204e-03
1.600000000000000000e+02,-5.937499999999995559e-02,6.249999999999977796e-03
1.600000000000000000e+02,2.531250000000000444e-01,6.250000000000088818e-03
1.600000000000000000e+02,-4.687500000000000000e-02,1.562500000000000000e-02
1.600000000000000000e+02,-1.250000000000006661e-02,0.000000000000000000e+00
1.600000000000000000e+02,1.812500000000000222e-01,1.562500000000000000e-02
1.600000000000000000e+02,-4.374999999999995559e-02,9.375000000000022204e-03
1.600000000000000000e+02,2.593750000000000222e-01,3.125000000000044409e-03
1.600000000000000000e+02,3.125000000000044409e-03,9.375000000000022204e-03
1.600000000000000000e+02,2.125000000000000222e-01,6.249999999999977796e-03
1.600000000000000000e+02,-3.125000000000000000e-02,6.249999999999977796e-03
1.600000000000000000e+02,-2.500000000000002220e-02,3.124999999999933387e-03
1.600000000000000000e+02,-3.437500000000004441e-02,0.000000000000000000e+00
1.600000000000000000e+02,-9.375000000000022204e-03,6.249999999999977796e-03
1.600000000000000000e+02,-6.250000000000000000e-02,-3.125000000000044409e-03
1.600000000000000000e+02,2.562499999999999778e-01,3.125000000000044409e-03
1.600000000000000000e+02,-5.625000000000002220e-02,3.124999999999933387e-03
1.600000000000000000e+02,-2.187499999999997780e-02,0.000000000000000000e+00
1.600000000000000000e+02,-1.250000000000006661e-02,3.124999999999933387e-03
1.600000000000000000e+02,2.312499999999999556e-01,3.125000000000044409e-03
1.600000000000000000e+02,0.000000000000000000e+00,-6.249999999999977796e-03
1.600000000000000000e+02,1.468749999999999778e-01,-3.124999999999933387e-03
1.600000000000000000e+02,2.218750000000000444e-01,-9.375000000000022204e-03
1.600000000000000000e+02,2.156249999999999556e-01,3.124999999999933387e-03
1.600000000000000000e+02,-6.250000000000000000e-02,0.000000000000000000e+00
1.600000000000000000e+02,-4.375000000000006661e-02,6.249999999999977796e-03
1.600000000000000000e+02,-1.874999999999993339e-02,6.250000000000088818e-03
1.600000000000000000e+02,1.968749999999999112e-01,0.000000000000000000e+00
1.600000000000000000e+02,6.249999999999977796e-03,2.187499999999997780e-02
1.600000000000000000e+02,-2.500000000000002220e-02,-3.124999999999933387e-03
1.600000000000000000e+02,1.468749999999999778e-01,0.000000000000000000e+00
1.600000000000000000e+02,-1.875000000000004441e-02,0.000000000000000000e+00
1.600000000000000000e+02,-1.562500000000000000e-02,9.375000000000022204e-03
1.600000000000000000e+02,-2.499999999999991118e-02,2.187500000000008882e-02
1.600000000000000000e+02,-2.187499999999997780e-02,-3.124999999999933387e-03
1.600000000000000000e+02,-5.000000000000004441e-02,3.124999999999933387e-03
1.600000000000000000e+02,-1.875000000000004441e-02,6.249999999999977796e-03
1.600000000000000000e+02,2.249999999999999778e-01,3.124999999999933387e-03
1.600000000000000000e+02,-3.125000000000044409e-03,9.374999999999911182e-03
1.600000000000000000e+02,-1.874999999999993339e-02,-3.124999999999933387e-03
1.600000000000000000e+02,-2.499999999999991118e-02,0.000000000000000000e+00
1.600000000000000000e+02,-2.812499999999995559e-02,0.000000000000000000e+00
1.600000000000000000e+02,-2.500000000000002220e-02,3.124999999999933387e-03
1.600000000000000000e+02,-3.124999999999933387e-03,6.249999999999977796e-03
1.600000000000000000e+02,2.187500000000000000e-01,-9.374999999999911182e-03
1.600000000000000000e+02,-5.000000000000004441e-02,0.000000000000000000e+00
1.600000000000000000e+02,-1.875000000000004441e-02,9.375000000000022204e-03
1.600000000000000000e+02,-1.562500000000000000e-02,0.000000000000000000e+00
1.600000000000000000e+02,-4.687500000000000000e-02,3.125000000000044409e-03
1.600000000000000000e+02,-4.375000000000006661e-02,-3.125000000000044409e-03
1.600000000000000000e+02,-1.874999999999993339e-02,1.562500000000000000e-02
1.600000000000000000e+02,1.250000000000006661e-02,9.375000000000022204e-03
1.600000000000000000e+02,-4.062500000000002220e-02,0.000000000000000000e+00
1.600000000000000000e+02,-2.812499999999995559e-02,0.000000000000000000e+00
1.600000000000000000e+02,-5.312499999999997780e-02,0.000000000000000000e+00
1.600000000000000000e+02,2.062500000000000444e-01,3.125000000000044409e-03
1.600000000000000000e+02,2.156249999999999556e-01,1.562500000000000000e-02
1.600000000000000000e+02,-2.500000000000002220e-02,3.124999999999933387e-03
1.600000000000000000e+02,2.375000000000000444e-01,3.125000000000044409e-03
1.600000000000000000e+02,6.249999999999977796e-03,6.249999999999977796e-03
1.600000000000000000e+02,2.000000000000000666e-01,3.125000000000044409e-03
1.600000000000000000e+02,9.375000000000022204e-03,1.562500000000000000e-02
1.600000000000000000e+02,-3.125000000000044409e-03,1.562500000000000000e-02
1.600000000000000000e+02,-2.500000000000002220e-02,0.000000000000000000e+00
1.600000000000000000e+02,2.031250000000000000e-01,-3.125000000000044409e-03
1.600000000000000000e+02,-1.249999999999995559e-02,-6.249999999999977796e-03
1.600000000000000000e+02,1.250000000000006661e-02,2.500000000000002220e-02
1.600000000000000000e+02,-5.937499999999995559e-02,-3.125000000000044409e-03
1.600000000000000000e+02,2.812500000000000000e-01,9.375000000000022204e-03
1.600000000000000000e+02,2.343750000000000000e-01,6.249999999999977796e-03
1.600000000000000000e+02,-3.125000000000044409e-03,1.562500000000000000e-02
1.600000000000000000e+02,-3.125000000000000000e-02,0.000000000000000000e+00
1.600000000000000000e+02,-5.625000000000002220e-02,3.125000000000044409e-03
1.600000000000000000e+02,-5.625000000000002220e-02,-3.124999999999933387e-03
1.600000000000000000e+02,-1.874999999999993339e-02,9.375000000000022204e-03
1.600000000000000000e+02,2.156249999999999556e-01,3.124999999999933387e-03
1.600000000000000000e+02,-4.062500000000002220e-02,6.249999999999977796e-03
1.600000000000000000e+02,-5.000000000000004441e-02,3.125000000000044409e-03
1.600000000000000000e+02,2.749999999999999112e-01,0.000000000000000000e+00
1.600000000000000000e+02,2.375000000000000444e-01,3.125000000000000000e-02
1.600000000000000000e+02,0.000000000000000000e+00,0.000000000000000000e+00
1.600000000000000000e+02,-2.500000000000002220e-02,3.125000000000044409e-03
1.650000000000000000e+02,-5.454545454545456362e-02,3.030303030302938794e-03
1.650000000000000000e+02,-2.727272727272722630e-02,6.060606060606099632e-03
1.650000000000000000e+02,0.000000000000000000e+00,3.030303030303049816e-03
1.650000000000000000e+02,-1.515151515151513806e-02,9.090909090909149448e-03
1.650000000000000000e+02,-1.818181818181818787e-02,3.030303030303049816e-03
1.650000000000000000e+02,-2.424242424242428751e-02,3.030303030303049816e-03
1.650000000000000000e+02,1.848484848484848175e-01,-3.030303030303049816e-03
1.650000000000000000e+02,-3.333333333333332593e-02,-3.030303030303049816e-03
1.650000000000000000e+02,-1.212121212121208824e-02,-3.030303030303049816e-03
1.650000000000000000e+02,-9.090909090909149448e-03,3.030303030303049816e-03
1.650000000000000000e+02,-3.333333333333332593e-02,-3.030303030303049816e-03
1.650000000000000000e+02,-6.060606060606099632e-03,3.030303030303049816e-03
1.650000000000000000e+02,-1.515151515151524908e-02,0.000000000000000000e+00
1.650000000000000000e+02,-3.030303030303027612e-02,6.060606060606099632e-03
1.650000000000000000e+02,2.272727272727272929e-01,6.060606060606099632e-03
1.650000000000000000e+02,-5.757575757575750242e-02,0.000000000000000000e+00
1.650000000000000000e+02,1.999999999999999556e-01,-6.060606060606099632e-03
1.650000000000000000e+02,-3.939393939393942556e-02,-3.030303030303049816e-03
1.650000000000000000e+02,-3.939393939393931454e-02,0.000000000000000000e+00
1.650000000000000000e+02,-4.848484848484846399e-02,6.060606060606099632e-03
1.650000000000000000e+02,-2.727272727272722630e-02,6.060606060606099632e-03
1.650000000000000000e+02,-5.454545454545445260e-02,3.030303030303049816e-03
1.650000000000000000e+02,-3.333333333333332593e-02,1.212121212121219926e-02
1.650000000000000000e+02,-9.090909090909038426e-03,6.060606060606099632e-03
1.650000000000000000e+02,-2.424242424242428751e-02,3.030303030303049816e-03
1.650000000000000000e+02,-3.030303030303049816e-03,2.727272727272733732e-02
1.650000000000000000e+02,-6.060606060606099632e-03,9.090909090909038426e-03
1.650000000000000000e+02,-3.636363636363637575e-02,-3.030303030303049816e-03
1.650000000000000000e+02,2.575757575757575690e-01,1.818181818181818787e-02
1.650000000000000000e+02,2.727272727272722630e-02,3.030303030303049816e-03
1.650000000000000000e+02,2.000000000000000666e-01,9.090909090909149448e-03
1.650000000000000000e+02,-5.151515151515151381e-02,0.000000000000000000e+00
1.650000000000000000e+02,-1.818181818181818787e-02,-6.060606060606099632e-03
1.650000000000000000e+02,-6.060606060605988610e-03,-3.030303030303049816e-03
1.650000000000000000e+02,-2.121212121212123769e-02,9.090909090909038426e-03
1.650000000000000000e+02,9.090909090909149448e-03,0.000000000000000000e+00
1.650000000000000000e+02,-2.121212121212123769e-02,3.030303030302938794e-03
1.650000000000000000e+02,-4.848484848484857501e-02,6.060606060605988610e-03
1.650000000000000000e+02,3.030303030302938794e-03,6.060606060605988610e-03
1.650000000000000000e+02,1.212121212121208824e-02,9.090909090909038426e-03
1.650000000000000000e+02,-1.515151515151524908e-02,1.515151515151513806e-02
1.650000000000000000e+02,-3.636363636363637575e-02,6.060606060605988610e-03
1.650000000000000000e+02,-5.151515151515151381e-02,3.030303030303049816e-03
1.650000000000000000e+02,-1.818181818181818787e-02,3.030303030303049816e-03
1.650000000000000000e+02,6.060606060606099632e-03,0.000000000000000000e+00
1.650000000000000000e+02,-4.242424242424236436e-02,0.000000000000000000e+00
1.650000000000000000e+02,-1.212121212121208824e-02,-3.030303030302938794e-03
1.650000000000000000e+02,2.787878787878788067e-01,6.060606060606099632e-03
1.650000000000000000e+02,-2.121212121212123769e-02,6.060606060606099632e-03
1.650000000000000000e+02,2.272727272727272929e-01,6.060606060606099632e-03
1.650000000000000000e+02,-1.515151515151513806e-02,1.212121212121219926e-02
1.650000000000000000e+02,2.030303030303031164e-01,0.000000000000000000e+00
1.650000000000000000e+02,-3.030303030303049816e-03,9.090909090909038426e-03
1.650000000000000000e+02,2.515151515151514694e-01,9.090909090909038426e-03
1.650000000000000000e+02,2.121212121212120438e-01,6.060606060605988610e-03
1.650000000000000000e+02,2.424242424242424310e-01,1.212121212121208824e-02
1.650000000000000000e+02,-1.818181818181818787e-02,6.060606060605988610e-03
1.650000000000000000e+02,-2.424242424242428751e-02,2.121212121212123769e-02
1.650000000000000000e+02,-6.060606060606099632e-03,3.030303030302938794e-03
1.650000000000000000e+02,-9.090909090909038426e-03,0.000000000000000000e+00
1.650000000000000000e+02,-1.515151515151513806e-02,3.030303030303049816e-03
1.650000000000000000e+02,-4.848484848484857501e-02,0.000000000000000000e+00
1.650000000000000000e+02,-2.727272727272722630e-02,-3.030303030303049816e-03
1.650000000000000000e+02,2.484848484848484196e-01,1.212121212121208824e-02
1.650000000000000000e+02,-3.939393939393931454e-02,3.030303030303049816e-03
1.650000000000000000e+02,2.424242424242417648e-02,1.212121212121208824e-02
1.650000000000000000e+02,-6.060606060605988610e-03,-3.030303030303049816e-03
1.650000000000000000e+02,-2.424242424242428751e-02,9.090909090909038426e-03
1.650000000000000000e+02,-3.636363636363637575e-02,0.000000000000000000e+00
1.650000000000000000e+02,0.000000000000000000e+00,-3.030303030303049816e-03
1.650000000000000000e+02,-3.333333333333332593e-02,6.060606060606099632e-03
1.650000000000000000e+02,-7.575757575757580131e-02,-3.030303030303049816e-03
1.650000000000000000e+02,-2.121212121212123769e-02,-6.060606060605988610e-03
1.650000000000000000e+02,-2.121212121212123769e-02,0.000000000000000000e+00
1.650000000000000000e+02,2.030303030303030054e-01,-3.030303030303049816e-03
1.650000000000000000e+02,-6.060606060606099632e-03,1.818181818181818787e-02
1.650000000000000000e+02,2.757575757575757569e-01,3.030303030302938794e-03
1.650000000000000000e+02,-1.515151515151524908e-02,6.060606060605988610e-03
1.650000000000000000e+02,-2.424242424242417648e-02,-6.060606060605988610e-03
1.650000000000000000e+02,-5.151515151515151381e-02,9.090909090909038426e-03
1.650000000000000000e+02,-9.090909090909038426e-03,0.000000000000000000e+00
1.650000000000000000e+02,-3.030303030303027612e-02,9.090909090909038426e-03
1.650000000000000000e+02,-3.636363636363637575e-02,3.030303030303049816e-03
1.650000000000000000e+02,-1.212121212121219926e-02,9.090909090909038426e-03
1.650000000000000000e+02,-1.818181818181807685e-02,6.060606060606099632e-03
1.650000000000000000e+02,2.636363636363635576e-01,1.212121212121208824e-02
1.650000000000000000e+02,2.363636363636363313e-01,6.060606060606099632e-03
1.650000000000000000e+02,-2.727272727272722630e-02,9.090909090909149448e-03
1.650000000000000000e+02,-7.272727272727275150e-02,0.000000000000000000e+00
1.650000000000000000e+02,-6.363636363636360205e-02,-3.030303030302938794e-03
1.650000000000000000e+02,-2.424242424242428751e-02,1.818181818181818787e-02
1.650000000000000000e+02,1.939393939393939670e-01,3.030303030303049816e-03
1.650000000000000000e+02,2.151515151515152047e-01,0.000000000000000000e+00
1.650000000000000000e+02,9.090909090909149448e-03,9.090909090909149448e-03
1.650000000000000000e+02,-3.333333333333332593e-02,-3.030303030303049816e-03
1.650000000000000000e+02,2.878787878787878451e-01,1.212121212121208824e-02
1.650000000000000000e+02,-7.575757575757569029e-02,-3.030303030303049816e-03
1.650000000000000000e+02,-3.636363636363637575e-02,-3.030303030303049816e-03
1.650000000000000000e+02,-3.333333333333332593e-02,-3.030303030302938794e-03
1.650000000000000000e+02,2.181818181818182545e-01,0.000000000000000000e+00
1.700000000000000000e+02,-3.529411764705880916e-02,0.000000000000000000e+00
1.700000000000000000e+02,1.176470588235301040e-02,1.176470588235301040e-02
1.700000000000000000e+02,-1.470588235294112422e-02,1.470588235294123525e-02
1.700000000000000000e+02,2.176470588235294157e-01,1.470588235294123525e-02
1.700000000000000000e+02,2.147058823529411908e-01,-2.941176470588224845e-03
1.700000000000000000e+02,2.117647058823529660e-01,5.882352941176449690e-03
1.700000000000000000e+02,2.558823529411764497e-01,1.764705882352934907e-02
1.700000000000000000e+02,-2.941176470588235947e-02,5.882352941176449690e-03
1.700000000000000000e+02,-5.882352941176471894e-02,-2.941176470588335867e-03
1.700000000000000000e+02,-4.117647058823525885e-02,1.764705882352946009e-02
1.700000000000000000e+02,2.676470588235293491e-01,0.000000000000000000e+00
1.700000000000000000e+02,1.676470588235293713e-01,-8.823529411764674535e-03
1.700000000000000000e+02,-1.176470588235289938e-02,2.941176470588335867e-03
1.700000000000000000e+02,-2.647058823529413463e-02,-5.882352941176560712e-03
1.700000000000000000e+02,1.970588235294117307e-01,-2.941176470588335867e-03
1.700000000000000000e+02,5.882352941176449690e-03,5.294117647058826925e-02
1.700000000000000000e+02,2.029411764705882915e-01,2.941176470588224845e-03
1.700000000000000000e+02,1.941176470588236169e-01,0.000000000000000000e+00
1.700000000000000000e+02,2.382352941176469896e-01,2.352941176470590978e-02
1.700000000000000000e+02,-3.823529411764703401e-02,2.352941176470590978e-02
1.700000000000000000e+02,-1.470588235294112422e-02,1.764705882352946009e-02
1.700000000000000000e+02,2.323529411764705399e-01,-5.882352941176449690e-03
1.700000000000000000e+02,2.147058823529410798e-01,-2.941176470588335867e-03
1.700000000000000000e+02,-1.764705882352946009e-02,4.999999999999993339e-02
1.700000000000000000e+02,-4.117647058823525885e-02,5.882352941176449690e-03
1.700000000000000000e+02,-2.647058823529413463e-02,2.941176470588224845e-03
1.700000000000000000e+02,-1.470588235294123525e-02,2.352941176470590978e-02
1.700000000000000000e+02,-2.941176470588235947e-02,2.941176470588224845e-03
1.700000000000000000e+02,-1.470588235294123525e-02,-2.941176470588335867e-03
1.700000000000000000e+02,1.852941176470588314e-01,-2.941176470588335867e-03
1.700000000000000000e+02,-1.764705882352934907e-02,2.941176470588224845e-03
1.700000000000000000e+02,-1.470588235294112422e-02,2.941176470588224845e-03
1.700000000000000000e+02,2.382352941176471006e-01,1.470588235294112422e-02
1.700000000000000000e+02,-1.176470588235289938e-02,5.882352941176449690e-03
1.700000000000000000e+02,2.794117647058823595e-01,2.941176470588224845e-03
1.700000000000000000e+02,2.176470588235294157e-01,0.000000000000000000e+00
1.700000000000000000e+02,-2.647058823529413463e-02,2.941176470588224845e-03
1.700000000000000000e+02,-2.941176470588235947e-02,-2.941176470588224845e-03
1.700000000000000000e+02,-2.647058823529413463e-02,2.941176470588224845e-03
1.700000000000000000e+02,-2.352941176470579876e-02,5.882352941176560712e-03
1.700000000000000000e+02,-5.294117647058815823e-02,2.941176470588335867e-03
1.700000000000000000e+02,-2.941176470588224845e-03,0.000000000000000000e+00
1.700000000000000000e+02,2.147058823529411908e-01,0.000000000000000000e+00
1.700000000000000000e+02,2.647058823529411242e-01,5.882352941176449690e-03
1.700000000000000000e+02,-8.823529411764674535e-03,-5.882352941176449690e-03
1.700000000000000000e+02,-2.941176470588224845e-03,0.000000000000000000e+00
1.700000000000000000e+02,-8.823529411764674535e-03,0.000000000000000000e+00
1.700000000000000000e+02,-2.647058823529413463e-02,2.941176470588224845e-03
1.700000000000000000e+02,-1.470588235294112422e-02,5.882352941176449690e-03
1.700000000000000000e+02,-2.352941176470590978e-02,2.941176470588224845e-03
1.700000000000000000e+02,-8.823529411764674535e-03,0.000000000000000000e+00
1.700000000000000000e+02,2.941176470588335867e-03,5.882352941176560712e-03
1.700000000000000000e+02,0.000000000000000000e+00,3.235294117647058432e-02
1.700000000000000000e+02,-2.058823529411768494e-02,0.000000000000000000e+00
1.700000000000000000e+02,2.411764705882353255e-01,1.176470588235301040e-02
1.700000000000000000e+02,-3.823529411764714503e-02,3.235294117647058432e-02
1.700000000000000000e+02,-2.058823529411768494e-02,1.176470588235301040e-02
1.700000000000000000e+02,2.029411764705881804e-01,-8.823529411764674535e-03
1.700000000000000000e+02,2.941176470588235947e-01,5.882352941176560712e-03
1.700000000000000000e+02,1.882352941176470562e-01,2.058823529411768494e-02
1.700000000000000000e+02,-2.941176470588235947e-02,-2.941176470588224845e-03
1.700000000000000000e+02,-5.588235294117638308e-02,-2.941176470588224845e-03
1.700000000000000000e+02,-2.058823529411768494e-02,2.941176470588224845e-03
1.700000000000000000e+02,2.088235294117647411e-01,0.000000000000000000e+00
1.700000000000000000e+02,2.558823529411764497e-01,1.764705882352934907e-02
1.700000000000000000e+02,-2.352941176470590978e-02,-2.941176470588224845e-03
1.700000000000000000e+02,2.588235294117646745e-01,2.941176470588224845e-03
1.700000000000000000e+02,-2.647058823529402360e-02,5.882352941176560712e-03
1.700000000000000000e+02,2.470588235294117752e-01,1.176470588235289938e-02
1.700000000000000000e+02,-5.588235294117649410e-02,-5.882352941176449690e-03
1.700000000000000000e+02,-3.235294117647058432e-02,5.882352941176449690e-03
1.700000000000000000e+02,-4.117647058823525885e-02,1.470588235294123525e-02
1.700000000000000000e+02,2.500000000000000000e-01,5.882352941176449690e-03
1.700000000000000000e+02,1.705882352941175961e-01,2.058823529411757391e-02
1.700000000000000000e+02,-8.823529411764674535e-03,0.000000000000000000e+00
1.700000000000000000e+02,2.470588235294117752e-01,-2.941176470588224845e-03
1.700000000000000000e+02,0.000000000000000000e+00,8.823529411764674535e-03
1.700000000000000000e+02,-3.823529411764703401e-02,2.058823529411757391e-02
1.700000000000000000e+02,2.323529411764706509e-01,1.764705882352946009e-02
1.700000000000000000e+02,2.735294117647059098e-01,0.000000000000000000e+00
1.700000000000000000e+02,2.470588235294117752e-01,0.000000000000000000e+00
1.700000000000000000e+02,-2.647058823529413463e-02,2.941176470588224845e-03
1.700000000000000000e+02,-6.176470588235283277e-02,-2.941176470588224845e-03
1.700000000000000000e+02,-1.470588235294123525e-02,5.882352941176449690e-03
1.700000000000000000e+02,2.411764705882352144e-01,5.882352941176449690e-03
1.700000000000000000e+02,-5.000000000000004441e-02,2.941176470588224845e-03
1.700000000000000000e+02,2.352941176470588758e-01,1.470588235294123525e-02
1.700000000000000000e+02,5.882352941176449690e-03,5.882352941176449690e-03
1.700000000000000000e+02,-3.529411764705880916e-02,1.176470588235289938e-02
1.700000000000000000e+02,-2.352941176470579876e-02,1.470588235294123525e-02
1.700000000000000000e+02,-5.882352941176560712e-03,1.176470588235289938e-02
1.700000000000000000e+02,-2.352941176470579876e-02,0.000000000000000000e+00
1.700000000000000000e+02,1.470588235294112422e-02,5.882352941176449690e-03
1.700000000000000000e+02,-3.235294117647058432e-02,-2.941176470588224845e-03
1.700000000000000000e+02,-1.176470588235301040e-02,1.764705882352934907e-02
1.700000000000000000e+02,2.470588235294117752e-01,1.764705882352934907e-02
1.700000000000000000e+02,-1.470588235294112422e-02,5.882352941176560712e-03
1.700000000000000000e+02,-1.176470588235289938e-02,5.882352941176449690e-03
1.700000000000000000e+02,2.941176470588224845e-03,1.470588235294123525e-02
1.700000000000000000e+02,1.264705882352941124e-01,5.882352941176449690e-03
1.750000000000000000e+02,-3.142857142857147235e-02,2.857142857142780379e-03
1.750000000000000000e+02,2.542857142857142261e-01,1.428571428571423496e-02
1.750000000000000000e+02,-2.000000000000001776e-02,0.000000000000000000e+00
1.750000000000000000e+02,-3.714285714285714413e-02,1.142857142857134356e-02
1.750000000000000000e+02,2.342857142857143193e-01,-8.571428571428563181e-03
1.750000000000000000e+02,-2.571428571428568954e-02,0.000000000000000000e+00
1.750000000000000000e+02,-4.000000000000003553e-02,1.714285714285712636e-02
1.750000000000000000e+02,2.114285714285715212e-01,5.714285714285782802e-03
1.750000000000000000e+02,-2.285714285714279814e-02,1.142857142857145458e-02
1.750000000000000000e+02,2.685714285714285721e-01,1.714285714285712636e-02
1.750000000000000000e+02,-6.000000000000005329e-02,1.714285714285712636e-02
1.750000000000000000e+02,-1.142857142857134356e-02,5.714285714285782802e-03
1.750000000000000000e+02,-8.571428571428674204e-03,5.714285714285671780e-03
1.750000000000000000e+02,2.485714285714286653e-01,5.714285714285782802e-03
1.750000000000000000e+02,2.742857142857143549e-01,-2.857142857142780379e-03
1.750000000000000000e+02,0.000000000000000000e+00,1.428571428571434598e-02
1.750000000000000000e+02,-4.285714285714281591e-02,0.000000000000000000e+00
1.750000000000000000e+02,2.028571428571428470e-01,-5.714285714285782802e-03
1.750000000000000000e+02,2.314285714285714279e-01,2.571428571428568954e-02
1.750000000000000000e+02,2.857142857142891401e-03,-2.857142857142891401e-03
1.750000000000000000e+02,0.000000000000000000e+00,0.000000000000000000e+00
1.750000000000000000e+02,-2.571428571428568954e-02,5.714285714285671780e-03
1.750000000000000000e+02,2.085714285714286298e-01,1.714285714285712636e-02
1.750000000000000000e+02,-1.142857142857145458e-02,5.714285714285671780e-03
1.750000000000000000e+02,-2.285714285714279814e-02,-5.714285714285671780e-03
1.750000000000000000e+02,-1.428571428571434598e-02,1.142857142857134356e-02
1.750000000000000000e+02,-1.714285714285712636e-02,8.571428571428563181e-03
1.750000000000000000e+02,-1.142857142857145458e-02,0.000000000000000000e+00
1.750000000000000000e+02,-1.142857142857145458e-02,0.000000000000000000e+00
1.750000000000000000e+02,-8.571428571428563181e-03,2.000000000000001776e-02
1.750000000000000000e+02,-1.714285714285712636e-02,2.857142857142891401e-03
1.750000000000000000e+02,-4.285714285714281591e-02,5.714285714285671780e-03
1.750000000000000000e+02,3.199999999999999512e-01,1.714285714285712636e-02
1.750000000000000000e+02,-2.857142857142858094e-02,0.000000000000000000e+00
1.750000000000000000e+02,-4.571428571428570731e-02,1.142857142857145458e-02
1.750000000000000000e+02,-1.428571428571423496e-02,-5.714285714285671780e-03
1.750000000000000000e+02,2.399999999999999911e-01,-8.571428571428563181e-03
1.750000000000000000e+02,2.742857142857142438e-01,2.285714285714279814e-02
1.750000000000000000e+02,-2.857142857142858094e-02,1.428571428571434598e-02
1.750000000000000000e+02,2.171428571428571930e-01,1.142857142857145458e-02
1.750000000000000000e+02,2.171428571428570820e-01,-2.857142857142891401e-03
1.750000000000000000e+02,-4.857142857142848769e-02,2.857142857142891401e-03
1.750000000000000000e+02,-8.571428571428563181e-03,1.142857142857145458e-02
1.750000000000000000e+02,-8.571428571428563181e-03,1.142857142857145458e-02
1.750000000000000000e+02,2.542857142857143371e-01,1.142857142857145458e-02
1.750000000000000000e+02,2.600000000000000089e-01,5.714285714285782802e-03
1.750000000000000000e+02,-3.428571428571425272e-02,0.000000000000000000e+00
1.750000000000000000e+02,-2.000000000000001776e-02,5.714285714285671780e-03
1.750000000000000000e+02,-3.142857142857136132e-02,-5.714285714285671780e-03
1.750000000000000000e+02,-4.571428571428570731e-02,2.857142857142780379e-03
1.750000000000000000e+02,2.857142857142891401e-03,2.285714285714290916e-02
1.750000000000000000e+02,-2.571428571428568954e-02,5.714285714285782802e-03
1.750000000000000000e+02,-2.571428571428568954e-02,-2.857142857142780379e-03
1.750000000000000000e+02,2.857142857142891401e-03,1.142857142857145458e-02
1.750000000000000000e+02,-1.999999999999990674e-02,5.714285714285782802e-03
1.750000000000000000e+02,-4.285714285714281591e-02,0.000000000000000000e+00
1.750000000000000000e+02,-2.857142857142891401e-03,2.857142857142891401e-03
1.750000000000000000e+02,-6.571428571428572507e-02,0.000000000000000000e+00
1.750000000000000000e+02,-2.857142857142891401e-03,8.571428571428563181e-03
1.750000000000000000e+02,-2.857142857142858094e-02,8.571428571428563181e-03
1.750000000000000000e+02,-3.714285714285714413e-02,-2.857142857142891401e-03
1.750000000000000000e+02,1.714285714285712636e-02,5.714285714285782802e-03
1.750000000000000000e+02,-6.285714285714283367e-02,0.000000000000000000e+00
1.750000000000000000e+02,2.857142857142780379e-03,1.428571428571423496e-02
1.750000000000000000e+02,-2.857142857142858094e-02,-2.857142857142780379e-03
1.750000000000000000e+02,-8.571428571428563181e-03,-2.857142857142891401e-03
1.750000000000000000e+02,2.399999999999999911e-01,1.428571428571423496e-02
1.750000000000000000e+02,-2.857142857142891401e-03,2.857142857142891401e-03
1.750000000000000000e+02,-3.428571428571425272e-02,2.857142857142891401e-03
1.750000000000000000e+02,-3.142857142857147235e-02,1.428571428571423496e-02
1.750000000000000000e+02,-1.428571428571423496e-02,2.000000000000001776e-02
1.750000000000000000e+02,2.857142857142891401e-03,2.857142857142891401e-03
1.750000000000000000e+02,-2.000000000000001776e-02,2.857142857142780379e-03
1.750000000000000000e+02,-2.571428571428568954e-02,0.000000000000000000e+00
1.750000000000000000e+02,-3.142857142857136132e-02,8.571428571428563181e-03
1.750000000000000000e+02,-2.857142857142858094e-02,0.000000000000000000e+00
1.750000000000000000e+02,-1.714285714285712636e-02,0.000000000000000000e+00
1.750000000000000000e+02,2.714285714285714635e-01,4.285714285714292693e-02
1.750000000000000000e+02,-2.000000000000001776e-02,2.857142857142891401e-03
1.750000000000000000e+02,2.342857142857143193e-01,-2.857142857142780379e-03
1.750000000000000000e+02,2.257142857142857562e-01,1.142857142857145458e-02
1.750000000000000000e+02,-2.857142857142858094e-02,-2.857142857142891401e-03
1.750000000000000000e+02,2.771428571428571352e-01,0.000000000000000000e+00
1.750000000000000000e+02,-2.285714285714290916e-02,-5.714285714285782802e-03
1.750000000000000000e+02,-3.142857142857136132e-02,0.000000000000000000e+00
1.750000000000000000e+02,-2.857142857142858094e-02,8.571428571428563181e-03
1.750000000000000000e+02,-3.142857142857136132e-02,-2.857142857142780379e-03
1.750000000000000000e+02,-1.142857142857134356e-02,2.857142857142891401e-03
1.750000000000000000e+02,2.257142857142857562e-01,0.000000000000000000e+00
1.750000000000000000e+02,2.457142857142856629e-01,1.714285714285712636e-02
1.750000000000000000e+02,-2.285714285714279814e-02,5.714285714285782802e-03
1.750000000000000000e+02,2.028571428571429580e-01,8.571428571428674204e-03
1.750000000000000000e+02,-1.999999999999990674e-02,1.142857142857145458e-02
1.750000000000000000e+02,-3.142857142857147235e-02,8.571428571428563181e-03
1.750000000000000000e+02,-5.714285714285716189e-02,-2.857142857142891401e-03
1.750000000000000000e+02,-1.714285714285712636e-02,1.142857142857145458e-02
1.750000000000000000e+02,2.485714285714285543e-01,8.571428571428563181e-03
1.750000000000000000e+02,-1.714285714285712636e-02,0.000000000000000000e+00
1.750000000000000000e+02,2.600000000000000089e-01,2.857142857142891401e-03
1.750000000000000000e+02,2.885714285714285898e-01,0.000000000000000000e+00
1.800000000000000000e+02,-3.055555555555555802e-02,8.333333333333303727e-03
1.800000000000000000e+02,-5.555555555555535818e-03,5.555555555555535818e-03
1.800000000000000000e+02,-1.388888888888883955e-02,2.777777777777767909e-03
1.800000000000000000e+02,-4.166666666666674068e-02,5.555555555555535818e-03
1.800000000000000000e+02,-1.666666666666660745e-02,1.944444444444448639e-02
1.800000000000000000e+02,-3.888888888888886175e-02,0.000000000000000000e+00
1.800000000000000000e+02,-1.944444444444437536e-02,0.000000000000000000e+00
1.800000000000000000e+02,-2.500000000000002220e-02,5.555555555555535818e-03
1.800000000000000000e+02,2.305555555555556246e-01,-2.777777777777767909e-03
1.800000000000000000e+02,-1.666666666666660745e-02,8.333333333333414750e-03
1.800000000000000000e+02,0.000000000000000000e+00,0.000000000000000000e+00
1.800000000000000000e+02,-6.111111111111111605e-02,0.000000000000000000e+00
1.800000000000000000e+02,-3.055555555555555802e-02,-2.777777777777767909e-03
1.800000000000000000e+02,2.555555555555555358e-01,1.666666666666660745e-02
1.800000000000000000e+02,1.666666666666671848e-02,1.111111111111118266e-02
1.800000000000000000e+02,-2.499999999999991118e-02,-2.777777777777767909e-03
1.800000000000000000e+02,-4.166666666666662966e-02,1.944444444444448639e-02
1.800000000000000000e+02,-1.388888888888895057e-02,0.000000000000000000e+00
1.800000000000000000e+02,-1.111111111111118266e-02,0.000000000000000000e+00
1.800000000000000000e+02,2.777777777777767909e-03,1.111111111111107164e-02
1.800000000000000000e+02,1.388888888888895057e-02,-5.555555555555535818e-03
1.800000000000000000e+02,-6.388888888888888395e-02,2.777777777777767909e-03
1.800000000000000000e+02,-3.888888888888886175e-02,2.777777777777767909e-03
1.800000000000000000e+02,-3.055555555555555802e-02,-2.777777777777767909e-03
1.800000000000000000e+02,3.361111111111111382e-01,4.166666666666674068e-02
1.800000000000000000e+02,-1.944444444444437536e-02,1.388888888888895057e-02
1.800000000000000000e+02,-4.722222222222227650e-02,5.555555555555535818e-03
1.800000000000000000e+02,0.000000000000000000e+00,5.555555555555646841e-03
1.800000000000000000e+02,-4.166666666666662966e-02,1.666666666666671848e-02
1.800000000000000000e+02,2.194444444444445530e-01,5.555555555555646841e-03
1.800000000000000000e+02,1.388888888888895057e-02,1.944444444444448639e-02
1.800000000000000000e+02,-6.388888888888888395e-02,2.777777777777767909e-03
1.800000000000000000e+02,-1.944444444444448639e-02,5.555555555555535818e-03
1.800000000000000000e+02,-1.666666666666671848e-02,1.111111111111107164e-02
1.800000000000000000e+02,-1.666666666666660745e-02,0.000000000000000000e+00
1.800000000000000000e+02,1.861111111111111160e-01,2.777777777777767909e-03
1.800000000000000000e+02,-5.555555555555535818e-03,0.000000000000000000e+00
1.800000000000000000e+02,-2.777777777777779011e-02,1.111111111111107164e-02
1.800000000000000000e+02,2.361111111111110494e-01,0.000000000000000000e+00
1.800000000000000000e+02,2.444444444444444642e-01,1.666666666666660745e-02
1.800000000000000000e+02,-2.777777777777779011e-02,2.222222222222225430e-02
1.800000000000000000e+02,-4.166666666666662966e-02,2.777777777777878931e-03
1.800000000000000000e+02,2.527777777777777679e-01,1.111111111111107164e-02
1.800000000000000000e+02,-2.777777777777779011e-02,2.777777777777767909e-03
1.800000000000000000e+02,-4.166666666666674068e-02,5.833333333333334814e-02
1.800000000000000000e+02,-2.777777777777878931e-03,8.333333333333303727e-03
1.800000000000000000e+02,-1.944444444444437536e-02,1.111111111111118266e-02
1.800000000000000000e+02,2.611111111111111827e-01,2.777777777777779011e-02
1.800000000000000000e+02,1.888888888888888840e-01,-2.777777777777767909e-03
1.800000000000000000e+02,1.805555555555555802e-01,5.555555555555646841e-03
1.800000000000000000e+02,2.416666666666666963e-01,8.333333333333303727e-03
1.800000000000000000e+02,2.166666666666666741e-01,2.777777777777767909e-03
1.800000000000000000e+02,2.777777777777767909e-03,0.000000000000000000e+00
1.800000000000000000e+02,-8.333333333333303727e-03,-2.777777777777767909e-03
1.800000000000000000e+02,-3.055555555555555802e-02,5.555555555555646841e-03
1.800000000000000000e+02,-2.500000000000002220e-02,1.666666666666660745e-02
1.800000000000000000e+02,5.555555555555535818e-03,1.388888888888883955e-02
1.800000000000000000e+02,2.722222222222221433e-01,0.000000000000000000e+00
1.800000000000000000e+02,2.833333333333333259e-01,1.666666666666660745e-02
1.800000000000000000e+02,2.361111111111110494e-01,5.555555555555535818e-03
1.800000000000000000e+02,-3.611111111111109384e-02,-5.555555555555535818e-03
1.800000000000000000e+02,-1.666666666666660745e-02,1.111111111111118266e-02
1.800000000000000000e+02,-5.000000000000004441e-02,8.333333333333303727e-03
1.800000000000000000e+02,-2.222222222222225430e-02,-2.777777777777878931e-03
1.800000000000000000e+02,3.333333333333332593e-02,2.777777777777779011e-02
1.800000000000000000e+02,-2.777777777777779011e-02,0.000000000000000000e+00
1.800000000000000000e+02,-4.444444444444450859e-02,5.555555555555535818e-03
1.800000000000000000e+02,-4.722222222222216548e-02,0.000000000000000000e+00
1.800000000000000000e+02,-4.722222222222216548e-02,1.666666666666671848e-02
1.800000000000000000e+02,-8.333333333333303727e-03,0.000000000000000000e+00
1.800000000000000000e+02,-2.222222222222225430e-02,0.000000000000000000e+00
1.800000000000000000e+02,-2.222222222222225430e-02,-2.777777777777878931e-03
1.800000000000000000e+02,2.583333333333333037e-01,5.555555555555535818e-03
1.800000000000000000e+02,-2.500000000000002220e-02,0.000000000000000000e+00
1.800000000000000000e+02,-2.500000000000002220e-02,5.555555555555535818e-03
1.800000000000000000e+02,-3.333333333333332593e-02,0.000000000000000000e+00
1.800000000000000000e+02,-2.777777777777779011e-02,2.222222222222214327e-02
1.800000000000000000e+02,-1.666666666666660745e-02,8.333333333333414750e-03
1.800000000000000000e+02,-2.222222222222214327e-02,0.000000000000000000e+00
1.800000000000000000e+02,-8.333333333333303727e-03,-2.777777777777767909e-03
1.800000000000000000e+02,2.916666666666666297e-01,5.555555555555535818e-03
1.800000000000000000e+02,8.333333333333303727e-03,2.777777777777767909e-03
1.800000000000000000e+02,1.416666666666667185e-01,0.000000000000000000e+00
1.800000000000000000e+02,2.305555555555556246e-01,5.555555555555646841e-03
1.800000000000000000e+02,2.472222222222222321e-01,1.111111111111107164e-02
1.800000000000000000e+02,-1.944444444444448639e-02,1.388888888888883955e-02
1.800000000000000000e+02,-4.444444444444450859e-02,1.111111111111107164e-02
1.800000000000000000e+02,-2.500000000000002220e-02,8.333333333333303727e-03
1.800000000000000000e+02,-4.444444444444450859e-02,5.555555555555535818e-03
1.800000000000000000e+02,-1.388888888888883955e-02,-2.777777777777767909e-03
1.800000000000000000e+02,-2.222222222222225430e-02,2.777777777777779011e-02
1.800000000000000000e+02,8.333333333333303727e-03,1.111111111111107164e-02
1.800000000000000000e+02,-1.388888888888895057e-02,2.777777777777767909e-03
1.800000000000000000e+02,2.777777777777767909e-03,2.777777777777767909e-03
1.800000000000000000e+02,-1.944444444444448639e-02,-5.555555555555535818e-03
1.800000000000000000e+02,2.055555555555554914e-01,2.777777777777767909e-03
1.800000000000000000e+02,-2.222222222222225430e-02,1.388888888888883955e-02
1.800000000000000000e+02,-1.111111111111107164e-02,-5.555555555555535818e-03
1.800000000000000000e+02,-4.166666666666662966e-02,0.000000000000000000e+00
1.800000000000000000e+02,-2.777777777777779011e-02,5.555555555555535818e-03
1.850000000000000000e+02,-2.972972972972975914e-02,0.000000000000000000e+00
1.850000000000000000e+02,-5.945945945945940725e-02,0.000000000000000000e+00
1.850000000000000000e+02,-1.351351351351359753e-02,0.000000000000000000e+00
1.850000000000000000e+02,2.162162162162162282e-01,0.000000000000000000e+00
1.850000000000000000e+02,2.783783783783783106e-01,2.702702702702675097e-03
1.850000000000000000e+02,-2.972972972972975914e-02,0.000000000000000000e+00
1.850000000000000000e+02,1.918918918918918193e-01,0.000000000000000000e+00
1.850000000000000000e+02,-2.162162162162162282e-02,1.081081081081081141e-02
1.850000000000000000e+02,-2.702702702702708404e-02,2.702702702702675097e-03
1.850000000000000000e+02,-1.621621621621616161e-02,2.702702702702675097e-03
1.850000000000000000e+02,2.864864864864864469e-01,8.108108108108025291e-03
1.850000000000000000e+02,3.054054054054053946e-01,1.621621621621627263e-02
1.850000000000000000e+02,2.702702702702675097e-03,1.621621621621616161e-02
1.850000000000000000e+02,-1.891891891891894772e-02,0.000000000000000000e+00
1.850000000000000000e+02,-2.432432432432429792e-02,5.405405405405461217e-03
1.850000000000000000e+02,-3.513513513513510933e-02,0.000000000000000000e+00
1.850000000000000000e+02,-1.081081081081081141e-02,8.108108108108025291e-03
1.850000000000000000e+02,2.486486486486486625e-01,5.405405405405461217e-03
1.850000000000000000e+02,-2.702702702702697302e-02,1.081081081081081141e-02
1.850000000000000000e+02,-4.324324324324324564e-02,2.702702702702675097e-03
1.850000000000000000e+02,-3.243243243243243423e-02,1.081081081081081141e-02
1.850000000000000000e+02,-1.621621621621616161e-02,1.621621621621627263e-02
1.850000000000000000e+02,5.405405405405461217e-03,2.702702702702786119e-03
1.850000000000000000e+02,-8.108108108108136314e-03,-2.702702702702786119e-03
1.850000000000000000e+02,-8.108108108108136314e-03,5.405405405405350194e-03
1.850000000000000000e+02,-8.108108108108136314e-03,5.405405405405350194e-03
1.850000000000000000e+02,0.000000000000000000e+00,2.702702702702786119e-03
1.850000000000000000e+02,2.540540540540541237e-01,2.702702702702786119e-03
1.850000000000000000e+02,-2.702702702702697302e-02,2.702702702702675097e-03
1.850000000000000000e+02,-5.945945945945940725e-02,1.081081081081081141e-02
1.850000000000000000e+02,-1.891891891891894772e-02,0.000000000000000000e+00
1.850000000000000000e+02,-3.783783783783778443e-02,0.000000000000000000e+00
1.850000000000000000e+02,2.351351351351350649e-01,1.621621621621616161e-02
1.850000000000000000e+02,2.108108108108107670e-01,2.702702702702675097e-03
1.850000000000000000e+02,-2.972972972972964811e-02,2.702702702702786119e-03
1.850000000000000000e+02,2.135135135135135531e-01,8.108108108108136314e-03
1.850000000000000000e+02,2.135135135135134421e-01,0.000000000000000000e+00
1.850000000000000000e+02,-4.324324324324324564e-02,1.621621621621627263e-02
1.850000000000000000e+02,-5.405405405405350194e-03,0.000000000000000000e+00
1.850000000000000000e+02,1.648648648648648463e-01,0.000000000000000000e+00
1.850000000000000000e+02,-3.513513513513510933e-02,8.108108108108136314e-03
1.850000000000000000e+02,-2.432432432432429792e-02,0.000000000000000000e+00
1.850000000000000000e+02,-6.216216216216208235e-02,5.405405405405461217e-03
1.850000000000000000e+02,-1.891891891891894772e-02,1.621621621621616161e-02
1.850000000000000000e+02,-1.081081081081081141e-02,0.000000000000000000e+00
1.850000000000000000e+02,-2.432432432432429792e-02,1.621621621621627263e-02
1.850000000000000000e+02,-2.702702702702675097e-03,0.000000000000000000e+00
1.850000000000000000e+02,-2.432432432432440894e-02,0.000000000000000000e+00
1.850000000000000000e+02,-1.891891891891894772e-02,2.702702702702675097e-03
1.850000000000000000e+02,-1.621621621621627263e-02,1.351351351351348651e-02
1.850000000000000000e+02,3.000000000000000444e-01,2.162162162162162282e-02
1.850000000000000000e+02,8.108108108108136314e-03,8.108108108108136314e-03
1.850000000000000000e+02,-3.243243243243243423e-02,8.108108108108136314e-03
1.850000000000000000e+02,-5.675675675675673215e-02,0.000000000000000000e+00
1.850000000000000000e+02,8.108108108108025291e-03,-2.702702702702786119e-03
1.850000000000000000e+02,-2.702702702702708404e-02,2.702702702702675097e-03
1.850000000000000000e+02,-1.081081081081081141e-02,5.405405405405350194e-03
1.850000000000000000e+02,-2.432432432432440894e-02,8.108108108108025291e-03
1.850000000000000000e+02,-1.351351351351348651e-02,5.405405405405350194e-03
1.850000000000000000e+02,-1.621621621621616161e-02,5.405405405405461217e-03
1.850000000000000000e+02,2.216216216216215784e-01,-2.702702702702786119e-03
1.850000000000000000e+02,2.540540540540541237e-01,5.405405405405461217e-03
1.850000000000000000e+02,2.189189189189189033e-01,5.405405405405461217e-03
1.850000000000000000e+02,-5.405405405405405705e-02,2.702702702702675097e-03
1.850000000000000000e+02,-2.162162162162162282e-02,2.702702702702675097e-03
1.850000000000000000e+02,-2.972972972972975914e-02,1.081081081081081141e-02
1.850000000000000000e+02,8.108108108108136314e-03,-2.702702702702675097e-03
1.850000000000000000e+02,-5.945945945945951827e-02,2.702702702702675097e-03
1.850000000000000000e+02,-1.891891891891894772e-02,1.351351351351348651e-02
1.850000000000000000e+02,-5.405405405405350194e-03,0.000000000000000000e+00
1.850000000000000000e+02,-4.054054054054045952e-02,5.405405405405461217e-03
1.850000000000000000e+02,-4.054054054054057055e-02,8.108108108108136314e-03
1.850000000000000000e+02,-2.702702702702708404e-02,1.081081081081081141e-02
1.850000000000000000e+02,-3.243243243243243423e-02,2.432432432432429792e-02
1.850000000000000000e+02,2.486486486486486625e-01,2.702702702702675097e-03
1.850000000000000000e+02,-1.891891891891894772e-02,2.702702702702675097e-03
1.850000000000000000e+02,-2.432432432432429792e-02,0.000000000000000000e+00
1.850000000000000000e+02,2.324324324324325008e-01,2.702702702702675097e-03
1.850000000000000000e+02,-1.351351351351359753e-02,8.108108108108025291e-03
1.850000000000000000e+02,2.270270270270270396e-01,1.891891891891894772e-02
1.850000000000000000e+02,-1.081081081081081141e-02,-2.702702702702786119e-03
1.850000000000000000e+02,-5.405405405405350194e-03,3.243243243243243423e-02
1.850000000000000000e+02,-1.081081081081081141e-02,-2.702702702702786119e-03
1.850000000000000000e+02,-4.324324324324324564e-02,2.702702702702675097e-03
1.850000000000000000e+02,-3.513513513513510933e-02,-2.702702702702675097e-03
1.850000000000000000e+02,2.729729729729729604e-01,5.405405405405350194e-03
1.850000000000000000e+02,1.945945945945946054e-01,1.081081081081081141e-02
1.850000000000000000e+02,-2.702702702702697302e-02,0.000000000000000000e+00
1.850000000000000000e+02,-2.972972972972975914e-02,2.702702702702675097e-03
1.850000000000000000e+02,-2.432432432432429792e-02,-8.108108108108136314e-03
1.850000000000000000e+02,2.567567567567566877e-01,-2.702702702702786119e-03
1.850000000000000000e+02,-2.972972972972975914e-02,5.405405405405350194e-03
1.850000000000000000e+02,-5.405405405405350194e-03,5.405405405405461217e-03
1.850000000000000000e+02,5.405405405405461217e-03,1.351351351351348651e-02
1.850000000000000000e+02,5.405405405405461217e-03,8.108108108108136314e-03
1.850000000000000000e+02,-1.891891891891894772e-02,1.081081081081081141e-02
1.850000000000000000e+02,2.378378378378378510e-01,0.000000000000000000e+00
1.850000000000000000e+02,-1.891891891891894772e-02,-5.405405405405350194e-03
1.850000000000000000e+02,-5.135135135135138196e-02,0.000000000000000000e+00
1.850000000000000000e+02,-4.324324324324324564e-02,0.000000000000000000e+00
1.900000000000000000e+02,-2.631578947368429233e-03,1.315789473684214617e-02
1.900000000000000000e+02,-3.947368421052632748e-02,5.263157894736747444e-03
1.900000000000000000e+02,-3.421052631578946901e-02,2.368421052631575208e-02
1.900000000000000000e+02,-7.894736842105287700e-03,5.263157894736858466e-03
1.900000000000000000e+02,2.263157894736841369e-01,-2.631578947368429233e-03
1.900000000000000000e+02,-1.842105263157889361e-02,2.631578947368429233e-03
1.900000000000000000e+02,2.368421052631579649e-01,2.631578947368429233e-03
1.900000000000000000e+02,-3.157894736842103978e-02,2.631578947368429233e-03
1.900000000000000000e+02,-1.315789473684203514e-02,2.631578947368429233e-03
1.900000000000000000e+02,0.000000000000000000e+00,5.263157894736858466e-03
1.900000000000000000e+02,-1.315789473684214617e-02,1.315789473684214617e-02
1.900000000000000000e+02,-3.157894736842103978e-02,7.894736842105287700e-03
1.900000000000000000e+02,2.473684210526315708e-01,0.000000000000000000e+00
1.900000000000000000e+02,-1.052631578947360591e-02,1.315789473684214617e-02
1.900000000000000000e+02,-1.842105263157900463e-02,1.052631578947371693e-02
1.900000000000000000e+02,-2.368421052631575208e-02,5.263157894736858466e-03
1.900000000000000000e+02,-1.842105263157889361e-02,0.000000000000000000e+00
1.900000000000000000e+02,2.815789473684210398e-01,7.894736842105176677e-03
1.900000000000000000e+02,-3.684210526315789824e-02,1.315789473684203514e-02
1.900000000000000000e+02,-3.684210526315789824e-02,5.263157894736747444e-03
1.900000000000000000e+02,-3.947368421052632748e-02,7.894736842105287700e-03
1.900000000000000000e+02,-1.578947368421057540e-02,1.052631578947371693e-02
1.900000000000000000e+02,-3.947368421052632748e-02,2.631578947368429233e-03
1.900000000000000000e+02,1.052631578947371693e-02,2.631578947368429233e-03
1.900000000000000000e+02,2.263157894736842479e-01,0.000000000000000000e+00
1.900000000000000000e+02,2.631578947368429233e-03,1.052631578947371693e-02
1.900000000000000000e+02,-1.842105263157889361e-02,0.000000000000000000e+00
1.900000000000000000e+02,5.263157894736858466e-03,0.000000000000000000e+00
1.900000000000000000e+02,-3.684210526315789824e-02,1.052631578947371693e-02
1.900000000000000000e+02,-2.894736842105261054e-02,0.000000000000000000e+00
1.900000000000000000e+02,-1.315789473684203514e-02,0.000000000000000000e+00
1.900000000000000000e+02,-7.894736842105176677e-03,2.368421052631586310e-02
1.900000000000000000e+02,-2.894736842105261054e-02,-5.263157894736858466e-03
1.900000000000000000e+02,-3.421052631578946901e-02,0.000000000000000000e+00
1.900000000000000000e+02,1.842105263157889361e-02,0.000000000000000000e+00
1.900000000000000000e+02,2.473684210526315708e-01,1.052631578947360591e-02
1.900000000000000000e+02,-2.368421052631586310e-02,-7.894736842105287700e-03
1.900000000000000000e+02,2.789473684210527216e-01,5.263157894736858466e-03
1.900000000000000000e+02,-1.578947368421057540e-02,1.842105263157889361e-02
1.900000000000000000e+02,-4.473684210526318594e-02,2.631578947368429233e-03
1.900000000000000000e+02,-1.315789473684214617e-02,2.105263157894732284e-02
1.900000000000000000e+02,2.105263157894736725e-01,0.000000000000000000e+00
1.900000000000000000e+02,2.526315789473684292e-01,2.631578947368429233e-03
1.900000000000000000e+02,-7.894736842105287700e-03,7.894736842105287700e-03
1.900000000000000000e+02,0.000000000000000000e+00,2.631578947368429233e-03
1.900000000000000000e+02,-2.105263157894732284e-02,5.263157894736858466e-03
1.900000000000000000e+02,-2.631578947368429233e-03,5.263157894736858466e-03
1.900000000000000000e+02,-6.842105263157893802e-02,0.000000000000000000e+00
1.900000000000000000e+02,2.421052631578947123e-01,1.052631578947371693e-02
1.900000000000000000e+02,-3.421052631578946901e-02,0.000000000000000000e+00
1.900000000000000000e+02,-5.526315789473690288e-02,0.000000000000000000e+00
1.900000000000000000e+02,-1.315789473684214617e-02,7.894736842105287700e-03
1.900000000000000000e+02,-2.631578947368418131e-02,1.315789473684214617e-02
1.900000000000000000e+02,-2.894736842105272157e-02,7.894736842105176677e-03
1.900000000000000000e+02,2.500000000000000000e-01,5.263157894736858466e-03
1.900000000000000000e+02,-2.105263157894732284e-02,2.631578947368429233e-03
1.900000000000000000e+02,-2.894736842105261054e-02,5.263157894736858466e-03
1.900000000000000000e+02,-4.210526315789475671e-02,-2.631578947368429233e-03
1.900000000000000000e+02,2.236842105263158187e-01,2.631578947368429233e-03
1.900000000000000000e+02,-7.894736842105287700e-03,1.315789473684214617e-02
1.900000000000000000e+02,-1.052631578947360591e-02,-2.631578947368429233e-03
1.900000000000000000e+02,-2.368421052631575208e-02,0.000000000000000000e+00
1.900000000000000000e+02,-3.157894736842115080e-02,2.631578947368318211e-03
1.900000000000000000e+02,-2.631578947368429233e-03,-2.631578947368429233e-03
1.900000000000000000e+02,-2.368421052631575208e-02,5.263157894736858466e-03
1.900000000000000000e+02,-3.421052631578946901e-02,5.263157894736858466e-03
1.900000000000000000e+02,-2.368421052631575208e-02,2.631578947368429233e-03
1.900000000000000000e+02,2.184210526315789602e-01,1.315789473684214617e-02
1.900000000000000000e+02,2.421052631578947123e-01,2.631578947368429233e-03
1.900000000000000000e+02,-5.263157894736836262e-02,5.263157894736858466e-03
1.900000000000000000e+02,-1.578947368421057540e-02,5.263157894736858466e-03
1.900000000000000000e+02,-7.368421052631579649e-02,1.315789473684203514e-02
1.900000000000000000e+02,-7.894736842105287700e-03,1.842105263157889361e-02
1.900000000000000000e+02,-1.578947368421046438e-02,0.000000000000000000e+00
1.900000000000000000e+02,-1.052631578947371693e-02,-5.263157894736858466e-03
1.900000000000000000e+02,-4.473684210526318594e-02,-5.263157894736858466e-03
1.900000000000000000e+02,-5.263157894736858466e-03,-5.263157894736858466e-03
1.900000000000000000e+02,-3.157894736842103978e-02,2.105263157894743387e-02
1.900000000000000000e+02,2.947368421052631859e-01,1.052631578947371693e-02
1.900000000000000000e+02,2.105263157894732284e-02,2.631578947368418131e-02
1.900000000000000000e+02,-4.210526315789475671e-02,1.315789473684214617e-02
1.900000000000000000e+02,-3.684210526315789824e-02,2.631578947368318211e-03
1.900000000000000000e+02,2.657894736842105754e-01,0.000000000000000000e+00
1.900000000000000000e+02,-1.842105263157889361e-02,1.052631578947371693e-02
1.900000000000000000e+02,-5.263157894736858466e-03,0.000000000000000000e+00
1.900000000000000000e+02,-1.578947368421046438e-02,1.052631578947371693e-02
1.900000000000000000e+02,-2.631578947368418131e-02,5.263157894736858466e-03
1.900000000000000000e+02,-2.368421052631575208e-02,5.263157894736858466e-03
1.900000000000000000e+02,-5.263157894736858466e-03,1.315789473684214617e-02
1.900000000000000000e+02,-2.631578947368429233e-03,5.263157894736747444e-03
1.900000000000000000e+02,2.210526315789472784e-01,5.263157894736747444e-03
1.900000000000000000e+02,2.473684210526315708e-01,2.368421052631586310e-02
1.900000000000000000e+02,-1.578947368421057540e-02,1.052631578947371693e-02
1.900000000000000000e+02,-1.315789473684203514e-02,2.631578947368429233e-03
1.900000000000000000e+02,-5.263157894736858466e-03,1.315789473684203514e-02
1.900000000000000000e+02,-1.315789473684203514e-02,5.263157894736858466e-03
1.900000000000000000e+02,-1.578947368421057540e-02,-2.631578947368429233e-03
1.900000000000000000e+02,2.552631578947368585e-01,2.631578947368429233e-03
1.900000000000000000e+02,2.842105263157894690e-01,-2.631578947368429233e-03
1.900000000000000000e+02,-4.473684210526318594e-02,-2.631578947368429233e-03
1.950000000000000000e+02,2.512820512820512775e-01,5.128205128205109986e-03
1.950000000000000000e+02,-1.538461538461544098e-02,0.000000000000000000e+00
1.950000000000000000e+02,-7.692307692307776001e-03,5.128205128205109986e-03
1.950000000000000000e+02,-2.051282051282043994e-02,0.000000000000000000e+00
1.950000000000000000e+02,-3.076923076923077094e-02,0.000000000000000000e+00
1.950000000000000000e+02,-1.794871794871788495e-02,2.564102564102554993e-03
1.950000000000000000e+02,3.051282051282050434e-01,2.564102564102554993e-03
1.950000000000000000e+02,0.000000000000000000e+00,-2.564102564102554993e-03
1.950000000000000000e+02,-3.333333333333332593e-02,2.564102564102554993e-03
1.950000000000000000e+02,-3.846153846153843592e-02,1.025641025641033099e-02
1.950000000000000000e+02,-3.333333333333332593e-02,7.692307692307664979e-03
1.950000000000000000e+02,2.564102564102564985e-01,2.564102564102554993e-03
1.950000000000000000e+02,-7.692307692307664979e-03,0.000000000000000000e+00
1.950000000000000000e+02,-5.128205128205109986e-03,2.564102564102554993e-03
1.950000000000000000e+02,2.564102564102554993e-03,7.692307692307664979e-03
1.950000000000000000e+02,-2.051282051282043994e-02,-2.564102564102554993e-03
1.950000000000000000e+02,2.871794871794872694e-01,0.000000000000000000e+00
1.950000000000000000e+02,-1.794871794871799597e-02,5.128205128205109986e-03
1.950000000000000000e+02,-7.692307692307664979e-03,3.333333333333332593e-02
1.950000000000000000e+02,-7.692307692307664979e-03,-2.564102564102554993e-03
1.950000000000000000e+02,-3.333333333333332593e-02,5.128205128205109986e-03
1.950000000000000000e+02,-2.051282051282055097e-02,0.000000000000000000e+00
1.950000000000000000e+02,-1.538461538461544098e-02,5.384615384615376588e-02
1.950000000000000000e+02,-3.589743589743588092e-02,7.692307692307664979e-03
1.950000000000000000e+02,-3.846153846153854694e-02,5.128205128205109986e-03
1.950000000000000000e+02,-7.692307692307664979e-03,5.128205128205221008e-03
1.950000000000000000e+02,-5.128205128205121088e-02,-2.564102564102554993e-03
1.950000000000000000e+02,-2.051282051282055097e-02,2.564102564102554993e-03
1.950000000000000000e+02,-7.692307692307664979e-03,2.307692307692310596e-02
1.950000000000000000e+02,-1.794871794871788495e-02,5.128205128205221008e-03
1.950000000000000000e+02,2.076923076923077316e-01,5.128205128205109986e-03
1.950000000000000000e+02,-1.794871794871788495e-02,1.282051282051288599e-02
1.950000000000000000e+02,-1.794871794871799597e-02,1.282051282051277497e-02
1.950000000000000000e+02,-3.846153846153843592e-02,-2.564102564102554993e-03
1.950000000000000000e+02,-5.384615384615387690e-02,0.000000000000000000e+00
1.950000000000000000e+02,7.692307692307776001e-03,7.692307692307776001e-03
1.950000000000000000e+02,-1.282051282051277497e-02,1.282051282051277497e-02
1.950000000000000000e+02,2.692307692307692735e-01,0.000000000000000000e+00
1.950000000000000000e+02,-2.051282051282055097e-02,2.307692307692310596e-02
1.950000000000000000e+02,-2.564102564102554993e-03,1.025641025641021997e-02
1.950000000000000000e+02,-5.128205128205109986e-03,5.128205128205221008e-03
1.950000000000000000e+02,-6.410256410256420789e-02,5.128205128205109986e-03
1.950000000000000000e+02,-4.358974358974354590e-02,-2.564102564102554993e-03
1.950000000000000000e+02,-2.307692307692310596e-02,7.692307692307664979e-03
1.950000000000000000e+02,-7.692307692307664979e-03,-5.128205128205109986e-03
1.950000000000000000e+02,-1.025641025641021997e-02,1.538461538461532996e-02
1.950000000000000000e+02,2.307692307692307265e-01,2.564102564102554993e-03
1.950000000000000000e+02,-4.358974358974354590e-02,7.692307692307664979e-03
1.950000000000000000e+02,2.256410256410256165e-01,2.564102564102554993e-03
1.950000000000000000e+02,-2.564102564102566095e-02,7.692307692307776001e-03
1.950000000000000000e+02,-4.102564102564099091e-02,-2.564102564102554993e-03
1.950000000000000000e+02,-8.205128205128198182e-02,-2.564102564102554993e-03
1.950000000000000000e+02,2.564102564102554993e-03,2.051282051282043994e-02
1.950000000000000000e+02,2.000000000000000666e-01,1.794871794871799597e-02
1.950000000000000000e+02,5.128205128205109986e-03,5.128205128205109986e-03
1.950000000000000000e+02,2.256410256410256165e-01,1.025641025641021997e-02
1.950000000000000000e+02,-2.307692307692310596e-02,-7.692307692307664979e-03
1.950000000000000000e+02,-4.102564102564099091e-02,-2.564102564102554993e-03
1.950000000000000000e+02,-1.538461538461532996e-02,0.000000000000000000e+00
1.950000000000000000e+02,1.538461538461544098e-02,1.794871794871799597e-02
1.950000000000000000e+02,2.333333333333333925e-01,5.128205128205221008e-03
1.950000000000000000e+02,-2.820512820512821595e-02,5.128205128205109986e-03
1.950000000000000000e+02,-2.820512820512821595e-02,5.128205128205109986e-03
1.950000000000000000e+02,-2.564102564102554993e-03,7.692307692307664979e-03
1.950000000000000000e+02,-3.589743589743588092e-02,2.051282051282043994e-02
1.950000000000000000e+02,2.435897435897436125e-01,2.564102564102554993e-03
1.950000000000000000e+02,-2.307692307692310596e-02,7.692307692307664979e-03
1.950000000000000000e+02,-1.025641025641021997e-02,2.564102564102554993e-03
1.950000000000000000e+02,-2.820512820512821595e-02,5.128205128205109986e-03
1.950000000000000000e+02,2.307692307692308376e-01,0.000000000000000000e+00
1.950000000000000000e+02,-1.794871794871799597e-02,-5.128205128205221008e-03
1.950000000000000000e+02,2.205128205128205066e-01,2.564102564102554993e-03
1.950000000000000000e+02,-7.692307692307664979e-03,2.564102564102554993e-03
1.950000000000000000e+02,-7.692307692307664979e-03,1.025641025641033099e-02
1.950000000000000000e+02,-2.051282051282043994e-02,2.564102564102554993e-03
1.950000000000000000e+02,-3.076923076923077094e-02,-2.564102564102554993e-03
1.950000000000000000e+02,-2.051282051282043994e-02,7.692307692307776001e-03
1.950000000000000000e+02,2.717948717948718285e-01,1.025641025641033099e-02
1.950000000000000000e+02,-4.358974358974354590e-02,2.564102564102554993e-03
1.950000000000000000e+02,2.153846153846153966e-01,5.128205128205109986e-03
1.950000000000000000e+02,2.282051282051282826e-01,2.564102564102554993e-03
1.950000000000000000e+02,-1.282051282051288599e-02,5.128205128205109986e-03
1.950000000000000000e+02,-2.051282051282043994e-02,-7.692307692307664979e-03
1.950000000000000000e+02,-2.564102564102554993e-03,0.000000000000000000e+00
1.950000000000000000e+02,-3.333333333333332593e-02,2.307692307692299494e-02
1.950000000000000000e+02,2.641025641025641635e-01,7.692307692307664979e-03
1.950000000000000000e+02,2.615384615384614975e-01,5.128205128205109986e-03
1.950000000000000000e+02,-4.871794871794876691e-02,5.128205128205109986e-03
1.950000000000000000e+02,-2.307692307692299494e-02,0.000000000000000000e+00
1.950000000000000000e+02,-3.589743589743599195e-02,5.128205128205109986e-03
1.950000000000000000e+02,-1.282051282051277497e-02,1.282051282051288599e-02
1.950000000000000000e+02,-3.846153846153843592e-02,0.000000000000000000e+00
1.950000000000000000e+02,-2.051282051282055097e-02,-2.564102564102554993e-03
1.950000000000000000e+02,-5.128205128205109986e-03,5.128205128205109986e-03
1.950000000000000000e+02,2.410256410256410575e-01,2.564102564102554993e-03
1.950000000000000000e+02,2.564102564102563875e-01,7.692307692307664979e-03
1.950000000000000000e+02,-1.794871794871799597e-02,-2.564102564102554993e-03
1.950000000000000000e+02,-2.564102564102566095e-02,1.538461538461532996e-02
1.950000000000000000e+02,-3.076923076923077094e-02,1.282051282051277497e-02
1.950000000000000000e+02,-7.179487179487176185e-02,1.282051282051277497e-02
2.000000000000000000e+02,9.999999999999897859e-03,0.000000000000000000e+00
2.000000000000000000e+02,-1.749999999999996003e-02,0.000000000000000000e+00
2.000000000000000000e+02,-2.999999999999991562e-02,1.000000000000000888e-02
2.000000000000000000e+02,2.549999999999998934e-01,-2.500000000000057732e-03
2.000000000000000000e+02,2.999999999999999334e-01,2.499999999999946709e-03
2.000000000000000000e+02,1.774999999999999911e-01,1.500000000000001332e-02
2.000000000000000000e+02,-2.749999999999996891e-02,1.249999999999995559e-02
2.000000000000000000e+02,-4.250000000000009326e-02,2.499999999999946709e-03
2.000000000000000000e+02,-1.000000000000000888e-02,-2.500000000000057732e-03
2.000000000000000000e+02,-5.000000000000004441e-03,7.499999999999951150e-03
2.000000000000000000e+02,-1.000000000000000888e-02,1.999999999999990674e-02
2.000000000000000000e+02,1.875000000000000000e-01,0.000000000000000000e+00
2.000000000000000000e+02,-1.500000000000001332e-02,1.000000000000000888e-02
2.000000000000000000e+02,-3.000000000000002665e-02,7.499999999999951150e-03
2.000000000000000000e+02,-5.000000000000004441e-02,-2.500000000000057732e-03
2.000000000000000000e+02,-1.249999999999995559e-02,1.000000000000000888e-02
2.000000000000000000e+02,-1.000000000000000888e-02,2.500000000000057732e-03
2.000000000000000000e+02,-9.999999999999897859e-03,2.500000000000057732e-03
2.000000000000000000e+02,2.249999999999999778e-01,5.000000000000004441e-03
2.000000000000000000e+02,2.025000000000000133e-01,0.000000000000000000e+00
2.000000000000000000e+02,0.000000000000000000e+00,-5.000000000000004441e-03
2.000000000000000000e+02,-1.250000000000006661e-02,2.499999999999946709e-03
2.000000000000000000e+02,-1.249999999999995559e-02,0.000000000000000000e+00
2.000000000000000000e+02,-2.000000000000001776e-02,7.499999999999951150e-03
2.000000000000000000e+02,-2.000000000000001776e-02,1.000000000000000888e-02
2.000000000000000000e+02,-2.250000000000007550e-02,5.000000000000004441e-03
2.000000000000000000e+02,-2.749999999999996891e-02,2.500000000000002220e-02
2.000000000000000000e+02,-4.249999999999998224e-02,-2.499999999999946709e-03
2.000000000000000000e+02,-2.750000000000007994e-02,-5.000000000000004441e-03
2.000000000000000000e+02,7.500000000000062172e-03,1.500000000000001332e-02
2.000000000000000000e+02,-1.249999999999995559e-02,1.749999999999996003e-02
2.000000000000000000e+02,3.000000000000000444e-01,-2.499999999999946709e-03
2.000000000000000000e+02,2.824999999999999734e-01,2.499999999999946709e-03
2.000000000000000000e+02,-2.000000000000001776e-02,1.250000000000006661e-02
2.000000000000000000e+02,-4.249999999999998224e-02,0.000000000000000000e+00
2.000000000000000000e+02,-3.749999999999997780e-02,-5.000000000000004441e-03
2.000000000000000000e+02,3.050000000000000488e-01,2.000000000000001776e-02
2.000000000000000000e+02,-5.000000000000004441e-03,7.499999999999951150e-03
2.000000000000000000e+02,0.000000000000000000e+00,2.499999999999946709e-03
2.000000000000000000e+02,2.249999999999999778e-01,5.000000000000004441e-03
2.000000000000000000e+02,-4.999999999999993339e-02,5.000000000000004441e-03
2.000000000000000000e+02,2.475000000000000533e-01,7.500000000000062172e-03
2.000000000000000000e+02,-1.500000000000001332e-02,1.000000000000000888e-02
2.000000000000000000e+02,-1.749999999999996003e-02,7.499999999999951150e-03
2.000000000000000000e+02,-3.999999999999992450e-02,5.000000000000004441e-03
2.000000000000000000e+02,2.949999999999999289e-01,5.000000000000004441e-03
2.000000000000000000e+02,-2.000000000000001776e-02,0.000000000000000000e+00
2.000000000000000000e+02,-4.000000000000003553e-02,0.000000000000000000e+00
2.000000000000000000e+02,-1.749999999999996003e-02,1.249999999999995559e-02
2.000000000000000000e+02,-2.500000000000002220e-02,0.000000000000000000e+00
2.000000000000000000e+02,-1.500000000000001332e-02,0.000000000000000000e+00
2.000000000000000000e+02,2.374999999999999334e-01,1.249999999999995559e-02
2.000000000000000000e+02,2.324999999999999289e-01,5.000000000000004441e-03
2.000000000000000000e+02,-2.749999999999996891e-02,-2.499999999999946709e-03
2.000000000000000000e+02,2.500000000000000000e-01,0.000000000000000000e+00
2.000000000000000000e+02,2.049999999999999600e-01,2.500000000000057732e-03
2.000000000000000000e+02,-4.249999999999998224e-02,0.000000000000000000e+00
2.000000000000000000e+02,-3.249999999999997335e-02,2.499999999999946709e-03
2.000000000000000000e+02,-1.749999999999996003e-02,2.500000000000057732e-03
2.000000000000000000e+02,-3.000000000000002665e-02,-2.500000000000057732e-03
2.000000000000000000e+02,-1.500000000000001332e-02,0.000000000000000000e+00
2.000000000000000000e+02,-1.500000000000001332e-02,1.749999999999996003e-02
2.000000000000000000e+02,-3.500000000000003109e-02,5.000000000000004441e-03
2.000000000000000000e+02,-5.000000000000004441e-03,1.750000000000007105e-02
2.000000000000000000e+02,-5.000000000000004441e-03,7.500000000000062172e-03
2.000000000000000000e+02,-3.500000000000003109e-02,-2.500000000000057732e-03
2.000000000000000000e+02,2.374999999999999334e-01,-2.500000000000057732e-03
2.000000000000000000e+02,-7.499999999999951150e-03,7.499999999999951150e-03
2.000000000000000000e+02,-2.500000000000002220e-02,7.499999999999951150e-03
2.000000000000000000e+02,-1.749999999999996003e-02,1.000000000000000888e-02
2.000000000000000000e+02,-2.249999999999996447e-02,0.000000000000000000e+00
2.000000000000000000e+02,-2.500000000000002220e-02,0.000000000000000000e+00
2.000000000000000000e+02,-1.500000000000001332e-02,2.499999999999946709e-03
2.000000000000000000e+02,2.824999999999999734e-01,2.749999999999996891e-02
2.000000000000000000e+02,-1.749999999999996003e-02,2.499999999999946709e-03
2.000000000000000000e+02,-1.000000000000000888e-02,1.000000000000000888e-02
2.000000000000000000e+02,-2.499999999999946709e-03,1.000000000000000888e-02
2.000000000000000000e+02,2.449999999999999956e-01,1.500000000000001332e-02
2.000000000000000000e+02,-1.500000000000001332e-02,5.000000000000004441e-03
2.000000000000000000e+02,-3.749999999999997780e-02,5.000000000000004441e-03
2.000000000000000000e+02,-4.499999999999992895e-02,0.000000000000000000e+00
2.000000000000000000e+02,-3.999999999999992450e-02,7.500000000000062172e-03
2.000000000000000000e+02,1.500000000000001332e-02,1.000000000000000888e-02
2.000000000000000000e+02,-5.249999999999999112e-02,-2.499999999999946709e-03
2.000000000000000000e+02,-4.249999999999998224e-02,-2.499999999999946709e-03
2.000000000000000000e+02,-3.500000000000003109e-02,7.500000000000062172e-03
2.000000000000000000e+02,-5.000000000000004441e-03,1.750000000000007105e-02
2.000000000000000000e+02,-5.500000000000004885e-02,5.000000000000004441e-03
2.000000000000000000e+02,-4.249999999999998224e-02,0.000000000000000000e+00
2.000000000000000000e+02,-1.499999999999990230e-02,7.500000000000062172e-03
2.000000000000000000e+02,-1.000000000000000888e-02,0.000000000000000000e+00
2.000000000000000000e+02,-1.500000000000001332e-02,2.499999999999946709e-03
2.000000000000000000e+02,-2.500000000000057732e-03,0.000000000000000000e+00
2.000000000000000000e+02,-7.499999999999951150e-03,7.499999999999951150e-03
2.000000000000000000e+02,-2.250000000000007550e-02,7.499999999999951150e-03
2.000000000000000000e+02,2.199999999999999734e-01,1.749999999999996003e-02
2.000000000000000000e+02,-2.000000000000001776e-02,0.000000000000000000e+00
2.000000000000000000e+02,-3.500000000000003109e-02,1.000000000000000888e-02
2.000000000000000000e+02,-1.249999999999995559e-02,5.000000000000004441e-03
2.000000000000000000e+02,-2.749999999999996891e-02,1.000000000000000888e-02
