3.000000000000000000e+02,2.099999999999999645e-01,0.000000000000000000e+00
3.000000000000000000e+02,-2.666666666666661634e-02,-3.333333333333299286e-03
3.000000000000000000e+02,1.933333333333333570e-01,0.000000000000000000e+00
3.000000000000000000e+02,2.533333333333332993e-01,1.333333333333330817e-02
3.000000000000000000e+02,2.933333333333333348e-01,6.666666666666709595e-03
3.000000000000000000e+02,-2.000000000000001776e-02,1.333333333333330817e-02
3.000000000000000000e+02,-2.000000000000001776e-02,-6.666666666666709595e-03
3.000000000000000000e+02,1.333333333333330817e-02,0.000000000000000000e+00
3.000000000000000000e+02,-7.999999999999996003e-02,0.000000000000000000e+00
3.000000000000000000e+02,-3.000000000000002665e-02,1.000000000000000888e-02
3.000000000000000000e+02,-2.666666666666661634e-02,6.666666666666709595e-03
3.000000000000000000e+02,1.800000000000000488e-01,3.333333333333299286e-03
3.000000000000000000e+02,2.133333333333333748e-01,0.000000000000000000e+00
3.000000000000000000e+02,-1.333333333333341919e-02,3.333333333333299286e-03
3.000000000000000000e+02,2.333333333333333925e-01,3.000000000000002665e-02
3.000000000000000000e+02,-1.000000000000000888e-02,-3.333333333333299286e-03
3.000000000000000000e+02,-3.333333333333332593e-02,6.666666666666598573e-03
3.000000000000000000e+02,-2.999999999999991562e-02,0.000000000000000000e+00
3.000000000000000000e+02,-3.333333333333332593e-02,1.333333333333341919e-02
3.000000000000000000e+02,-1.000000000000000888e-02,3.333333333333410309e-03
3.000000000000000000e+02,-1.666666666666671848e-02,2.000000000000001776e-02
3.000000000000000000e+02,-3.999999999999992450e-02,6.666666666666709595e-03
3.000000000000000000e+02,-3.333333333333332593e-02,3.333333333333299286e-03
3.000000000000000000e+02,3.066666666666667540e-01,1.000000000000000888e-02
3.000000000000000000e+02,-2.666666666666661634e-02,1.666666666666671848e-02
3.000000000000000000e+02,-3.666666666666673624e-02,3.333333333333299286e-03
3.000000000000000000e+02,0.000000000000000000e+00,5.999999999999994227e-02
3.000000000000000000e+02,-2.000000000000001776e-02,1.333333333333330817e-02
3.000000000000000000e+02,2.333333333333332815e-01,6.666666666666598573e-03
3.000000000000000000e+02,-2.333333333333331705e-02,0.000000000000000000e+00
3.000000000000000000e+02,1.666666666666671848e-02,1.333333333333330817e-02
3.000000000000000000e+02,-1.333333333333330817e-02,3.333333333333299286e-03
3.000000000000000000e+02,2.566666666666667096e-01,1.666666666666671848e-02
3.000000000000000000e+02,-2.666666666666672736e-02,1.666666666666660745e-02
3.000000000000000000e+02,2.066666666666666652e-01,3.333333333333299286e-03
3.000000000000000000e+02,2.366666666666665808e-01,1.666666666666660745e-02
3.000000000000000000e+02,-2.000000000000001776e-02,2.333333333333331705e-02
3.000000000000000000e+02,-1.666666666666671848e-02,6.666666666666598573e-03
3.000000000000000000e+02,2.399999999999999911e-01,2.333333333333331705e-02
3.000000000000000000e+02,2.066666666666666652e-01,2.333333333333331705e-02
3.000000000000000000e+02,2.366666666666666918e-01,1.666666666666671848e-02
3.000000000000000000e+02,2.166666666666666741e-01,3.333333333333410309e-03
3.000000000000000000e+02,2.466666666666667007e-01,1.333333333333330817e-02
3.000000000000000000e+02,-4.000000000000003553e-02,3.333333333333299286e-03
3.000000000000000000e+02,-2.333333333333331705e-02,1.000000000000000888e-02
3.000000000000000000e+02,1.333333333333330817e-02,6.666666666666709595e-03
3.000000000000000000e+02,-3.333333333333299286e-03,3.333333333333410309e-03
3.000000000000000000e+02,2.800000000000000266e-01,2.666666666666672736e-02
3.000000000000000000e+02,-2.666666666666661634e-02,3.333333333333410309e-03
3.000000000000000000e+02,3.333333333333299286e-03,1.000000000000000888e-02
3.000000000000000000e+02,-2.000000000000001776e-02,2.000000000000001776e-02
3.000000000000000000e+02,-3.000000000000002665e-02,1.000000000000000888e-02
3.000000000000000000e+02,-4.333333333333333481e-02,3.333333333333410309e-03
3.000000000000000000e+02,-3.333333333333410309e-03,0.000000000000000000e+00
3.000000000000000000e+02,1.400000000000000133e-01,2.000000000000001776e-02
3.000000000000000000e+02,-2.333333333333331705e-02,3.333333333333299286e-03
3.000000000000000000e+02,-1.000000000000000888e-02,1.333333333333341919e-02
3.000000000000000000e+02,-2.000000000000001776e-02,1.000000000000000888e-02
3.000000000000000000e+02,2.800000000000000266e-01,0.000000000000000000e+00
3.000000000000000000e+02,1.333333333333330817e-02,2.000000000000001776e-02
3.000000000000000000e+02,-5.666666666666675400e-02,6.666666666666598573e-03
3.000000000000000000e+02,-3.666666666666662522e-02,2.000000000000001776e-02
3.000000000000000000e+02,-1.666666666666660745e-02,3.333333333333410309e-03
3.000000000000000000e+02,-3.333333333333332593e-02,3.333333333333410309e-03
3.000000000000000000e+02,2.399999999999999911e-01,-3.333333333333410309e-03
3.000000000000000000e+02,-3.333333333333332593e-02,-3.333333333333299286e-03
3.000000000000000000e+02,-2.999999999999991562e-02,-3.333333333333299286e-03
3.000000000000000000e+02,2.066666666666666652e-01,9.999999999999897859e-03
3.000000000000000000e+02,1.733333333333333393e-01,-3.333333333333299286e-03
3.000000000000000000e+02,2.100000000000000755e-01,6.666666666666709595e-03
3.000000000000000000e+02,2.233333333333332726e-01,0.000000000000000000e+00
3.000000000000000000e+02,-6.999999999999995115e-02,-1.000000000000000888e-02
3.000000000000000000e+02,1.999999999999990674e-02,3.333333333333299286e-03
3.000000000000000000e+02,-2.000000000000001776e-02,2.333333333333331705e-02
3.000000000000000000e+02,-1.000000000000000888e-02,0.000000000000000000e+00
3.000000000000000000e+02,-3.333333333333332593e-02,3.333333333333299286e-03
3.000000000000000000e+02,-3.333333333333410309e-03,2.333333333333331705e-02
3.000000000000000000e+02,3.066666666666667540e-01,0.000000000000000000e+00
3.000000000000000000e+02,2.399999999999999911e-01,3.333333333333299286e-03
3.000000000000000000e+02,-1.666666666666660745e-02,-3.333333333333299286e-03
3.000000000000000000e+02,2.366666666666666918e-01,1.000000000000000888e-02
3.000000000000000000e+02,2.766666666666667274e-01,0.000000000000000000e+00
3.000000000000000000e+02,2.566666666666665986e-01,3.333333333333299286e-03
3.000000000000000000e+02,3.033333333333333437e-01,2.333333333333331705e-02
3.000000000000000000e+02,-1.333333333333330817e-02,0.000000000000000000e+00
3.000000000000000000e+02,-3.000000000000002665e-02,6.666666666666709595e-03
3.000000000000000000e+02,-1.333333333333330817e-02,6.666666666666709595e-03
3.000000000000000000e+02,-2.666666666666672736e-02,6.666666666666598573e-03
3.000000000000000000e+02,-4.666666666666663410e-02,2.000000000000001776e-02
3.000000000000000000e+02,-2.666666666666661634e-02,0.000000000000000000e+00
3.000000000000000000e+02,-4.000000000000003553e-02,6.666666666666709595e-03
3.000000000000000000e+02,-1.333333333333330817e-02,0.000000000000000000e+00
3.000000000000000000e+02,-3.666666666666662522e-02,0.000000000000000000e+00
3.000000000000000000e+02,1.333333333333330817e-02,1.000000000000000888e-02
3.000000000000000000e+02,-4.666666666666674512e-02,4.666666666666663410e-02
3.000000000000000000e+02,3.333333333333332593e-02,6.666666666666709595e-03
3.000000000000000000e+02,0.000000000000000000e+00,1.333333333333330817e-02
3.000000000000000000e+02,2.166666666666666741e-01,1.333333333333341919e-02
3.000000000000000000e+02,-2.000000000000001776e-02,-3.333333333333299286e-03
3.000000000000000000e+02,-3.666666666666662522e-02,1.333333333333341919e-02
3.100000000000000000e+02,-9.677419354838678878e-03,0.000000000000000000e+00
3.100000000000000000e+02,-1.290322580645164585e-02,9.677419354838678878e-03
3.100000000000000000e+02,-6.451612903225822926e-03,3.225806451612855952e-03
3.100000000000000000e+02,-2.903225806451614766e-02,0.000000000000000000e+00
3.100000000000000000e+02,-7.096774193548383014e-02,0.000000000000000000e+00
3.100000000000000000e+02,-1.612903225806450180e-02,3.225806451612855952e-03
3.100000000000000000e+02,3.032258064516129004e-01,2.580645161290318068e-02
3.100000000000000000e+02,2.870967741935483986e-01,0.000000000000000000e+00
3.100000000000000000e+02,6.451612903225822926e-03,9.677419354838678878e-03
3.100000000000000000e+02,-4.838709677419350541e-02,-9.677419354838678878e-03
3.100000000000000000e+02,-3.870967741935482653e-02,3.225806451612966974e-03
3.100000000000000000e+02,1.290322580645153483e-02,-3.225806451612966974e-03
3.100000000000000000e+02,2.677419354838710408e-01,2.580645161290329170e-02
3.100000000000000000e+02,-1.290322580645164585e-02,0.000000000000000000e+00
3.100000000000000000e+02,1.838709677419354538e-01,1.612903225806450180e-02
3.100000000000000000e+02,-2.580645161290318068e-02,1.935483870967746878e-02
3.100000000000000000e+02,-1.935483870967746878e-02,9.677419354838678878e-03
3.100000000000000000e+02,-3.548387096774197058e-02,6.451612903225711904e-03
3.100000000000000000e+02,-3.225806451612855952e-03,-3.225806451612855952e-03
3.100000000000000000e+02,2.612903225806451069e-01,0.000000000000000000e+00
3.100000000000000000e+02,-6.451612903225822926e-03,0.000000000000000000e+00
3.100000000000000000e+02,3.096774193548387233e-01,-6.451612903225822926e-03
3.100000000000000000e+02,-5.161290322580647238e-02,3.225806451612966974e-03
3.100000000000000000e+02,2.129032258064516014e-01,0.000000000000000000e+00
3.100000000000000000e+02,-9.677419354838678878e-03,6.451612903225822926e-03
3.100000000000000000e+02,2.419354838709677491e-01,0.000000000000000000e+00
3.100000000000000000e+02,-3.548387096774197058e-02,6.451612903225822926e-03
3.100000000000000000e+02,1.290322580645164585e-02,1.290322580645164585e-02
3.100000000000000000e+02,1.806451612903225978e-01,6.451612903225822926e-03
3.100000000000000000e+02,-5.161290322580647238e-02,-3.225806451612855952e-03
3.100000000000000000e+02,2.096774193548386345e-01,0.000000000000000000e+00
3.100000000000000000e+02,-1.290322580645153483e-02,9.677419354838789900e-03
3.100000000000000000e+02,2.516129032258064280e-01,0.000000000000000000e+00
3.100000000000000000e+02,1.774193548387097419e-01,0.000000000000000000e+00
3.100000000000000000e+02,-2.903225806451614766e-02,1.612903225806450180e-02
3.100000000000000000e+02,-1.612903225806450180e-02,6.451612903225822926e-03
3.100000000000000000e+02,2.645161290322580738e-01,3.225806451612966974e-03
3.100000000000000000e+02,-9.677419354838678878e-03,0.000000000000000000e+00
3.100000000000000000e+02,2.741935483870967527e-01,3.225806451612900361e-02
3.100000000000000000e+02,-2.258064516129032473e-02,6.451612903225822926e-03
3.100000000000000000e+02,-6.129032258064515126e-02,9.677419354838678878e-03
3.100000000000000000e+02,2.451612903225807161e-01,-6.451612903225711904e-03
3.100000000000000000e+02,-6.451612903225822926e-03,6.451612903225822926e-03
3.100000000000000000e+02,-5.806451612903218429e-02,-6.451612903225822926e-03
3.100000000000000000e+02,6.451612903225822926e-03,9.677419354838789900e-03
3.100000000000000000e+02,-9.677419354838678878e-03,3.225806451612966974e-03
3.100000000000000000e+02,2.322580645161290702e-01,0.000000000000000000e+00
3.100000000000000000e+02,-3.548387096774197058e-02,-3.225806451612966974e-03
3.100000000000000000e+02,-6.129032258064515126e-02,0.000000000000000000e+00
3.100000000000000000e+02,-1.612903225806450180e-02,3.225806451612966974e-03
3.100000000000000000e+02,2.483870967741934610e-01,1.612903225806450180e-02
3.100000000000000000e+02,2.935483870967742215e-01,4.193548387096779351e-02
3.100000000000000000e+02,-5.483870967741932834e-02,0.000000000000000000e+00
3.100000000000000000e+02,2.516129032258064280e-01,0.000000000000000000e+00
3.100000000000000000e+02,1.935483870967742437e-01,6.451612903225822926e-03
3.100000000000000000e+02,-1.935483870967746878e-02,6.451612903225822926e-03
3.100000000000000000e+02,2.322580645161290702e-01,9.677419354838678878e-03
3.100000000000000000e+02,-3.225806451612966974e-03,6.451612903225822926e-03
3.100000000000000000e+02,3.193548387096774022e-01,-3.225806451612966974e-03
3.100000000000000000e+02,-6.451612903225811824e-02,0.000000000000000000e+00
3.100000000000000000e+02,-3.225806451612966974e-03,6.451612903225822926e-03
3.100000000000000000e+02,1.870967741935483097e-01,0.000000000000000000e+00
3.100000000000000000e+02,-1.935483870967746878e-02,-3.225806451612855952e-03
3.100000000000000000e+02,-1.935483870967735776e-02,1.290322580645164585e-02
3.100000000000000000e+02,1.806451612903225978e-01,1.290322580645153483e-02
3.100000000000000000e+02,3.225806451612855952e-03,3.548387096774185956e-02
3.100000000000000000e+02,-5.161290322580636136e-02,-6.451612903225711904e-03
3.100000000000000000e+02,-1.612903225806450180e-02,-1.290322580645164585e-02
3.100000000000000000e+02,-4.838709677419350541e-02,-3.225806451612855952e-03
3.100000000000000000e+02,-9.677419354838678878e-03,1.290322580645164585e-02
3.100000000000000000e+02,-1.935483870967746878e-02,3.225806451612855952e-03
3.100000000000000000e+02,3.225806451612855952e-03,0.000000000000000000e+00
3.100000000000000000e+02,-2.580645161290329170e-02,3.225806451612855952e-03
3.100000000000000000e+02,-1.290322580645164585e-02,3.225806451612855952e-03
3.100000000000000000e+02,2.193548387096774244e-01,3.225806451612966974e-03
3.100000000000000000e+02,1.806451612903225978e-01,3.225806451612855952e-03
3.100000000000000000e+02,-9.677419354838678878e-03,6.451612903225822926e-03
3.100000000000000000e+02,2.129032258064516014e-01,0.000000000000000000e+00
3.100000000000000000e+02,-4.193548387096779351e-02,6.451612903225822926e-03
3.100000000000000000e+02,-1.290322580645164585e-02,-3.225806451612855952e-03
3.100000000000000000e+02,-7.741935483870965307e-02,6.451612903225822926e-03
3.100000000000000000e+02,2.483870967741934610e-01,6.451612903225822926e-03
3.100000000000000000e+02,2.193548387096774244e-01,3.225806451612966974e-03
3.100000000000000000e+02,-3.225806451612966974e-03,9.677419354838678878e-03
3.100000000000000000e+02,-1.935483870967735776e-02,2.580645161290329170e-02
3.100000000000000000e+02,-1.290322580645153483e-02,1.935483870967746878e-02
3.100000000000000000e+02,2.354838709677419262e-01,3.225806451612966974e-03
3.100000000000000000e+02,-9.677419354838789900e-03,9.677419354838678878e-03
3.100000000000000000e+02,-5.806451612903229531e-02,-3.225806451612855952e-03
3.100000000000000000e+02,1.870967741935484208e-01,3.225806451612855952e-03
3.100000000000000000e+02,-1.935483870967735776e-02,6.451612903225822926e-03
3.100000000000000000e+02,2.161290322580644574e-01,-3.225806451612966974e-03
3.100000000000000000e+02,-6.451612903225822926e-03,6.451612903225822926e-03
3.100000000000000000e+02,-3.225806451612911463e-02,0.000000000000000000e+00
3.100000000000000000e+02,-2.258064516129032473e-02,-9.677419354838789900e-03
3.100000000000000000e+02,-2.258064516129032473e-02,6.451612903225822926e-03
3.100000000000000000e+02,-7.419354838709679711e-02,0.000000000000000000e+00
3.100000000000000000e+02,3.193548387096775132e-01,1.290322580645164585e-02
3.100000000000000000e+02,3.225806451612966974e-03,9.677419354838789900e-03
3.100000000000000000e+02,-3.225806451612900361e-02,3.225806451612966974e-03
3.200000000000000000e+02,-2.187500000000008882e-02,0.000000000000000000e+00
3.200000000000000000e+02,2.031250000000000000e-01,1.249999999999995559e-02
3.200000000000000000e+02,-3.125000000000000000e-02,9.375000000000022204e-03
3.200000000000000000e+02,1.999999999999999556e-01,3.125000000000044409e-03
3.200000000000000000e+02,-7.812500000000000000e-02,3.125000000000044409e-03
3.200000000000000000e+02,-9.375000000000022204e-03,0.000000000000000000e+00
3.200000000000000000e+02,-1.250000000000006661e-02,-1.875000000000004441e-02
3.200000000000000000e+02,-5.937499999999995559e-02,6.249999999999977796e-03
3.200000000000000000e+02,2.437499999999999112e-01,-6.250000000000088818e-03
3.200000000000000000e+02,-3.749999999999997780e-02,6.249999999999977796e-03
3.200000000000000000e+02,-2.812499999999995559e-02,0.000000000000000000e+00
3.200000000000000000e+02,-1.250000000000006661e-02,3.124999999999933387e-03
3.200000000000000000e+02,-4.687500000000000000e-02,-3.124999999999933387e-03
3.200000000000000000e+02,-1.875000000000004441e-02,9.374999999999911182e-03
3.200000000000000000e+02,-4.062499999999991118e-02,-3.124999999999933387e-03
3.200000000000000000e+02,-1.562500000000000000e-02,0.000000000000000000e+00
3.200000000000000000e+02,-2.187499999999997780e-02,6.249999999999977796e-03
3.200000000000000000e+02,-3.124999999999933387e-03,3.125000000000044409e-03
3.200000000000000000e+02,-7.500000000000006661e-02,-3.125000000000044409e-03
3.200000000000000000e+02,3.187499999999999778e-01,0.000000000000000000e+00
3.200000000000000000e+02,2.062500000000000444e-01,6.250000000000088818e-03
3.200000000000000000e+02,-3.125000000000000000e-02,0.000000000000000000e+00
3.200000000000000000e+02,-1.875000000000004441e-02,2.187499999999997780e-02
3.200000000000000000e+02,-5.312500000000008882e-02,0.000000000000000000e+00
3.200000000000000000e+02,2.531249999999999334e-01,3.124999999999933387e-03
3.200000000000000000e+02,-2.500000000000002220e-02,-3.125000000000044409e-03
3.200000000000000000e+02,-1.562500000000000000e-02,-3.125000000000044409e-03
3.200000000000000000e+02,-4.062499999999991118e-02,3.125000000000044409e-03
3.200000000000000000e+02,-4.374999999999995559e-02,0.000000000000000000e+00
3.200000000000000000e+02,2.281250000000000222e-01,3.125000000000044409e-03
3.200000000000000000e+02,2.156249999999999556e-01,1.249999999999995559e-02
3.200000000000000000e+02,-2.187499999999997780e-02,9.375000000000022204e-03
3.200000000000000000e+02,2.281249999999999112e-01,9.374999999999911182e-03
3.200000000000000000e+02,3.031249999999999778e-01,0.000000000000000000e+00
3.200000000000000000e+02,-1.562500000000000000e-02,3.749999999999997780e-02
3.200000000000000000e+02,-3.125000000000000000e-02,3.125000000000044409e-03
3.200000000000000000e+02,-3.125000000000000000e-02,3.125000000000044409e-03
3.200000000000000000e+02,-4.062499999999991118e-02,0.000000000000000000e+00
3.200000000000000000e+02,-3.437499999999993339e-02,-3.124999999999933387e-03
3.200000000000000000e+02,1.843750000000000666e-01,-6.249999999999977796e-03
3.200000000000000000e+02,-6.249999999999977796e-03,0.000000000000000000e+00
3.200000000000000000e+02,-6.249999999999977796e-03,3.125000000000044409e-03
3.200000000000000000e+02,-2.187499999999997780e-02,0.000000000000000000e+00
3.200000000000000000e+02,2.656250000000000000e-01,6.250000000000088818e-03
3.200000000000000000e+02,-3.437500000000004441e-02,0.000000000000000000e+00
3.200000000000000000e+02,2.406249999999999778e-01,3.124999999999933387e-03
3.200000000000000000e+02,-4.062500000000002220e-02,0.000000000000000000e+00
3.200000000000000000e+02,-2.500000000000002220e-02,0.000000000000000000e+00
3.200000000000000000e+02,-8.437499999999997780e-02,3.125000000000044409e-03
3.200000000000000000e+02,1.406250000000000000e-01,1.562500000000000000e-02
3.200000000000000000e+02,3.250000000000000666e-01,6.250000000000088818e-03
3.200000000000000000e+02,-6.249999999999977796e-03,3.125000000000044409e-03
3.200000000000000000e+02,-1.562500000000000000e-02,3.124999999999933387e-03
3.200000000000000000e+02,-4.062499999999991118e-02,-3.124999999999933387e-03
3.200000000000000000e+02,-1.249999999999995559e-02,1.875000000000004441e-02
3.200000000000000000e+02,-4.374999999999995559e-02,0.000000000000000000e+00
3.200000000000000000e+02,-5.000000000000004441e-02,-3.125000000000044409e-03
3.200000000000000000e+02,-9.375000000000022204e-03,0.000000000000000000e+00
3.200000000000000000e+02,-1.562500000000000000e-02,0.000000000000000000e+00
3.200000000000000000e+02,-6.250000000000000000e-02,-3.124999999999933387e-03
3.200000000000000000e+02,-3.125000000000000000e-02,2.187499999999997780e-02
3.200000000000000000e+02,2.593750000000000222e-01,6.250000000000088818e-03
3.200000000000000000e+02,1.624999999999999778e-01,1.249999999999995559e-02
3.200000000000000000e+02,2.281250000000000222e-01,9.375000000000022204e-03
3.200000000000000000e+02,-5.000000000000004441e-02,0.000000000000000000e+00
3.200000000000000000e+02,-2.187499999999997780e-02,3.125000000000044409e-03
3.200000000000000000e+02,2.687499999999999334e-01,1.562500000000000000e-02
3.200000000000000000e+02,-1.562500000000000000e-02,-3.125000000000044409e-03
3.200000000000000000e+02,3.218750000000000222e-01,2.812500000000006661e-02
3.200000000000000000e+02,2.656250000000000000e-01,6.249999999999977796e-03
3.200000000000000000e+02,2.031250000000000000e-01,6.249999999999977796e-03
3.200000000000000000e+02,-4.375000000000006661e-02,3.124999999999933387e-03
3.200000000000000000e+02,2.187499999999997780e-02,6.249999999999977796e-03
3.200000000000000000e+02,-3.437499999999993339e-02,0.000000000000000000e+00
3.200000000000000000e+02,2.343750000000000000e-01,0.000000000000000000e+00
3.200000000000000000e+02,-6.250000000000000000e-02,1.249999999999995559e-02
3.200000000000000000e+02,2.562499999999999778e-01,9.374999999999911182e-03
3.200000000000000000e+02,1.968750000000000222e-01,-3.125000000000044409e-03
3.200000000000000000e+02,-9.687500000000004441e-02,0.000000000000000000e+00
3.200000000000000000e+02,2.624999999999999556e-01,9.374999999999911182e-03
3.200000000000000000e+02,2.062500000000000444e-01,6.250000000000088818e-03
3.200000000000000000e+02,1.843750000000000666e-01,0.000000000000000000e+00
3.200000000000000000e+02,1.499999999999999112e-01,0.000000000000000000e+00
3.200000000000000000e+02,2.406249999999999778e-01,6.249999999999977796e-03
3.200000000000000000e+02,2.281250000000000222e-01,9.375000000000022204e-03
3.200000000000000000e+02,-5.312499999999997780e-02,-1.562500000000000000e-02
3.200000000000000000e+02,2.093750000000000888e-01,6.250000000000088818e-03
3.200000000000000000e+02,-1.249999999999995559e-02,3.125000000000044409e-03
3.200000000000000000e+02,-1.875000000000004441e-02,6.249999999999977796e-03
3.200000000000000000e+02,-2.812499999999995559e-02,9.375000000000022204e-03
3.200000000000000000e+02,-1.875000000000004441e-02,6.249999999999977796e-03
3.200000000000000000e+02,-1.250000000000006661e-02,9.375000000000022204e-03
3.200000000000000000e+02,6.249999999999977796e-03,9.375000000000022204e-03
3.200000000000000000e+02,-2.187499999999997780e-02,2.500000000000002220e-02
3.200000000000000000e+02,0.000000000000000000e+00,0.000000000000000000e+00
3.200000000000000000e+02,-3.125000000000000000e-02,3.125000000000044409e-03
3.200000000000000000e+02,1.875000000000004441e-02,3.125000000000044409e-03
3.200000000000000000e+02,1.968749999999999112e-01,2.499999999999991118e-02
3.200000000000000000e+02,-1.249999999999995559e-02,1.562500000000000000e-02
3.200000000000000000e+02,2.156250000000000666e-01,9.375000000000022204e-03
3.300000000000000000e+02,-1.212121212121219926e-02,6.060606060605988610e-03
3.300000000000000000e+02,2.000000000000000666e-01,3.030303030303049816e-03
3.300000000000000000e+02,2.787878787878788067e-01,2.727272727272733732e-02
3.300000000000000000e+02,-1.212121212121219926e-02,1.515151515151513806e-02
3.300000000000000000e+02,2.181818181818181435e-01,1.212121212121208824e-02
3.300000000000000000e+02,-1.515151515151513806e-02,6.060606060606099632e-03
3.300000000000000000e+02,-2.424242424242428751e-02,9.090909090909038426e-03
3.300000000000000000e+02,2.424242424242424310e-01,0.000000000000000000e+00
3.300000000000000000e+02,-1.818181818181818787e-02,6.060606060606099632e-03
3.300000000000000000e+02,-5.151515151515151381e-02,0.000000000000000000e+00
3.300000000000000000e+02,-5.454545454545456362e-02,3.030303030303049816e-03
3.300000000000000000e+02,-5.151515151515151381e-02,6.060606060606099632e-03
3.300000000000000000e+02,-1.818181818181818787e-02,0.000000000000000000e+00
3.300000000000000000e+02,-3.030303030303027612e-02,-3.030303030303049816e-03
3.300000000000000000e+02,-8.787878787878788955e-02,-3.030303030303049816e-03
3.300000000000000000e+02,-1.212121212121208824e-02,0.000000000000000000e+00
3.300000000000000000e+02,-3.939393939393942556e-02,0.000000000000000000e+00
3.300000000000000000e+02,2.787878787878788067e-01,9.090909090909149448e-03
3.300000000000000000e+02,-1.212121212121208824e-02,-3.030303030303049816e-03
3.300000000000000000e+02,-4.848484848484846399e-02,0.000000000000000000e+00
3.300000000000000000e+02,-3.030303030303038714e-02,1.818181818181807685e-02
3.300000000000000000e+02,-6.060606060606066325e-02,0.000000000000000000e+00
3.300000000000000000e+02,-2.727272727272733732e-02,-3.030303030303049816e-03
3.300000000000000000e+02,-1.515151515151513806e-02,1.212121212121208824e-02
3.300000000000000000e+02,-3.333333333333332593e-02,1.212121212121219926e-02
3.300000000000000000e+02,-3.333333333333332593e-02,1.818181818181818787e-02
3.300000000000000000e+02,2.242424242424242431e-01,9.090909090909149448e-03
3.300000000000000000e+02,2.272727272727271819e-01,6.060606060605988610e-03
3.300000000000000000e+02,-3.333333333333332593e-02,6.060606060605988610e-03
3.300000000000000000e+02,-1.818181818181818787e-02,9.090909090909149448e-03
3.300000000000000000e+02,-6.060606060606099632e-03,3.030303030303049816e-03
3.300000000000000000e+02,-5.454545454545456362e-02,3.030303030302938794e-03
3.300000000000000000e+02,-1.818181818181818787e-02,3.030303030303049816e-03
3.300000000000000000e+02,-2.424242424242428751e-02,6.060606060605988610e-03
3.300000000000000000e+02,2.696969696969696573e-01,1.515151515151513806e-02
3.300000000000000000e+02,-3.333333333333332593e-02,-6.060606060605988610e-03
3.300000000000000000e+02,-3.030303030303027612e-02,1.515151515151524908e-02
3.300000000000000000e+02,1.969696969696970168e-01,-3.030303030302938794e-03
3.300000000000000000e+02,-2.424242424242428751e-02,2.727272727272722630e-02
3.300000000000000000e+02,-3.333333333333332593e-02,9.090909090909149448e-03
3.300000000000000000e+02,-3.030303030303049816e-03,9.090909090909149448e-03
3.300000000000000000e+02,3.121212121212121327e-01,9.090909090909149448e-03
3.300000000000000000e+02,-3.030303030303027612e-02,6.060606060606099632e-03
3.300000000000000000e+02,-1.818181818181818787e-02,1.212121212121208824e-02
3.300000000000000000e+02,-1.818181818181818787e-02,1.515151515151513806e-02
3.300000000000000000e+02,-3.939393939393942556e-02,3.030303030303049816e-03
3.300000000000000000e+02,2.484848484848485306e-01,6.060606060606099632e-03
3.300000000000000000e+02,-3.333333333333332593e-02,0.000000000000000000e+00
3.300000000000000000e+02,2.545454545454545192e-01,0.000000000000000000e+00
3.300000000000000000e+02,2.303030303030303427e-01,-3.030303030303049816e-03
3.300000000000000000e+02,-1.818181818181818787e-02,3.030303030303049816e-03
3.300000000000000000e+02,-3.030303030303027612e-02,3.030303030303049816e-03
3.300000000000000000e+02,-3.030303030303027612e-02,1.818181818181818787e-02
3.300000000000000000e+02,2.272727272727272929e-01,-3.030303030302938794e-03
3.300000000000000000e+02,-2.424242424242428751e-02,2.424242424242417648e-02
3.300000000000000000e+02,-3.030303030303049816e-03,6.060606060605988610e-03
3.300000000000000000e+02,2.696969696969697683e-01,-3.030303030302938794e-03
3.300000000000000000e+02,0.000000000000000000e+00,3.030303030303049816e-03
3.300000000000000000e+02,-3.030303030303049816e-03,2.121212121212123769e-02
3.300000000000000000e+02,-9.999999999999997780e-02,1.212121212121208824e-02
3.300000000000000000e+02,1.969696969696970168e-01,1.818181818181818787e-02
3.300000000000000000e+02,-3.636363636363637575e-02,-3.030303030303049816e-03
3.300000000000000000e+02,-1.818181818181807685e-02,6.060606060606099632e-03
3.300000000000000000e+02,-2.727272727272733732e-02,-3.030303030303049816e-03
3.300000000000000000e+02,-5.151515151515151381e-02,3.030303030303049816e-03
3.300000000000000000e+02,-1.515151515151513806e-02,3.030303030303049816e-03
3.300000000000000000e+02,2.969696969696969946e-01,1.212121212121208824e-02
3.300000000000000000e+02,0.000000000000000000e+00,-3.030303030302938794e-03
3.300000000000000000e+02,-3.030303030303038714e-02,6.060606060605988610e-03
3.300000000000000000e+02,1.666666666666667407e-01,3.030303030303049816e-03
3.300000000000000000e+02,-3.333333333333332593e-02,0.000000000000000000e+00
3.300000000000000000e+02,2.303030303030303427e-01,9.090909090909149448e-03
3.300000000000000000e+02,3.030303030303030942e-01,9.090909090909149448e-03
3.300000000000000000e+02,2.757575757575757569e-01,3.030303030303049816e-03
3.300000000000000000e+02,-4.848484848484846399e-02,1.818181818181818787e-02
3.300000000000000000e+02,-3.636363636363637575e-02,6.060606060605988610e-03
3.300000000000000000e+02,-3.030303030303049816e-03,1.818181818181818787e-02
3.300000000000000000e+02,-6.969696969696970168e-02,1.818181818181818787e-02
3.300000000000000000e+02,-4.848484848484857501e-02,-6.060606060606099632e-03
3.300000000000000000e+02,-3.636363636363637575e-02,-3.030303030303049816e-03
3.300000000000000000e+02,1.727272727272727293e-01,-9.090909090909149448e-03
3.300000000000000000e+02,-2.121212121212123769e-02,-3.030303030303049816e-03
3.300000000000000000e+02,-5.151515151515151381e-02,3.030303030303049816e-03
3.300000000000000000e+02,-2.121212121212123769e-02,1.212121212121208824e-02
3.300000000000000000e+02,-3.030303030303049816e-03,1.515151515151513806e-02
3.300000000000000000e+02,-3.030303030303049816e-03,6.060606060605988610e-03
3.300000000000000000e+02,1.848484848484849286e-01,-3.030303030303049816e-03
3.300000000000000000e+02,-3.030303030303049816e-03,6.060606060606099632e-03
3.300000000000000000e+02,2.484848484848485306e-01,1.515151515151513806e-02
3.300000000000000000e+02,-3.333333333333332593e-02,0.000000000000000000e+00
3.300000000000000000e+02,2.333333333333333925e-01,0.000000000000000000e+00
3.300000000000000000e+02,-2.727272727272722630e-02,1.212121212121208824e-02
3.300000000000000000e+02,-1.515151515151513806e-02,1.212121212121208824e-02
3.300000000000000000e+02,-1.818181818181818787e-02,1.818181818181818787e-02
3.300000000000000000e+02,-3.333333333333332593e-02,3.030303030303049816e-03
3.300000000000000000e+02,3.030303030302938794e-03,6.060606060605988610e-03
3.300000000000000000e+02,2.939393939393939448e-01,6.060606060606099632e-03
3.300000000000000000e+02,-4.545454545454552520e-02,9.090909090909038426e-03
3.300000000000000000e+02,-1.212121212121208824e-02,3.030303030303049816e-03
3.300000000000000000e+02,-1.212121212121208824e-02,3.030303030303049816e-03
3.400000000000000000e+02,1.382352941176470118e-01,1.470588235294112422e-02
3.400000000000000000e+02,-4.411764705882348370e-02,2.941176470588335867e-03
3.400000000000000000e+02,-2.647058823529413463e-02,8.823529411764674535e-03
3.400000000000000000e+02,1.941176470588235059e-01,5.882352941176449690e-03
3.400000000000000000e+02,-4.117647058823525885e-02,8.823529411764674535e-03
3.400000000000000000e+02,2.647058823529412352e-01,8.823529411764785557e-03
3.400000000000000000e+02,-5.882352941176449690e-03,8.823529411764785557e-03
3.400000000000000000e+02,-4.117647058823536987e-02,8.823529411764674535e-03
3.400000000000000000e+02,2.411764705882352144e-01,-2.941176470588224845e-03
3.400000000000000000e+02,-1.470588235294112422e-02,0.000000000000000000e+00
3.400000000000000000e+02,2.794117647058823595e-01,5.882352941176560712e-03
3.400000000000000000e+02,-2.647058823529413463e-02,8.823529411764674535e-03
3.400000000000000000e+02,8.823529411764785557e-03,2.941176470588224845e-03
3.400000000000000000e+02,-3.823529411764714503e-02,0.000000000000000000e+00
3.400000000000000000e+02,-2.647058823529413463e-02,8.823529411764674535e-03
3.400000000000000000e+02,-5.588235294117649410e-02,8.823529411764674535e-03
3.400000000000000000e+02,2.029411764705881804e-01,2.941176470588224845e-03
3.400000000000000000e+02,2.352941176470590978e-02,2.352941176470590978e-02
3.400000000000000000e+02,-8.823529411764785557e-03,2.941176470588224845e-03
3.400000000000000000e+02,-3.235294117647058432e-02,0.000000000000000000e+00
3.400000000000000000e+02,-3.235294117647058432e-02,8.823529411764785557e-03
3.400000000000000000e+02,-2.647058823529413463e-02,-2.941176470588224845e-03
3.400000000000000000e+02,-2.941176470588224845e-03,2.941176470588224845e-03
3.400000000000000000e+02,-2.352941176470579876e-02,5.882352941176560712e-03
3.400000000000000000e+02,2.647058823529412352e-01,5.882352941176560712e-03
3.400000000000000000e+02,-2.058823529411757391e-02,0.000000000000000000e+00
3.400000000000000000e+02,-2.058823529411757391e-02,1.176470588235301040e-02
3.400000000000000000e+02,-4.117647058823536987e-02,1.764705882352934907e-02
3.400000000000000000e+02,-2.941176470588224845e-03,5.882352941176449690e-03
3.400000000000000000e+02,1.882352941176470562e-01,8.823529411764674535e-03
3.400000000000000000e+02,-5.588235294117649410e-02,1.176470588235289938e-02
3.400000000000000000e+02,-8.823529411764674535e-03,2.941176470588224845e-03
3.400000000000000000e+02,-8.823529411764674535e-03,5.882352941176449690e-03
3.400000000000000000e+02,-1.764705882352934907e-02,0.000000000000000000e+00
3.400000000000000000e+02,2.294117647058823151e-01,-5.882352941176449690e-03
3.400000000000000000e+02,2.235294117647058654e-01,5.882352941176449690e-03
3.400000000000000000e+02,-8.823529411764785557e-03,2.941176470588224845e-03
3.400000000000000000e+02,-8.823529411764674535e-03,1.764705882352934907e-02
3.400000000000000000e+02,2.352941176470590978e-02,1.470588235294123525e-02
3.400000000000000000e+02,3.029411764705882693e-01,1.176470588235301040e-02
3.400000000000000000e+02,-3.235294117647058432e-02,2.941176470588224845e-03
3.400000000000000000e+02,3.088235294117647189e-01,1.176470588235289938e-02
3.400000000000000000e+02,-3.235294117647058432e-02,0.000000000000000000e+00
3.400000000000000000e+02,-2.941176470588235947e-02,5.882352941176449690e-03
3.400000000000000000e+02,2.323529411764706509e-01,0.000000000000000000e+00
3.400000000000000000e+02,-5.882352941176560712e-03,2.941176470588224845e-03
3.400000000000000000e+02,3.294117647058824039e-01,8.823529411764785557e-03
3.400000000000000000e+02,-4.117647058823525885e-02,2.941176470588224845e-03
3.400000000000000000e+02,2.264705882352942012e-01,2.941176470588224845e-03
3.400000000000000000e+02,2.352941176470588758e-01,1.176470588235289938e-02
3.400000000000000000e+02,3.058823529411764941e-01,1.764705882352946009e-02
3.400000000000000000e+02,8.823529411764674535e-03,1.470588235294112422e-02
3.400000000000000000e+02,-1.764705882352946009e-02,1.176470588235289938e-02
3.400000000000000000e+02,-1.764705882352934907e-02,2.941176470588235947e-02
3.400000000000000000e+02,-5.882352941176449690e-03,0.000000000000000000e+00
3.400000000000000000e+02,-3.529411764705880916e-02,2.941176470588224845e-03
3.400000000000000000e+02,-1.176470588235289938e-02,8.823529411764674535e-03
3.400000000000000000e+02,-3.529411764705880916e-02,2.352941176470590978e-02
3.400000000000000000e+02,2.852941176470588092e-01,2.941176470588224845e-03
3.400000000000000000e+02,-5.882352941176560712e-03,-2.941176470588335867e-03
3.400000000000000000e+02,-3.529411764705880916e-02,8.823529411764785557e-03
3.400000000000000000e+02,-8.823529411764785557e-03,0.000000000000000000e+00
3.400000000000000000e+02,-2.647058823529413463e-02,5.882352941176449690e-03
3.400000000000000000e+02,-1.176470588235289938e-02,5.882352941176560712e-03
3.400000000000000000e+02,-2.941176470588235947e-02,0.000000000000000000e+00
3.400000000000000000e+02,1.999999999999999556e-01,2.941176470588224845e-03
3.400000000000000000e+02,3.117647058823529438e-01,8.823529411764674535e-03
3.400000000000000000e+02,-3.235294117647058432e-02,5.882352941176449690e-03
3.400000000000000000e+02,-4.999999999999993339e-02,2.941176470588224845e-03
3.400000000000000000e+02,-2.941176470588224845e-03,5.882352941176449690e-03
3.400000000000000000e+02,-5.882352941176449690e-03,1.176470588235289938e-02
3.400000000000000000e+02,-5.882352941176560712e-03,8.823529411764674535e-03
3.400000000000000000e+02,1.882352941176470562e-01,2.941176470588224845e-03
3.400000000000000000e+02,-2.941176470588224845e-03,2.941176470588224845e-03
3.400000000000000000e+02,-3.235294117647058432e-02,0.000000000000000000e+00
3.400000000000000000e+02,-3.823529411764703401e-02,2.941176470588224845e-03
3.400000000000000000e+02,-1.764705882352946009e-02,2.058823529411757391e-02
3.400000000000000000e+02,-3.529411764705880916e-02,1.176470588235301040e-02
3.400000000000000000e+02,2.500000000000000000e-01,8.823529411764785557e-03
3.400000000000000000e+02,5.882352941176449690e-03,8.823529411764674535e-03
3.400000000000000000e+02,-1.470588235294123525e-02,1.764705882352934907e-02
3.400000000000000000e+02,-3.529411764705880916e-02,1.176470588235289938e-02
3.400000000000000000e+02,-2.941176470588224845e-03,5.882352941176449690e-03
3.400000000000000000e+02,1.676470588235293713e-01,1.176470588235289938e-02
3.400000000000000000e+02,0.000000000000000000e+00,0.000000000000000000e+00
3.400000000000000000e+02,-3.235294117647058432e-02,8.823529411764785557e-03
3.400000000000000000e+02,1.205882352941175517e-01,0.000000000000000000e+00
3.400000000000000000e+02,-3.529411764705880916e-02,2.941176470588224845e-03
3.400000000000000000e+02,-1.176470588235289938e-02,2.058823529411768494e-02
3.400000000000000000e+02,-1.470588235294112422e-02,8.823529411764674535e-03
3.400000000000000000e+02,-4.117647058823536987e-02,0.000000000000000000e+00
3.400000000000000000e+02,2.205882352941176405e-01,0.000000000000000000e+00
3.400000000000000000e+02,-1.470588235294112422e-02,2.941176470588224845e-03
3.400000000000000000e+02,-4.705882352941170854e-02,0.000000000000000000e+00
3.400000000000000000e+02,-3.235294117647058432e-02,2.941176470588224845e-03
3.400000000000000000e+02,-5.882352941176449690e-03,5.882352941176449690e-03
3.400000000000000000e+02,2.441176470588235503e-01,0.000000000000000000e+00
3.400000000000000000e+02,1.529411764705881360e-01,2.941176470588224845e-03
3.400000000000000000e+02,-2.647058823529413463e-02,5.882352941176449690e-03
3.400000000000000000e+02,-4.117647058823525885e-02,5.882352941176560712e-03
3.500000000000000000e+02,2.828571428571428070e-01,5.714285714285671780e-03
3.500000000000000000e+02,1.942857142857142838e-01,8.571428571428563181e-03
3.500000000000000000e+02,-5.428571428571427049e-02,8.571428571428563181e-03
3.500000000000000000e+02,-2.285714285714279814e-02,1.428571428571434598e-02
3.500000000000000000e+02,-1.142857142857134356e-02,8.571428571428563181e-03
3.500000000000000000e+02,2.485714285714285543e-01,-5.714285714285782802e-03
3.500000000000000000e+02,-2.857142857142858094e-02,1.142857142857145458e-02
3.500000000000000000e+02,2.800000000000000266e-01,-2.857142857142891401e-03
3.500000000000000000e+02,2.828571428571429180e-01,2.857142857142891401e-03
3.500000000000000000e+02,-3.714285714285714413e-02,5.714285714285782802e-03
3.500000000000000000e+02,2.628571428571427893e-01,-2.857142857142891401e-03
3.500000000000000000e+02,-2.285714285714279814e-02,1.714285714285712636e-02
3.500000000000000000e+02,-1.428571428571423496e-02,0.000000000000000000e+00
3.500000000000000000e+02,-4.857142857142859871e-02,8.571428571428563181e-03
3.500000000000000000e+02,-1.142857142857145458e-02,0.000000000000000000e+00
3.500000000000000000e+02,-2.857142857142858094e-02,5.714285714285782802e-03
3.500000000000000000e+02,-5.714285714285782802e-03,2.857142857142891401e-03
3.500000000000000000e+02,-1.999999999999990674e-02,5.714285714285782802e-03
3.500000000000000000e+02,-3.428571428571436375e-02,5.714285714285671780e-03
3.500000000000000000e+02,-2.857142857142858094e-02,2.857142857142891401e-03
3.500000000000000000e+02,-1.142857142857145458e-02,5.714285714285671780e-03
3.500000000000000000e+02,-4.285714285714281591e-02,2.857142857142891401e-03
3.500000000000000000e+02,-1.714285714285723738e-02,2.857142857142780379e-03
3.500000000000000000e+02,-2.000000000000001776e-02,-2.857142857142891401e-03
3.500000000000000000e+02,-8.571428571428563181e-03,0.000000000000000000e+00
3.500000000000000000e+02,-2.857142857142858094e-02,2.857142857142891401e-03
3.500000000000000000e+02,-5.714285714285782802e-03,-5.714285714285782802e-03
3.500000000000000000e+02,8.571428571428563181e-03,2.571428571428568954e-02
3.500000000000000000e+02,-4.285714285714281591e-02,5.714285714285782802e-03
3.500000000000000000e+02,-2.000000000000001776e-02,2.857142857142780379e-03
3.500000000000000000e+02,-5.714285714285671780e-03,5.714285714285782802e-03
3.500000000000000000e+02,-3.428571428571425272e-02,2.285714285714290916e-02
3.500000000000000000e+02,-2.285714285714279814e-02,5.714285714285782802e-03
3.500000000000000000e+02,-2.000000000000001776e-02,1.142857142857145458e-02
3.500000000000000000e+02,-8.571428571428563181e-03,2.000000000000001776e-02
3.500000000000000000e+02,-2.857142857142780379e-03,0.000000000000000000e+00
3.500000000000000000e+02,-8.571428571428563181e-03,5.714285714285671780e-03
3.500000000000000000e+02,-1.142857142857145458e-02,5.714285714285671780e-03
3.500000000000000000e+02,-2.000000000000001776e-02,5.714285714285671780e-03
3.500000000000000000e+02,-1.714285714285712636e-02,2.857142857142891401e-03
3.500000000000000000e+02,1.914285714285713924e-01,0.000000000000000000e+00
3.500000000000000000e+02,-4.571428571428570731e-02,2.857142857142780379e-03
3.500000000000000000e+02,-5.714285714285705087e-02,2.285714285714290916e-02
3.500000000000000000e+02,1.342857142857142305e-01,2.857142857142780379e-03
3.500000000000000000e+02,-1.142857142857145458e-02,0.000000000000000000e+00
3.500000000000000000e+02,-1.714285714285712636e-02,8.571428571428563181e-03
3.500000000000000000e+02,2.199999999999999734e-01,5.714285714285671780e-03
3.500000000000000000e+02,-8.571428571428563181e-03,2.857142857142780379e-03
3.500000000000000000e+02,-4.000000000000003553e-02,0.000000000000000000e+00
3.500000000000000000e+02,-4.000000000000003553e-02,-2.857142857142891401e-03
3.500000000000000000e+02,-2.857142857142891401e-03,2.857142857142891401e-03
3.500000000000000000e+02,1.714285714285712636e-02,5.714285714285782802e-03
3.500000000000000000e+02,-3.142857142857147235e-02,5.714285714285671780e-03
3.500000000000000000e+02,2.114285714285714102e-01,1.428571428571423496e-02
3.500000000000000000e+02,2.657142857142857917e-01,5.714285714285782802e-03
3.500000000000000000e+02,2.399999999999999911e-01,0.000000000000000000e+00
3.500000000000000000e+02,2.114285714285715212e-01,2.857142857142891401e-03
3.500000000000000000e+02,1.428571428571423496e-02,0.000000000000000000e+00
3.500000000000000000e+02,-3.142857142857147235e-02,2.857142857142891401e-03
3.500000000000000000e+02,1.428571428571423496e-02,2.857142857142858094e-02
3.500000000000000000e+02,-3.714285714285714413e-02,2.857142857142780379e-03
3.500000000000000000e+02,-3.142857142857136132e-02,0.000000000000000000e+00
3.500000000000000000e+02,-8.571428571428563181e-03,2.000000000000001776e-02
3.500000000000000000e+02,-5.142857142857149011e-02,0.000000000000000000e+00
3.500000000000000000e+02,-1.714285714285712636e-02,0.000000000000000000e+00
3.500000000000000000e+02,-3.428571428571425272e-02,1.428571428571434598e-02
3.500000000000000000e+02,-5.714285714285671780e-03,8.571428571428563181e-03
3.500000000000000000e+02,-1.714285714285723738e-02,2.857142857142780379e-03
3.500000000000000000e+02,0.000000000000000000e+00,1.428571428571423496e-02
3.500000000000000000e+02,-2.285714285714290916e-02,5.714285714285671780e-03
3.500000000000000000e+02,-4.857142857142859871e-02,2.857142857142780379e-03
3.500000000000000000e+02,-8.571428571428563181e-03,-1.142857142857134356e-02
3.500000000000000000e+02,2.200000000000000844e-01,0.000000000000000000e+00
3.500000000000000000e+02,2.371428571428570997e-01,5.714285714285671780e-03
3.500000000000000000e+02,-9.428571428571430602e-02,2.857142857142891401e-03
3.500000000000000000e+02,-1.428571428571434598e-02,-2.857142857142891401e-03
3.500000000000000000e+02,1.971428571428571752e-01,2.285714285714279814e-02
3.500000000000000000e+02,-5.999999999999994227e-02,0.000000000000000000e+00
3.500000000000000000e+02,1.999999999999999556e-01,0.000000000000000000e+00
3.500000000000000000e+02,1.971428571428571752e-01,1.428571428571423496e-02
3.500000000000000000e+02,1.428571428571423496e-02,2.857142857142780379e-03
3.500000000000000000e+02,-1.714285714285712636e-02,2.857142857142891401e-03
3.500000000000000000e+02,-6.857142857142861647e-02,5.714285714285671780e-03
3.500000000000000000e+02,0.000000000000000000e+00,1.428571428571423496e-02
3.500000000000000000e+02,-6.571428571428572507e-02,2.571428571428568954e-02
3.500000000000000000e+02,-3.428571428571425272e-02,1.714285714285712636e-02
3.500000000000000000e+02,3.342857142857142971e-01,2.857142857142891401e-03
3.500000000000000000e+02,2.057142857142857384e-01,2.571428571428580057e-02
3.500000000000000000e+02,2.342857142857143193e-01,2.857142857142891401e-03
3.500000000000000000e+02,1.257142857142857784e-01,2.857142857142891401e-03
3.500000000000000000e+02,-8.571428571428674204e-03,8.571428571428563181e-03
3.500000000000000000e+02,1.942857142857142838e-01,5.714285714285671780e-03
3.500000000000000000e+02,2.828571428571429180e-01,5.714285714285671780e-03
3.500000000000000000e+02,-3.999999999999992450e-02,-5.714285714285671780e-03
3.500000000000000000e+02,-1.999999999999990674e-02,5.714285714285782802e-03
3.500000000000000000e+02,2.285714285714286476e-01,1.142857142857145458e-02
3.500000000000000000e+02,2.628571428571429003e-01,8.571428571428563181e-03
3.500000000000000000e+02,2.028571428571428470e-01,8.571428571428563181e-03
3.500000000000000000e+02,2.885714285714285898e-01,5.714285714285782802e-03
3.500000000000000000e+02,-2.000000000000001776e-02,0.000000000000000000e+00
3.600000000000000000e+02,-8.333333333333303727e-03,5.555555555555535818e-03
3.600000000000000000e+02,-1.388888888888895057e-02,0.000000000000000000e+00
3.600000000000000000e+02,1.666666666666666297e-01,1.666666666666671848e-02
3.600000000000000000e+02,-8.333333333333414750e-03,1.666666666666660745e-02
3.600000000000000000e+02,-7.500000000000006661e-02,-1.388888888888895057e-02
3.600000000000000000e+02,-4.722222222222216548e-02,5.555555555555535818e-03
3.600000000000000000e+02,-2.777777777777767909e-03,1.666666666666660745e-02
3.600000000000000000e+02,-2.222222222222214327e-02,4.722222222222227650e-02
3.600000000000000000e+02,-5.555555555555646841e-03,1.388888888888883955e-02
3.600000000000000000e+02,-1.944444444444448639e-02,8.333333333333303727e-03
3.600000000000000000e+02,-1.944444444444448639e-02,1.111111111111107164e-02
3.600000000000000000e+02,1.555555555555555580e-01,5.555555555555535818e-03
3.600000000000000000e+02,-4.444444444444439757e-02,8.333333333333414750e-03
3.600000000000000000e+02,2.416666666666665853e-01,2.777777777777767909e-03
3.600000000000000000e+02,-1.666666666666660745e-02,2.777777777777767909e-03
3.600000000000000000e+02,-1.111111111111107164e-02,0.000000000000000000e+00
3.600000000000000000e+02,1.666666666666671848e-02,2.777777777777767909e-03
3.600000000000000000e+02,-5.555555555555535818e-03,5.555555555555535818e-03
3.600000000000000000e+02,-3.888888888888886175e-02,0.000000000000000000e+00
3.600000000000000000e+02,5.555555555555535818e-03,0.000000000000000000e+00
3.600000000000000000e+02,-1.944444444444448639e-02,-5.555555555555535818e-03
3.600000000000000000e+02,2.138888888888889062e-01,2.777777777777767909e-03
3.600000000000000000e+02,-1.944444444444437536e-02,2.777777777777767909e-03
3.600000000000000000e+02,2.805555555555555580e-01,5.555555555555535818e-03
3.600000000000000000e+02,-2.222222222222214327e-02,8.333333333333414750e-03
3.600000000000000000e+02,-2.222222222222225430e-02,2.777777777777767909e-03
3.600000000000000000e+02,2.166666666666666741e-01,8.333333333333303727e-03
3.600000000000000000e+02,-1.944444444444448639e-02,1.111111111111107164e-02
3.600000000000000000e+02,2.083333333333333703e-01,1.111111111111107164e-02
3.600000000000000000e+02,-3.333333333333332593e-02,1.388888888888895057e-02
3.600000000000000000e+02,-1.944444444444448639e-02,-2.777777777777767909e-03
3.600000000000000000e+02,1.555555555555555580e-01,1.111111111111118266e-02
3.600000000000000000e+02,-3.611111111111120486e-02,-2.777777777777767909e-03
3.600000000000000000e+02,2.194444444444444420e-01,1.666666666666671848e-02
3.600000000000000000e+02,-5.555555555555546920e-02,-2.777777777777767909e-03
3.600000000000000000e+02,-5.555555555555535818e-03,1.111111111111118266e-02
3.600000000000000000e+02,2.333333333333333925e-01,1.111111111111118266e-02
3.600000000000000000e+02,2.861111111111110938e-01,-2.777777777777767909e-03
3.600000000000000000e+02,-8.333333333333303727e-03,8.333333333333303727e-03
3.600000000000000000e+02,2.166666666666666741e-01,2.777777777777767909e-03
3.600000000000000000e+02,2.944444444444445086e-01,2.777777777777878931e-03
3.600000000000000000e+02,-3.888888888888886175e-02,0.000000000000000000e+00
3.600000000000000000e+02,-1.388888888888883955e-02,-2.777777777777767909e-03
3.600000000000000000e+02,2.194444444444444420e-01,2.777777777777767909e-03
3.600000000000000000e+02,-1.666666666666671848e-02,2.777777777777767909e-03
3.600000000000000000e+02,3.305555555555556024e-01,2.777777777777767909e-03
3.600000000000000000e+02,-2.500000000000002220e-02,1.666666666666660745e-02
3.600000000000000000e+02,-1.666666666666660745e-02,2.777777777777767909e-03
3.600000000000000000e+02,2.777777777777767909e-03,2.777777777777767909e-03
3.600000000000000000e+02,2.277777777777777457e-01,2.777777777777767909e-03
3.600000000000000000e+02,2.166666666666666741e-01,1.111111111111107164e-02
3.600000000000000000e+02,2.277777777777777457e-01,2.777777777777767909e-03
3.600000000000000000e+02,-1.111111111111118266e-02,1.388888888888883955e-02
3.600000000000000000e+02,2.361111111111110494e-01,5.555555555555535818e-03
3.600000000000000000e+02,-8.333333333333414750e-03,2.777777777777767909e-03
3.600000000000000000e+02,-1.666666666666660745e-02,-2.777777777777767909e-03
3.600000000000000000e+02,3.083333333333333481e-01,1.111111111111118266e-02
3.600000000000000000e+02,-2.222222222222214327e-02,1.111111111111118266e-02
3.600000000000000000e+02,2.277777777777777457e-01,2.222222222222214327e-02
3.600000000000000000e+02,2.305555555555555136e-01,2.777777777777767909e-03
3.600000000000000000e+02,2.777777777777767909e-03,0.000000000000000000e+00
3.600000000000000000e+02,-3.888888888888897277e-02,0.000000000000000000e+00
3.600000000000000000e+02,1.833333333333333481e-01,1.666666666666671848e-02
3.600000000000000000e+02,-1.666666666666660745e-02,0.000000000000000000e+00
3.600000000000000000e+02,2.527777777777777679e-01,0.000000000000000000e+00
3.600000000000000000e+02,-5.555555555555535818e-03,2.777777777777767909e-03
3.600000000000000000e+02,-3.055555555555555802e-02,0.000000000000000000e+00
3.600000000000000000e+02,-1.944444444444437536e-02,-2.777777777777767909e-03
3.600000000000000000e+02,2.777777777777767909e-03,-2.777777777777767909e-03
3.600000000000000000e+02,-5.277777777777770130e-02,0.000000000000000000e+00
3.600000000000000000e+02,-1.666666666666671848e-02,5.555555555555535818e-03
3.600000000000000000e+02,-2.499999999999991118e-02,2.777777777777767909e-03
3.600000000000000000e+02,-4.722222222222227650e-02,-8.333333333333414750e-03
3.600000000000000000e+02,-3.611111111111109384e-02,0.000000000000000000e+00
3.600000000000000000e+02,2.166666666666666741e-01,8.333333333333303727e-03
3.600000000000000000e+02,-4.166666666666674068e-02,2.777777777777767909e-03
3.600000000000000000e+02,2.666666666666666075e-01,2.777777777777767909e-03
3.600000000000000000e+02,-3.055555555555555802e-02,0.000000000000000000e+00
3.600000000000000000e+02,-1.388888888888883955e-02,5.555555555555646841e-03
3.600000000000000000e+02,0.000000000000000000e+00,2.777777777777767909e-03
3.600000000000000000e+02,-1.388888888888883955e-02,5.555555555555535818e-03
3.600000000000000000e+02,2.750000000000000222e-01,0.000000000000000000e+00
3.600000000000000000e+02,-2.499999999999991118e-02,2.777777777777767909e-03
3.600000000000000000e+02,-1.666666666666671848e-02,-5.555555555555646841e-03
3.600000000000000000e+02,-4.722222222222227650e-02,-2.777777777777878931e-03
3.600000000000000000e+02,1.999999999999999556e-01,0.000000000000000000e+00
3.600000000000000000e+02,-3.055555555555555802e-02,0.000000000000000000e+00
3.600000000000000000e+02,2.777777777777767909e-03,5.555555555555535818e-03
3.600000000000000000e+02,2.555555555555555358e-01,1.111111111111107164e-02
3.600000000000000000e+02,2.416666666666666963e-01,-5.555555555555535818e-03
3.600000000000000000e+02,-2.777777777777779011e-02,1.388888888888895057e-02
3.600000000000000000e+02,-3.333333333333332593e-02,2.777777777777767909e-03
3.600000000000000000e+02,2.861111111111110938e-01,-2.777777777777767909e-03
3.600000000000000000e+02,-2.777777777777767909e-02,0.000000000000000000e+00
3.600000000000000000e+02,-1.944444444444448639e-02,0.000000000000000000e+00
3.600000000000000000e+02,-2.500000000000002220e-02,0.000000000000000000e+00
3.600000000000000000e+02,-8.333333333333303727e-03,2.777777777777767909e-03
3.600000000000000000e+02,-5.555555555555646841e-03,2.777777777777767909e-03
3.600000000000000000e+02,-3.055555555555555802e-02,0.000000000000000000e+00
3.600000000000000000e+02,-1.111111111111107164e-02,0.000000000000000000e+00
3.700000000000000000e+02,2.162162162162162282e-01,5.405405405405461217e-03
3.700000000000000000e+02,0.000000000000000000e+00,1.621621621621627263e-02
3.700000000000000000e+02,-2.432432432432429792e-02,0.000000000000000000e+00
3.700000000000000000e+02,-4.054054054054057055e-02,1.351351351351348651e-02
3.700000000000000000e+02,2.675675675675676102e-01,2.702702702702675097e-03
3.700000000000000000e+02,2.702702702702702853e-01,1.891891891891894772e-02
3.700000000000000000e+02,2.621621621621621490e-01,2.702702702702675097e-03
3.700000000000000000e+02,-4.054054054054045952e-02,-2.702702702702675097e-03
3.700000000000000000e+02,-4.054054054054057055e-02,8.108108108108136314e-03
3.700000000000000000e+02,-1.891891891891894772e-02,-2.702702702702675097e-03
3.700000000000000000e+02,0.000000000000000000e+00,2.702702702702675097e-03
3.700000000000000000e+02,-1.891891891891894772e-02,5.405405405405350194e-03
3.700000000000000000e+02,2.513513513513513375e-01,1.621621621621627263e-02
3.700000000000000000e+02,2.243243243243243645e-01,2.702702702702786119e-03
3.700000000000000000e+02,2.243243243243243645e-01,0.000000000000000000e+00
3.700000000000000000e+02,2.459459459459459874e-01,5.405405405405461217e-03
3.700000000000000000e+02,-4.324324324324324564e-02,2.702702702702675097e-03
3.700000000000000000e+02,2.297297297297297147e-01,1.621621621621616161e-02
3.700000000000000000e+02,-7.567567567567567988e-02,5.405405405405461217e-03
3.700000000000000000e+02,-2.702702702702708404e-02,2.702702702702697302e-02
3.700000000000000000e+02,-8.108108108108025291e-03,1.351351351351359753e-02
3.700000000000000000e+02,-1.081081081081081141e-02,-5.405405405405350194e-03
3.700000000000000000e+02,-2.972972972972975914e-02,1.351351351351348651e-02
3.700000000000000000e+02,-2.702702702702675097e-03,2.702702702702786119e-03
3.700000000000000000e+02,5.405405405405461217e-03,-2.702702702702675097e-03
3.700000000000000000e+02,-5.405405405405350194e-03,1.081081081081081141e-02
3.700000000000000000e+02,-1.891891891891894772e-02,2.702702702702675097e-03
3.700000000000000000e+02,2.378378378378378510e-01,0.000000000000000000e+00
3.700000000000000000e+02,1.081081081081081141e-02,5.405405405405350194e-03
3.700000000000000000e+02,-1.351351351351348651e-02,0.000000000000000000e+00
3.700000000000000000e+02,-4.054054054054057055e-02,-2.702702702702675097e-03
3.700000000000000000e+02,2.729729729729729604e-01,5.405405405405461217e-03
3.700000000000000000e+02,-1.891891891891894772e-02,5.405405405405350194e-03
3.700000000000000000e+02,2.621621621621621490e-01,8.108108108108025291e-03
3.700000000000000000e+02,-7.567567567567567988e-02,-2.702702702702675097e-03
3.700000000000000000e+02,-1.621621621621627263e-02,2.702702702702675097e-03
3.700000000000000000e+02,-5.405405405405461217e-03,2.702702702702675097e-03
3.700000000000000000e+02,2.702702702702675097e-03,1.891891891891883670e-02
3.700000000000000000e+02,-1.621621621621616161e-02,1.081081081081081141e-02
3.700000000000000000e+02,-4.054054054054057055e-02,1.081081081081081141e-02
3.700000000000000000e+02,2.864864864864865579e-01,2.702702702702786119e-03
3.700000000000000000e+02,-2.972972972972975914e-02,5.405405405405461217e-03
3.700000000000000000e+02,2.486486486486486625e-01,2.972972972972975914e-02
3.700000000000000000e+02,-1.081081081081081141e-02,-8.108108108108136314e-03
3.700000000000000000e+02,2.783783783783784216e-01,1.351351351351359753e-02
3.700000000000000000e+02,-1.891891891891894772e-02,3.783783783783789545e-02
3.700000000000000000e+02,-2.972972972972975914e-02,2.702702702702675097e-03
3.700000000000000000e+02,-3.243243243243243423e-02,2.702702702702675097e-03
3.700000000000000000e+02,-5.405405405405461217e-03,2.702702702702675097e-03
3.700000000000000000e+02,-8.108108108108136314e-03,5.405405405405461217e-03
3.700000000000000000e+02,-4.054054054054057055e-02,0.000000000000000000e+00
3.700000000000000000e+02,-8.648648648648649129e-02,2.702702702702675097e-03
3.700000000000000000e+02,3.108108108108107448e-01,0.000000000000000000e+00
3.700000000000000000e+02,2.027027027027027417e-01,0.000000000000000000e+00
3.700000000000000000e+02,2.459459459459459874e-01,1.351351351351359753e-02
3.700000000000000000e+02,-3.783783783783778443e-02,0.000000000000000000e+00
3.700000000000000000e+02,-5.405405405405350194e-03,1.081081081081081141e-02
3.700000000000000000e+02,-1.621621621621627263e-02,1.081081081081081141e-02
3.700000000000000000e+02,-2.972972972972975914e-02,-2.702702702702786119e-03
3.700000000000000000e+02,1.945945945945946054e-01,5.405405405405350194e-03
3.700000000000000000e+02,-3.783783783783778443e-02,-2.702702702702675097e-03
3.700000000000000000e+02,-5.135135135135127094e-02,5.405405405405461217e-03
3.700000000000000000e+02,-1.621621621621627263e-02,1.351351351351348651e-02
3.700000000000000000e+02,1.783783783783784438e-01,2.702702702702786119e-03
3.700000000000000000e+02,0.000000000000000000e+00,0.000000000000000000e+00
3.700000000000000000e+02,2.459459459459459874e-01,0.000000000000000000e+00
3.700000000000000000e+02,-5.135135135135138196e-02,0.000000000000000000e+00
3.700000000000000000e+02,-2.432432432432429792e-02,-2.702702702702675097e-03
3.700000000000000000e+02,-8.108108108108136314e-03,2.702702702702675097e-03
3.700000000000000000e+02,-3.243243243243243423e-02,2.702702702702675097e-03
3.700000000000000000e+02,-2.702702702702708404e-02,0.000000000000000000e+00
3.700000000000000000e+02,2.540540540540540126e-01,1.351351351351348651e-02
3.700000000000000000e+02,0.000000000000000000e+00,1.351351351351359753e-02
3.700000000000000000e+02,2.621621621621621490e-01,8.108108108108136314e-03
3.700000000000000000e+02,2.243243243243243645e-01,2.702702702702675097e-03
3.700000000000000000e+02,2.729729729729729604e-01,8.108108108108025291e-03
3.700000000000000000e+02,-2.432432432432429792e-02,2.702702702702697302e-02
3.700000000000000000e+02,-8.108108108108136314e-03,0.000000000000000000e+00
3.700000000000000000e+02,2.540540540540540126e-01,1.351351351351348651e-02
3.700000000000000000e+02,-1.621621621621627263e-02,0.000000000000000000e+00
3.700000000000000000e+02,-1.621621621621627263e-02,0.000000000000000000e+00
3.700000000000000000e+02,2.540540540540541237e-01,1.621621621621627263e-02
3.700000000000000000e+02,-5.405405405405405705e-02,-2.702702702702675097e-03
3.700000000000000000e+02,-5.135135135135138196e-02,-2.702702702702675097e-03
3.700000000000000000e+02,-3.783783783783789545e-02,1.081081081081081141e-02
3.700000000000000000e+02,2.297297297297297147e-01,-5.405405405405461217e-03
3.700000000000000000e+02,-1.351351351351348651e-02,0.000000000000000000e+00
3.700000000000000000e+02,-2.162162162162162282e-02,0.000000000000000000e+00
3.700000000000000000e+02,-2.162162162162162282e-02,1.081081081081081141e-02
3.700000000000000000e+02,-2.432432432432429792e-02,2.432432432432440894e-02
3.700000000000000000e+02,2.162162162162162282e-01,-5.405405405405461217e-03
3.700000000000000000e+02,-5.135135135135138196e-02,-2.702702702702675097e-03
3.700000000000000000e+02,-5.405405405405405705e-02,0.000000000000000000e+00
3.700000000000000000e+02,2.945945945945945832e-01,2.702702702702675097e-03
3.700000000000000000e+02,1.081081081081081141e-02,1.081081081081081141e-02
3.700000000000000000e+02,-1.621621621621627263e-02,2.702702702702675097e-03
3.700000000000000000e+02,-2.162162162162162282e-02,0.000000000000000000e+00
3.700000000000000000e+02,-3.783783783783778443e-02,2.702702702702786119e-03
3.700000000000000000e+02,-2.162162162162162282e-02,1.081081081081081141e-02
3.700000000000000000e+02,2.783783783783783106e-01,-2.702702702702786119e-03
3.800000000000000000e+02,-1.842105263157900463e-02,7.894736842105287700e-03
3.800000000000000000e+02,-3.157894736842103978e-02,0.000000000000000000e+00
3.800000000000000000e+02,-2.105263157894732284e-02,-2.631578947368429233e-03
3.800000000000000000e+02,-3.947368421052632748e-02,2.631578947368429233e-03
3.800000000000000000e+02,-2.368421052631575208e-02,5.263157894736858466e-03
3.800000000000000000e+02,-1.842105263157889361e-02,1.052631578947371693e-02
3.800000000000000000e+02,-3.947368421052632748e-02,1.315789473684214617e-02
3.800000000000000000e+02,2.131578947368421018e-01,5.263157894736858466e-03
3.800000000000000000e+02,-1.315789473684203514e-02,2.105263157894743387e-02
3.800000000000000000e+02,-1.578947368421046438e-02,2.631578947368429233e-03
3.800000000000000000e+02,-3.947368421052632748e-02,5.263157894736858466e-03
3.800000000000000000e+02,2.605263157894736059e-01,2.631578947368429233e-03
3.800000000000000000e+02,-2.894736842105261054e-02,7.894736842105287700e-03
3.800000000000000000e+02,2.973684210526315042e-01,1.052631578947360591e-02
3.800000000000000000e+02,2.578947368421052877e-01,2.631578947368429233e-03
3.800000000000000000e+02,-2.894736842105261054e-02,5.263157894736858466e-03
3.800000000000000000e+02,-2.894736842105261054e-02,2.631578947368429233e-03
3.800000000000000000e+02,-7.368421052631579649e-02,2.631578947368429233e-03
3.800000000000000000e+02,-1.842105263157889361e-02,2.631578947368429233e-03
3.800000000000000000e+02,-1.842105263157889361e-02,1.315789473684214617e-02
3.800000000000000000e+02,-5.263157894736858466e-03,2.631578947368318211e-03
3.800000000000000000e+02,2.000000000000000666e-01,0.000000000000000000e+00
3.800000000000000000e+02,-1.315789473684203514e-02,2.631578947368429233e-03
3.800000000000000000e+02,-2.894736842105261054e-02,5.263157894736858466e-03
3.800000000000000000e+02,-1.315789473684203514e-02,7.894736842105287700e-03
3.800000000000000000e+02,2.657894736842105754e-01,-2.631578947368429233e-03
3.800000000000000000e+02,-1.842105263157889361e-02,2.631578947368429233e-03
3.800000000000000000e+02,-1.052631578947371693e-02,0.000000000000000000e+00
3.800000000000000000e+02,-3.157894736842103978e-02,7.894736842105176677e-03
3.800000000000000000e+02,2.473684210526315708e-01,7.894736842105287700e-03
3.800000000000000000e+02,-1.842105263157889361e-02,2.631578947368429233e-03
3.800000000000000000e+02,-3.157894736842103978e-02,0.000000000000000000e+00
3.800000000000000000e+02,2.578947368421052877e-01,5.263157894736858466e-03
3.800000000000000000e+02,-1.842105263157900463e-02,-2.631578947368429233e-03
3.800000000000000000e+02,-1.842105263157900463e-02,2.631578947368429233e-03
3.800000000000000000e+02,2.684210526315790046e-01,1.315789473684214617e-02
3.800000000000000000e+02,-2.105263157894732284e-02,0.000000000000000000e+00
3.800000000000000000e+02,-3.157894736842103978e-02,-2.631578947368429233e-03
3.800000000000000000e+02,1.315789473684203514e-02,2.631578947368429233e-03
3.800000000000000000e+02,-2.368421052631586310e-02,2.631578947368429233e-03
3.800000000000000000e+02,-2.105263157894732284e-02,1.578947368421057540e-02
3.800000000000000000e+02,-1.842105263157889361e-02,1.052631578947371693e-02
3.800000000000000000e+02,-1.315789473684214617e-02,0.000000000000000000e+00
3.800000000000000000e+02,2.263157894736842479e-01,2.631578947368429233e-03
3.800000000000000000e+02,2.973684210526316152e-01,0.000000000000000000e+00
3.800000000000000000e+02,-5.526315789473690288e-02,0.000000000000000000e+00
3.800000000000000000e+02,-2.368421052631586310e-02,7.894736842105287700e-03
3.800000000000000000e+02,2.631578947368429233e-02,5.263157894736858466e-03
3.800000000000000000e+02,2.026315789473684958e-01,-5.263157894736858466e-03
3.800000000000000000e+02,-4.210526315789464569e-02,7.894736842105287700e-03
3.800000000000000000e+02,2.526315789473684292e-01,7.894736842105287700e-03
3.800000000000000000e+02,2.763157894736841813e-01,-5.263157894736858466e-03
3.800000000000000000e+02,-5.526315789473690288e-02,2.631578947368429233e-03
3.800000000000000000e+02,2.263157894736842479e-01,2.631578947368429233e-03
3.800000000000000000e+02,-1.578947368421057540e-02,7.894736842105176677e-03
3.800000000000000000e+02,-1.052631578947371693e-02,2.631578947368429233e-03
3.800000000000000000e+02,1.684210526315789158e-01,5.263157894736747444e-03
3.800000000000000000e+02,-1.578947368421046438e-02,0.000000000000000000e+00
3.800000000000000000e+02,-2.105263157894743387e-02,2.631578947368429233e-03
3.800000000000000000e+02,-3.947368421052632748e-02,2.631578947368429233e-03
3.800000000000000000e+02,-2.631578947368418131e-02,-5.263157894736858466e-03
3.800000000000000000e+02,2.500000000000000000e-01,2.631578947368429233e-03
3.800000000000000000e+02,-5.263157894736858466e-03,2.631578947368429233e-03
3.800000000000000000e+02,-2.631578947368418131e-02,7.894736842105287700e-03
3.800000000000000000e+02,-4.473684210526307492e-02,-5.263157894736747444e-03
3.800000000000000000e+02,-1.315789473684203514e-02,5.263157894736858466e-03
3.800000000000000000e+02,2.684210526315788936e-01,5.263157894736858466e-03
3.800000000000000000e+02,2.631578947368429233e-03,1.052631578947371693e-02
3.800000000000000000e+02,2.710526315789473228e-01,1.578947368421046438e-02
3.800000000000000000e+02,1.947368421052632081e-01,2.631578947368429233e-03
3.800000000000000000e+02,-8.684210526315794265e-02,7.894736842105176677e-03
3.800000000000000000e+02,2.552631578947367474e-01,1.578947368421046438e-02
3.800000000000000000e+02,0.000000000000000000e+00,2.631578947368429233e-03
3.800000000000000000e+02,-1.052631578947360591e-02,0.000000000000000000e+00
3.800000000000000000e+02,2.631578947368429233e-03,1.578947368421046438e-02
3.800000000000000000e+02,-1.578947368421046438e-02,1.052631578947371693e-02
3.800000000000000000e+02,-1.578947368421057540e-02,2.105263157894732284e-02
3.800000000000000000e+02,-1.052631578947371693e-02,5.263157894736858466e-03
3.800000000000000000e+02,-1.052631578947371693e-02,-2.631578947368429233e-03
3.800000000000000000e+02,2.868421052631578982e-01,-7.894736842105287700e-03
3.800000000000000000e+02,2.921052631578946457e-01,5.263157894736747444e-03
3.800000000000000000e+02,-5.789473684210533211e-02,2.631578947368429233e-03
3.800000000000000000e+02,-2.894736842105261054e-02,7.894736842105176677e-03
3.800000000000000000e+02,1.631578947368421684e-01,0.000000000000000000e+00
3.800000000000000000e+02,1.842105263157894912e-01,2.631578947368429233e-03
3.800000000000000000e+02,-2.631578947368429233e-03,2.631578947368429233e-03
3.800000000000000000e+02,-2.368421052631586310e-02,2.105263157894732284e-02
3.800000000000000000e+02,2.315789473684209954e-01,5.263157894736747444e-03
3.800000000000000000e+02,-1.578947368421057540e-02,1.842105263157889361e-02
3.800000000000000000e+02,-2.105263157894732284e-02,7.894736842105287700e-03
3.800000000000000000e+02,-1.315789473684214617e-02,6.315789473684207955e-02
3.800000000000000000e+02,-3.947368421052632748e-02,-2.631578947368429233e-03
3.800000000000000000e+02,-2.894736842105261054e-02,1.578947368421057540e-02
3.800000000000000000e+02,-3.157894736842103978e-02,5.263157894736858466e-03
3.800000000000000000e+02,-2.368421052631575208e-02,7.894736842105287700e-03
3.800000000000000000e+02,0.000000000000000000e+00,0.000000000000000000e+00
3.800000000000000000e+02,-7.894736842105176677e-03,1.315789473684214617e-02
3.800000000000000000e+02,2.552631578947368585e-01,0.000000000000000000e+00
3.800000000000000000e+02,-4.473684210526318594e-02,-2.631578947368429233e-03
3.800000000000000000e+02,-2.894736842105261054e-02,2.631578947368429233e-03
3.900000000000000000e+02,-3.589743589743588092e-02,2.564102564102554993e-03
3.900000000000000000e+02,-1.282051282051288599e-02,2.564102564102554993e-03
3.900000000000000000e+02,2.051282051282055097e-02,2.564102564102554993e-03
3.900000000000000000e+02,-7.435897435897431684e-02,-2.564102564102554993e-03
3.900000000000000000e+02,-2.307692307692310596e-02,0.000000000000000000e+00
3.900000000000000000e+02,1.948717948717949566e-01,-2.564102564102554993e-03
3.900000000000000000e+02,2.717948717948718285e-01,2.564102564102554993e-03
3.900000000000000000e+02,-6.666666666666665186e-02,-2.564102564102554993e-03
3.900000000000000000e+02,2.820512820512820484e-01,1.794871794871788495e-02
3.900000000000000000e+02,-6.923076923076920686e-02,-2.564102564102554993e-03
3.900000000000000000e+02,-3.846153846153843592e-02,7.692307692307664979e-03
3.900000000000000000e+02,1.282051282051277497e-02,1.025641025641021997e-02
3.900000000000000000e+02,-1.538461538461544098e-02,7.692307692307664979e-03
3.900000000000000000e+02,-2.307692307692310596e-02,2.564102564102554993e-03
3.900000000000000000e+02,2.256410256410257276e-01,1.538461538461544098e-02
3.900000000000000000e+02,-5.384615384615387690e-02,-2.564102564102666015e-03
3.900000000000000000e+02,2.564102564102564985e-01,-2.564102564102554993e-03
3.900000000000000000e+02,0.000000000000000000e+00,2.051282051282055097e-02
3.900000000000000000e+02,-3.589743589743588092e-02,-2.564102564102554993e-03
3.900000000000000000e+02,-3.076923076923065992e-02,5.128205128205221008e-03
3.900000000000000000e+02,-2.564102564102566095e-02,5.128205128205109986e-03
3.900000000000000000e+02,-5.128205128205109986e-03,2.564102564102566095e-02
3.900000000000000000e+02,-3.076923076923077094e-02,-5.128205128205109986e-03
3.900000000000000000e+02,2.820512820512820484e-01,5.128205128205109986e-03
3.900000000000000000e+02,2.769230769230769384e-01,2.564102564102554993e-03
3.900000000000000000e+02,-4.871794871794876691e-02,-2.564102564102554993e-03
3.900000000000000000e+02,-1.282051282051277497e-02,7.692307692307776001e-03
3.900000000000000000e+02,-3.846153846153843592e-02,2.564102564102554993e-03
3.900000000000000000e+02,-5.384615384615387690e-02,2.564102564102554993e-03
3.900000000000000000e+02,-2.564102564102566095e-02,1.538461538461532996e-02
3.900000000000000000e+02,-1.282051282051288599e-02,2.051282051282043994e-02
3.900000000000000000e+02,-1.282051282051277497e-02,5.128205128205221008e-03
3.900000000000000000e+02,2.256410256410257276e-01,-2.564102564102554993e-03
3.900000000000000000e+02,-2.307692307692299494e-02,2.564102564102554993e-03
3.900000000000000000e+02,-3.333333333333332593e-02,0.000000000000000000e+00
3.900000000000000000e+02,2.666666666666667185e-01,0.000000000000000000e+00
3.900000000000000000e+02,-5.128205128205121088e-02,2.564102564102554993e-03
3.900000000000000000e+02,-3.589743589743588092e-02,2.051282051282055097e-02
3.900000000000000000e+02,0.000000000000000000e+00,5.128205128205109986e-03
3.900000000000000000e+02,-1.794871794871788495e-02,2.564102564102554993e-03
3.900000000000000000e+02,-7.692307692307664979e-03,0.000000000000000000e+00
3.900000000000000000e+02,-2.307692307692310596e-02,7.692307692307664979e-03
3.900000000000000000e+02,-1.538461538461544098e-02,1.025641025641021997e-02
3.900000000000000000e+02,-1.794871794871799597e-02,2.564102564102554993e-03
3.900000000000000000e+02,-2.564102564102566095e-02,-2.564102564102554993e-03
3.900000000000000000e+02,-2.564102564102554993e-03,7.692307692307664979e-03
3.900000000000000000e+02,-7.692307692307776001e-03,-2.564102564102554993e-03
3.900000000000000000e+02,-4.615384615384610090e-02,-7.692307692307664979e-03
3.900000000000000000e+02,-4.358974358974354590e-02,1.538461538461544098e-02
3.900000000000000000e+02,-2.820512820512821595e-02,0.000000000000000000e+00
3.900000000000000000e+02,-3.846153846153843592e-02,7.692307692307664979e-03
3.900000000000000000e+02,0.000000000000000000e+00,0.000000000000000000e+00
3.900000000000000000e+02,1.948717948717948456e-01,2.564102564102554993e-03
3.900000000000000000e+02,-1.538461538461532996e-02,5.128205128205221008e-03
3.900000000000000000e+02,-3.333333333333332593e-02,5.128205128205109986e-03
3.900000000000000000e+02,2.282051282051281715e-01,1.282051282051277497e-02
3.900000000000000000e+02,2.564102564102554993e-03,2.307692307692299494e-02
3.900000000000000000e+02,-1.794871794871799597e-02,-7.692307692307776001e-03
3.900000000000000000e+02,1.282051282051288599e-02,1.282051282051288599e-02
3.900000000000000000e+02,-3.076923076923077094e-02,-5.128205128205109986e-03
3.900000000000000000e+02,2.743589743589742724e-01,2.564102564102554993e-03
3.900000000000000000e+02,-2.820512820512821595e-02,5.128205128205109986e-03
3.900000000000000000e+02,-1.282051282051277497e-02,4.358974358974354590e-02
3.900000000000000000e+02,-6.666666666666676289e-02,-7.692307692307776001e-03
3.900000000000000000e+02,-2.564102564102566095e-02,-5.128205128205109986e-03
3.900000000000000000e+02,-1.025641025641021997e-02,-2.564102564102554993e-03
3.900000000000000000e+02,-4.615384615384621192e-02,7.692307692307664979e-03
3.900000000000000000e+02,2.564102564102666015e-03,2.564102564102666015e-03
3.900000000000000000e+02,-3.076923076923077094e-02,0.000000000000000000e+00
3.900000000000000000e+02,-1.794871794871799597e-02,5.128205128205109986e-03
3.900000000000000000e+02,2.076923076923076206e-01,1.538461538461532996e-02
3.900000000000000000e+02,-2.820512820512821595e-02,2.564102564102554993e-03
3.900000000000000000e+02,1.794871794871799597e-02,2.307692307692310596e-02
3.900000000000000000e+02,1.897435897435897356e-01,5.128205128205109986e-03
3.900000000000000000e+02,-5.128205128205109986e-03,2.564102564102554993e-03
3.900000000000000000e+02,-3.589743589743588092e-02,0.000000000000000000e+00
3.900000000000000000e+02,-3.076923076923077094e-02,1.282051282051277497e-02
3.900000000000000000e+02,1.871794871794871806e-01,2.564102564102554993e-03
3.900000000000000000e+02,2.769230769230769384e-01,0.000000000000000000e+00
3.900000000000000000e+02,-2.820512820512821595e-02,5.128205128205109986e-03
3.900000000000000000e+02,-1.794871794871788495e-02,0.000000000000000000e+00
3.900000000000000000e+02,-2.564102564102554993e-02,4.871794871794876691e-02
3.900000000000000000e+02,-3.589743589743588092e-02,1.025641025641033099e-02
3.900000000000000000e+02,-4.615384615384621192e-02,1.282051282051277497e-02
3.900000000000000000e+02,-7.692307692307664979e-03,1.025641025641033099e-02
3.900000000000000000e+02,1.589743589743589647e-01,0.000000000000000000e+00
3.900000000000000000e+02,1.846153846153846256e-01,-2.564102564102554993e-03
3.900000000000000000e+02,-5.128205128205109986e-03,0.000000000000000000e+00
3.900000000000000000e+02,-7.692307692307776001e-03,5.128205128205109986e-03
3.900000000000000000e+02,-7.179487179487176185e-02,-2.564102564102554993e-03
3.900000000000000000e+02,-1.794871794871788495e-02,5.128205128205221008e-03
3.900000000000000000e+02,-1.282051282051277497e-02,5.128205128205109986e-03
3.900000000000000000e+02,1.025641025641021997e-02,5.128205128205121088e-02
3.900000000000000000e+02,-2.307692307692299494e-02,2.564102564102554993e-03
3.900000000000000000e+02,-2.051282051282055097e-02,1.794871794871788495e-02
3.900000000000000000e+02,-3.076923076923077094e-02,5.128205128205109986e-03
3.900000000000000000e+02,-3.846153846153854694e-02,7.692307692307664979e-03
3.900000000000000000e+02,0.000000000000000000e+00,5.128205128205221008e-03
3.900000000000000000e+02,-5.128205128205109986e-03,1.794871794871788495e-02
3.900000000000000000e+02,2.743589743589742724e-01,5.128205128205109986e-03
4.000000000000000000e+02,-2.749999999999996891e-02,1.000000000000000888e-02
4.000000000000000000e+02,-1.000000000000000888e-02,0.000000000000000000e+00
4.000000000000000000e+02,-1.500000000000001332e-02,7.499999999999951150e-03
4.000000000000000000e+02,-2.500000000000002220e-02,0.000000000000000000e+00
4.000000000000000000e+02,-9.999999999999897859e-03,2.500000000000057732e-03
4.000000000000000000e+02,-4.000000000000003553e-02,5.000000000000004441e-03
4.000000000000000000e+02,2.425000000000000488e-01,0.000000000000000000e+00
4.000000000000000000e+02,-1.999999999999990674e-02,5.000000000000004441e-03
4.000000000000000000e+02,2.774999999999999689e-01,7.500000000000062172e-03
4.000000000000000000e+02,2.874999999999999778e-01,0.000000000000000000e+00
4.000000000000000000e+02,-1.500000000000001332e-02,-5.000000000000004441e-03
4.000000000000000000e+02,2.400000000000001021e-01,1.000000000000000888e-02
4.000000000000000000e+02,-2.749999999999996891e-02,1.750000000000007105e-02
4.000000000000000000e+02,-2.499999999999946709e-03,3.750000000000008882e-02
4.000000000000000000e+02,-2.499999999999991118e-02,2.750000000000007994e-02
4.000000000000000000e+02,-1.000000000000000888e-02,-2.499999999999946709e-03
4.000000000000000000e+02,0.000000000000000000e+00,0.000000000000000000e+00
4.000000000000000000e+02,-1.249999999999995559e-02,2.500000000000002220e-02
4.000000000000000000e+02,-4.749999999999998668e-02,-5.000000000000004441e-03
4.000000000000000000e+02,2.825000000000000844e-01,1.750000000000007105e-02
4.000000000000000000e+02,-1.500000000000001332e-02,2.499999999999946709e-03
4.000000000000000000e+02,2.375000000000000444e-01,-5.000000000000004441e-03
4.000000000000000000e+02,3.325000000000000178e-01,2.000000000000001776e-02
4.000000000000000000e+02,-2.249999999999996447e-02,1.000000000000000888e-02
4.000000000000000000e+02,-7.500000000000062172e-03,7.499999999999951150e-03
4.000000000000000000e+02,-5.249999999999999112e-02,0.000000000000000000e+00
4.000000000000000000e+02,-2.749999999999996891e-02,2.500000000000057732e-03
4.000000000000000000e+02,-2.000000000000001776e-02,1.749999999999996003e-02
4.000000000000000000e+02,-3.250000000000008438e-02,2.499999999999946709e-03
4.000000000000000000e+02,-4.000000000000003553e-02,2.499999999999946709e-03
4.000000000000000000e+02,-2.749999999999996891e-02,0.000000000000000000e+00
4.000000000000000000e+02,2.924999999999999822e-01,1.249999999999995559e-02
4.000000000000000000e+02,-4.749999999999998668e-02,0.000000000000000000e+00
4.000000000000000000e+02,-2.500000000000002220e-02,2.499999999999946709e-03
4.000000000000000000e+02,-2.500000000000002220e-02,0.000000000000000000e+00
4.000000000000000000e+02,-2.000000000000001776e-02,2.500000000000057732e-03
4.000000000000000000e+02,2.099999999999999645e-01,5.000000000000004441e-03
4.000000000000000000e+02,-3.999999999999992450e-02,5.000000000000004441e-03
4.000000000000000000e+02,-3.000000000000002665e-02,0.000000000000000000e+00
4.000000000000000000e+02,-3.000000000000002665e-02,1.000000000000000888e-02
4.000000000000000000e+02,-3.500000000000003109e-02,2.499999999999946709e-03
4.000000000000000000e+02,-4.000000000000003553e-02,2.499999999999946709e-03
4.000000000000000000e+02,-8.499999999999996447e-02,0.000000000000000000e+00
4.000000000000000000e+02,-3.749999999999997780e-02,1.000000000000000888e-02
4.000000000000000000e+02,-1.500000000000001332e-02,1.250000000000006661e-02
4.000000000000000000e+02,0.000000000000000000e+00,-5.000000000000004441e-03
4.000000000000000000e+02,1.500000000000001332e-02,-2.499999999999946709e-03
4.000000000000000000e+02,-1.000000000000000888e-02,1.500000000000001332e-02
4.000000000000000000e+02,-1.500000000000001332e-02,5.000000000000004441e-03
4.000000000000000000e+02,-5.249999999999999112e-02,2.499999999999946709e-03
4.000000000000000000e+02,-1.500000000000001332e-02,2.749999999999996891e-02
4.000000000000000000e+02,-5.000000000000004441e-03,3.249999999999997335e-02
4.000000000000000000e+02,-2.500000000000002220e-02,0.000000000000000000e+00
4.000000000000000000e+02,-2.249999999999996447e-02,2.499999999999946709e-03
4.000000000000000000e+02,2.724999999999999645e-01,2.499999999999946709e-03
4.000000000000000000e+02,1.575000000000000844e-01,7.500000000000062172e-03
4.000000000000000000e+02,-2.000000000000001776e-02,0.000000000000000000e+00
4.000000000000000000e+02,-4.999999999999993339e-02,5.000000000000004441e-03
4.000000000000000000e+02,-5.000000000000004441e-03,2.499999999999946709e-03
4.000000000000000000e+02,2.724999999999999645e-01,1.249999999999995559e-02
4.000000000000000000e+02,-3.249999999999997335e-02,-7.499999999999951150e-03
4.000000000000000000e+02,1.550000000000000266e-01,1.249999999999995559e-02
4.000000000000000000e+02,2.275000000000000355e-01,7.500000000000062172e-03
4.000000000000000000e+02,2.899999999999999245e-01,5.000000000000004441e-03
4.000000000000000000e+02,-3.000000000000002665e-02,-2.500000000000057732e-03
4.000000000000000000e+02,1.000000000000000888e-02,7.499999999999951150e-03
4.000000000000000000e+02,-1.000000000000000888e-02,-2.500000000000057732e-03
4.000000000000000000e+02,-4.249999999999998224e-02,5.000000000000004441e-03
4.000000000000000000e+02,-5.000000000000004441e-03,-2.499999999999946709e-03
4.000000000000000000e+02,-2.500000000000002220e-02,-2.500000000000057732e-03
4.000000000000000000e+02,2.849999999999999201e-01,5.000000000000004441e-03
4.000000000000000000e+02,-4.749999999999998668e-02,7.500000000000062172e-03
4.000000000000000000e+02,-4.749999999999998668e-02,1.000000000000000888e-02
4.000000000000000000e+02,-1.000000000000000888e-02,1.000000000000000888e-02
4.000000000000000000e+02,2.500000000000000000e-01,-5.000000000000004441e-03
4.000000000000000000e+02,2.700000000000000178e-01,1.249999999999995559e-02
4.000000000000000000e+02,-2.499999999999991118e-02,2.500000000000057732e-03
4.000000000000000000e+02,-4.249999999999998224e-02,2.500000000000057732e-03
4.000000000000000000e+02,-1.249999999999995559e-02,5.000000000000004441e-03
4.000000000000000000e+02,-3.500000000000003109e-02,-2.500000000000057732e-03
4.000000000000000000e+02,-2.749999999999996891e-02,-5.000000000000004441e-03
4.000000000000000000e+02,-2.249999999999996447e-02,5.000000000000004441e-03
4.000000000000000000e+02,-1.000000000000000888e-02,0.000000000000000000e+00
4.000000000000000000e+02,-5.000000000000004441e-03,5.000000000000004441e-03
4.000000000000000000e+02,-3.000000000000002665e-02,3.749999999999997780e-02
4.000000000000000000e+02,7.499999999999951150e-03,2.499999999999946709e-03
4.000000000000000000e+02,-3.000000000000002665e-02,2.499999999999946709e-03
4.000000000000000000e+02,-5.000000000000004441e-03,1.250000000000006661e-02
4.000000000000000000e+02,-1.750000000000007105e-02,1.749999999999996003e-02
4.000000000000000000e+02,-3.499999999999992006e-02,2.750000000000007994e-02
4.000000000000000000e+02,-1.750000000000007105e-02,4.999999999999893419e-03
4.000000000000000000e+02,-2.749999999999996891e-02,2.249999999999996447e-02
4.000000000000000000e+02,7.499999999999951150e-03,5.000000000000004441e-03
4.000000000000000000e+02,-1.500000000000001332e-02,5.000000000000004441e-03
4.000000000000000000e+02,-4.999999999999893419e-03,2.500000000000057732e-03
4.000000000000000000e+02,-4.749999999999998668e-02,-2.499999999999946709e-03
4.000000000000000000e+02,-2.249999999999996447e-02,5.000000000000004441e-03
4.000000000000000000e+02,-4.500000000000003997e-02,5.000000000000004441e-03
4.000000000000000000e+02,-5.000000000000004441e-03,2.499999999999946709e-03
4.000000000000000000e+02,-2.250000000000007550e-02,5.000000000000004441e-03
