bIIItubulin,DAPI_2nd,DAPI_3rd,GABA,GAD2,VGAT,gephyrin,NR1,VGluT1,synapsin,PSDr
11393,55733,1127447,12562,38133,22302,33938,366710,36509,149739,118795
6832,79081,1608580,10666,32996,26806,50669,52525,119342,315994,497763
25493,60137,1192837,9506,26606,18899,46956,43501,60110,165524,337237
18509,34827,598507,26394,38510,15831,45122,19558,12454,70388,11947
9210,60319,1158774,11768,32392,23353,43970,82959,68249,56849,303660
22298,46142,899910,9245,22638,15462,22444,74370,52128,37502,131579
39516,62167,1253850,10318,30680,19190,28765,97441,27583,90574,684276
0,0,0,0,0,0,0,0,0,0,0
5281,32993,662447,6674,22516,11020,16860,121294,14151,20243,157962
0,10455,222146,2706,5313,3514,5364,29385,6134,2457,16430
12468,18900,381055,3228,8792,6343,10467,53253,14827,75536,47246
8955,57914,1065366,12134,25144,19653,32291,74528,37642,105445,324752
14052,32662,531874,6156,14202,12460,16253,69993,13717,106384,163907
12254,41718,804053,13603,24453,14927,20991,116481,36214,134351,178367
32716,37866,740711,4674,14223,10418,23394,44405,51254,94743,250832
11043,22015,410428,4089,12243,7605,13449,89414,17102,24549,98274
977,20932,364440,3446,17537,6892,10116,61264,7237,7088,11825
2677,37745,741751,5430,16813,12674,20445,33164,15140,22660,141991
26243,35059,712409,6387,21099,16977,19661,204153,30075,9897,81327
31570,56270,1109557,12047,23844,22360,30918,56192,74024,74663,501650
77838,132002,2402301,36355,92263,42831,73153,405604,49711,69440,293158
1447,20006,368914,3704,11458,6735,14576,89777,70661,49110,37358
11280,50527,1011355,8357,22329,15147,28881,69894,36628,152770,276223
9414,45258,866252,7851,18164,14754,22170,48487,41983,21504,116277
13210,22083,489268,4415,14755,7838,11208,114927,6075,2139,68461
2347,12408,268866,3577,6781,6632,6096,26385,4221,490,10931
1930,23358,507905,21763,14791,9917,10946,66315,15325,33513,52308
26733,53919,1108162,10682,30602,18351,28577,78562,51049,104361,333299
13408,36400,654084,7036,13287,10910,18706,15391,17964,52463,169886
14257,41507,874925,7106,24215,13620,21338,184110,23469,42932,80612
1118,50234,928939,11721,20399,17625,25013,26276,17200,38219,186771
17604,39516,687394,7539,23084,12375,19372,150396,16282,71456,70075
42803,27471,523869,18149,10115,10210,13106,29921,24823,66185,48692
3774,22711,450743,21264,13444,10765,12338,21564,19333,133025,47057
2853,19601,350307,12175,14923,20254,10504,10500,6964,24643,17769
4169,29546,612311,5954,14823,10794,14555,53471,10868,71770,239644
10684,77806,1411735,6702,27523,22207,37938,83186,65933,245082,374334
0,24840,506018,6245,14552,8280,12759,89270,13638,38229,139903
2471,12551,260997,2344,7246,3895,7488,22574,22877,26489,93227
1005,29892,604575,7372,24398,10244,21178,70472,17736,144082,170203
20866,23495,483718,3336,9443,10314,17057,29600,40312,87990,78067
1299,20532,442593,17984,9895,11982,10224,63851,10788,11523,90422
4968,12103,272825,2590,4585,3669,6032,14264,8363,14213,11641
4102,9926,206177,2366,6213,2583,5748,34307,6168,9937,13737
3139,17073,299451,3736,6983,5339,9280,34012,8810,2350,67366
6843,6216,94673,1036,3033,2072,3533,8885,2336,2458,14624
4684,18582,372321,3520,5972,5972,10405,7323,18802,20725,68599
13877,45001,884625,7506,33493,14280,21909,128879,15726,11965,286330
9414,58542,1101481,10706,25567,21122,97527,40505,61200,190994,408587
10306,52700,1046469,9614,28068,20889,44634,135761,23909,54495,246640
5827,19511,357175,6977,6473,6451,10607,23715,11734,42830,17135
2063,13758,202762,5168,5321,4397,7270,20633,6362,3083,5165
2551,27730,453968,8230,11594,9741,15811,51186,28446,67245,54197
15408,48411,979805,20815,36914,18934,26919,74232,44294,142555,95610
51800,31738,584005,82330,74850,24858,117765,12012,20755,44485,8543
5911,18472,292920,5667,9808,11462,12302,56331,9036,12742,61200
19893,63025,1322904,10266,28490,20860,32307,178384,40340,97198,253607
10435,63712,1141752,60583,69421,26007,142744,43763,28536,122010,46610
28913,73280,1227830,15519,45235,23476,44578,137221,52359,107371,155390
4404,18536,413545,12882,6409,8338,10226,10625,9934,76446,21040
595,9629,182765,1613,3351,3226,5048,9063,6820,7566,12158
3409,48791,965638,8909,17216,16632,26207,46835,27499,117576,281790
23496,49588,928140,8826,20593,17508,25222,72143,33020,128580,267782
12316,51834,1034270,11808,20197,18544,23781,28179,21434,73834,231369
6803,41330,779336,8335,23803,12930,20853,115935,13177,4972,231050
18654,10729,188015,4279,4685,3593,5251,22790,3654,14028,26011
13741,11112,194860,1983,5165,3704,6930,36044,10356,26642,28809
22109,28230,622754,5161,10846,9095,15585,38561,15511,44372,85208
3152,26120,488382,66439,38980,21550,14185,15941,8784,45180,7720
24026,22393,416286,5076,12712,7497,14362,11738,23579,12096,111140
4992,7362,138733,1227,2610,2454,4291,11337,2134,3654,4654
3363,22020,400854,4629,8496,7340,12209,21395,12184,75609,121145
1700,16720,342946,2593,6448,4992,8410,10480,18555,49862,30954
0,12036,250802,1941,10452,9421,6444,45837,9268,49183,51211
18535,31719,589598,6850,13655,11598,18683,17527,28303,231988,27680
12440,21192,388370,3839,12180,6627,11981,30596,19722,33541,48047
431,11501,209151,2254,4547,3944,5497,24439,3944,8256,71511
5804,24942,476258,11646,13332,7510,12302,21356,9523,18402,73750
464,9154,193944,1610,4035,3210,5695,11558,3610,11376,45783
8434,35166,776504,9011,24927,11898,20665,18153,18726,150948,317297
0,32561,623221,26742,12549,17948,19282,54636,32299,86581,87813
3105,17415,308800,66700,94720,17746,8796,11251,5569,109453,5464
3170,23709,392372,9415,9447,7867,13263,39332,10119,57026,32690
1687,8112,154390,1855,2670,2596,4684,4183,2670,5244,15973
728,16678,277568,2803,5262,5392,7737,7923,5760,12189,17846
33986,24427,452354,10806,43345,8468,24594,16886,10467,36130,6299
13157,52137,1052597,6216,25713,16252,27013,33281,17154,45720,339131
18704,75610,1591719,13954,84029,27226,44706,289338,42034,124161,738244
1272,15468,337102,3452,6124,5078,7755,7751,12608,34489,36618
0,22071,508788,10827,19126,9789,9523,139590,7056,7358,62316
343,20065,427391,3346,10169,6692,11895,68888,25142,85949,82020
3684,24510,391867,4164,10409,9246,13135,13013,25877,47160,151708
19641,37878,692625,20130,22643,12981,24187,52440,18630,119983,35341
2719,34882,674384,16253,13785,10984,18236,35419,25461,94294,50686
4646,34884,627048,5821,16766,11142,22159,44254,21930,41131,210539
2323,7780,152952,1209,2418,2418,4326,5444,3564,903,7817
1242,16002,304570,3994,6075,5334,7787,16442,8993,14514,46592
1192,9657,158238,1688,4717,3725,5277,33997,3515,3756,11858
3910,20202,391947,16352,76584,12179,56065,13667,8427,71421,8545
24688,15141,266712,4193,8309,4836,12252,67916,16414,59558,68153
3906,16582,297804,4871,7275,6442,7851,39424,5700,10322,12883
2441,22758,430131,4806,9303,7845,12548,29070,29308,70807,107861
0,22098,391176,3820,7799,7261,12160,20496,41930,78967,128302
7757,13950,277401,3169,5958,4464,9425,39503,6596,12696,4464
0,8328,144964,10167,3444,4699,4164,9594,2776,14441,20461
952,22474,449351,5777,8623,6946,11621,12171,16370,23225,23424
17113,14124,306943,2354,7149,4667,7062,49789,12341,43083,15000
34465,68363,1406037,15904,28229,26206,37562,39428,51553,387497,138881
21798,30408,560889,5447,10564,12937,14434,28424,9699,13591,68597
0,27816,570139,4083,10381,9181,15042,19380,22503,83186,74520
3327,11670,240181,2215,4569,3890,6586,12773,7598,18025,32878
350,16485,326760,2802,8978,5529,8778,45078,19938,923,33726
4569,19773,396017,10277,8818,7887,11232,19619,25622,33326,57377
4596,50189,1079098,35272,17084,28401,121852,29310,22118,4235,9810
0,17131,352790,3478,5933,5222,8460,9628,13555,20968,59907
2843,27981,528649,6527,16738,11549,13869,58847,11951,39337,96225
0,8477,166907,1428,7384,2853,4284,2930,14884,17930,24131
1883,9333,149518,2534,3397,2863,4269,4867,4590,2167,25312
11917,45173,741156,8556,21074,15034,30370,25216,54068,40871,252904
2853,4464,93049,744,3082,2028,2653,19175,3831,0,23262
35282,64337,1225650,13044,29115,20384,34247,99960,35180,146683,310609
64477,116466,2427363,19845,41066,38266,58630,71336,82165,165135,161489
1033,41386,891641,6964,23997,13917,21870,143536,14058,19090,173137
25068,26193,548445,5346,10519,8458,12815,22937,15965,25075,85629
5497,15568,306992,3198,5214,4844,7629,9252,4761,1932,5540
0,3864,78711,644,1836,1288,1944,2576,2987,0,1288
0,7452,147197,940,2667,1834,5290,12646,10494,0,2949
3338,35106,739809,9577,14120,11217,17647,70924,15890,109109,129919
1980,8762,172947,3792,7117,3795,22292,14031,3960,31215,2451
8132,30396,711540,5237,21102,10747,15210,168187,12750,26343,91768
2530,36333,590292,6841,25616,12694,16718,261697,34199,40481,145315
2427,17346,378977,4485,7359,6078,9768,33944,5488,25014,72727
12653,23652,442201,5661,12108,9293,10087,41472,8912,21623,17857
10632,21660,453299,5714,12174,7796,10167,96258,14138,45462,12646
2745,29652,528795,7338,13895,8979,11241,65724,9435,49408,39701
9461,40812,879443,50146,74417,22240,32945,35177,15962,33510,11896
3368,29258,560473,4946,11799,9286,13832,19130,17820,70875,70275
1174,33421,636470,11602,52931,25937,92098,20604,15024,33926,11426
55342,19962,334149,3908,12609,6838,10257,15377,7673,14746,33239
5946,29017,597025,4758,13585,9516,13692,112541,11145,56284,59390
221,16955,380451,2829,5071,5388,8487,8277,5465,27944,68573
15286,7680,162604,1847,2560,2018,3977,4421,4901,13105,18805
25959,60914,1172274,11203,28497,21040,27307,51704,47537,258239,288844
22725,50498,1099783,8129,50259,17883,28732,71521,53645,214721,275746
17026,59098,1298009,14144,32319,22182,30764,207930,52586,68355,305891
14649,52585,1143161,9782,21136,18771,37632,76346,35951,127616,336703
3731,18467,288941,10801,10464,12730,82862,9646,8867,25078,6057
25821,44605,892854,8015,28590,15960,28362,217061,46803,96615,269883
3632,14102,261241,2620,5449,5853,6552,8470,5322,68808,69734
2558,23727,468364,13603,15544,7350,11102,60249,16276,53163,99876
24519,81362,1753348,13245,29667,23878,45351,66624,83900,134454,408925
1212,8850,192947,1475,4861,2950,5091,29260,5386,36808,45847
7477,24109,467552,4291,14024,8856,11886,103575,10520,12553,35259
3804,22184,449082,3421,8969,6859,12025,11392,22704,49562,76614
79,16910,309727,3588,27129,5145,8514,74904,7449,1277,38403
0,16860,346199,5818,29207,6560,29754,10297,6567,32956,10380
1989,16758,353391,2793,8682,5586,8712,28537,5685,4306,3604
3493,8914,152779,1006,2346,2671,4423,5912,2949,5252,15867
76,3074,51459,633,793,938,1407,1237,498,584,1970
3208,15675,364830,2936,9667,5208,8373,83672,17814,56041,55730
0,21192,515581,5591,11409,8340,11323,84022,7064,85851,45110
40011,76794,1418037,23947,43935,26106,36698,98808,72795,169738,359197
5071,35783,732363,7551,13957,12719,24721,18737,27161,296511,162163
6128,35696,701795,3763,16891,11379,16212,30757,11880,55644,217467
34476,29709,608243,7339,19931,10921,13803,182013,15586,11892,109848
9588,29649,607068,6236,14660,9964,13280,38112,13417,25942,201477
48574,45000,872551,8882,25945,18043,21557,169324,28373,49094,126162
1290,16938,336744,24076,22706,8207,11040,9940,5552,12834,5684
14090,29795,524508,24929,13003,11374,14558,42929,20230,106167,9893
8845,37445,733333,6023,15161,13549,29012,42392,40189,174086,211613
37865,79996,1549476,13633,34331,26066,41933,105866,62973,156397,416531
3528,27143,520469,5526,10822,8386,14289,40672,33470,66204,149263
19411,24566,450412,6981,12614,8000,17533,29908,11245,38578,60372
4237,31499,631291,6169,15046,10109,17084,92820,16065,47536,255187
27908,65853,1379663,16347,41467,21890,32246,89106,32030,247449,286949
2894,26532,509624,5157,10196,8768,12437,50110,20960,2084,190656
14879,34077,733206,5337,11129,10300,14557,18392,11682,11762,141671
26851,61341,1220207,12939,48765,20012,36117,84889,35620,38066,418033
10524,43644,926003,9005,30660,15068,44888,308639,43515,191920,217485
1284,28356,542253,21142,16483,10936,15381,52245,22619,36957,67109
3280,22513,396634,8580,10062,7588,11156,11623,16211,122744,39586
18624,36628,648176,13612,14905,11780,17493,47794,18402,96684,124164
11628,52249,891584,9633,17300,14680,36860,27318,35851,50705,154354
0,13674,231854,2222,5589,4444,7618,8087,16073,21882,47238
12947,36438,710685,16817,18206,19468,17796,69372,24936,175860,124706
2029,22597,408350,3552,12512,7189,12287,91291,7104,14295,42623
2301,16950,274579,3394,6562,5650,8532,15396,20315,9592,51462
3216,21276,432901,3546,11023,7092,16020,66637,7464,27766,64283
6147,21031,304308,3998,16445,7294,11922,45188,20766,4351,173998
22097,31851,640652,8729,21953,10676,14988,29828,19047,1677,93815
104,5094,89831,1047,1698,1698,1991,3974,1698,10594,14205
5552,38142,718865,6357,20740,12649,19215,31228,22697,29327,125953
3999,24045,443225,56966,10787,18548,41029,12051,8776,24886,8137
10428,24175,457156,7566,13989,9451,10084,141541,9541,37056,146616
6551,51581,964075,17597,28620,16952,27872,86359,44333,101471,174265
7540,40542,739281,15954,16963,125350,18778,61520,35998,35537,245975
24563,35379,782546,8109,26151,11930,23614,56273,63632,93045,262982
3410,16978,304998,2840,7994,5198,8439,59908,5680,831,22257
13313,12599,238200,2515,5947,4736,6823,23823,6748,10667,32106
2,30515,628599,7124,16171,10642,13951,142895,10717,153,48185
13311,66206,1186876,13132,29532,20362,43141,94299,33609,22443,546989
168,11918,224613,2246,6327,4147,5942,27025,20680,22155,68239
4392,13039,209318,2985,15193,4205,6464,6290,4378,10213,3792
19202,29640,610521,4940,12384,9134,13629,47357,35232,52089,9880
25078,30250,613224,12765,11381,12502,17213,13358,20844,12876,60472
813,12046,203810,21179,13659,8974,50557,8820,6057,9362,4455
2164,39119,817244,9951,14435,14866,29097,24362,69830,3779,366229
20364,21283,416591,14468,9758,10304,10398,26311,18431,39617,88998
12214,14058,314287,3025,6954,4590,5984,18593,13715,53955,19645
57355,24793,453950,4928,11300,7903,12926,42937,11521,32818,122890
2028,21222,390250,2624,8034,6475,9188,25278,6349,78959,102957
173,10782,170784,3968,2573,3398,14825,5524,3661,9141,3570
4925,7350,137853,430,2222,1516,3570,4077,4038,13242,1782
369,25388,563641,27134,10301,11189,11878,14027,15805,18923,56831
47,31682,602005,5637,17627,9931,14822,165166,9937,5230,59972
8799,77519,1479610,14515,29344,24323,39386,60600,83079,202765,423633
1411,13763,276606,25822,14315,21493,37793,31416,6517,11216,5894
47,8085,189879,2006,3815,2569,3349,24297,2678,8804,71348
3740,15276,302942,2676,6458,6505,8227,19608,14639,10533,47882
8461,33299,613277,36887,41104,17660,57078,19902,13899,36401,10512
29797,75045,1594154,12439,37247,24632,36435,52668,48721,284343,712803
209,21071,434159,5577,7050,7116,10103,25050,23706,53024,57183
40210,83192,1459317,20303,39611,26623,36563,164920,41220,42160,161983
46516,92597,1725629,15925,41188,29035,49687,87284,74837,457843,338276
4498,12940,281418,1988,4148,3450,4585,7776,8440,15812,5298
17611,20460,381404,10256,12420,7795,28006,11445,8743,54500,5326
12626,32374,462622,6607,11719,10495,16332,29550,9254,12020,94990
3417,35730,692415,38105,43609,20325,84197,19875,15379,18270,10256
1557,9609,194663,2905,2623,3469,4907,5197,3460,2935,15041
4005,11334,174089,12620,4564,4595,20018,5919,4777,1977,3807
3045,38164,847792,7790,20766,11736,36030,54363,15547,181640,120740
9151,59552,1087881,9262,21708,18494,31432,35154,21745,114861,31826
26770,56724,1100031,10162,23101,18175,28367,43707,44389,84029,231643
14570,41334,741879,73024,57384,17762,35042,25776,14934,27777,15685
73066,28698,607737,80248,50014,25426,32342,15065,11449,52745,8960
23859,40671,732009,101519,78753,33909,94754,21685,16552,72578,9345
3992,20972,380974,4815,10020,6967,11588,75011,17067,63660,69278
14412,66355,1374633,88963,128761,36537,213847,38890,31968,38600,16010
24915,39511,708191,6914,20720,12468,18672,59401,16782,63862,199149
4260,14911,267811,3159,8846,5106,7980,7940,6439,10939,962
6583,15494,274701,2613,9869,5047,7174,22723,4314,0,49967
59293,22505,487316,3662,18681,7255,16858,19275,13053,40759,109501
19948,45795,884546,8844,28156,16706,21056,207505,51131,135305,310810
11505,24578,449313,4742,11533,6788,13701,38418,12564,44878,94969
8297,53747,1148131,13790,26710,18344,22203,153284,39028,29385,350421
2385,13306,261966,3626,4548,6943,7440,6093,9162,94,61793
35983,28373,546890,5406,14962,10909,12203,35087,9593,8480,257562
2016,17382,351821,3048,6369,5720,8757,8508,7689,2783,52996
1336,8016,186117,644,4008,1850,3185,22774,12159,15330,70219
2136,11038,208614,1741,8244,3482,4814,6074,7724,39593,56525
27582,29653,639319,5980,12392,9743,13072,19141,19327,53357,83435
6517,20084,410041,4411,7442,5767,9800,12354,18786,24757,38524
1450,36059,626911,47443,42972,23485,61084,19211,34175,62755,11327
12293,18228,356965,3038,7436,6076,8215,18914,11144,1,109014
7188,22366,432838,4041,15328,7116,10559,51517,10046,7520,132851
743,26184,525187,6710,19666,8454,11341,97666,11758,20992,88794
695,23197,461879,12946,8054,7873,11207,21319,10509,24093,60988
10035,35312,685611,7608,19582,14851,20353,62638,30871,42313,171833
2578,20382,432373,3255,11444,6794,9840,58536,17853,3413,36846
878,8454,173817,2045,4377,2484,3305,14669,14132,7487,53644
0,33331,658684,6505,11142,9768,14652,18302,52206,99433,258913
10802,20789,419472,4484,14258,6474,7807,75572,7181,3088,22477
4814,28320,629219,7097,10019,8477,15695,15770,17468,43347,167611
3227,19538,423560,4816,11297,8222,8048,85715,14953,51158,55007
9919,25456,420444,4693,25311,12611,12894,69885,11018,120350,80838
38092,13267,243904,2203,6466,4408,8067,9266,12933,22031,71214
5830,7368,135998,1306,2941,1881,4480,4285,6985,49684,5153
2189,12991,258206,2016,11268,4000,5748,16803,6033,30297,103821
688,30388,601263,7116,23283,22803,14951,254929,10152,4932,87190
4041,37144,745452,4895,19110,11383,18424,18181,48111,12548,276172
16212,33649,616189,2403,13151,7303,17030,88855,50693,57235,256201
831,21662,417009,5229,8775,6392,8372,27499,7310,45976,105564
514,12386,266811,3656,5277,3908,6110,7112,3937,185,28538
724,11069,240090,1981,5165,3704,5221,12879,8843,34673,8902
4658,11076,258223,2287,4538,3926,4352,8396,20567,4964,45386
4379,23942,521420,4832,9304,7708,8877,28048,8294,19349,143970
3466,22032,373747,5140,8035,6812,10325,13025,9910,557,115864
92,11364,222585,3323,6441,5048,5481,30908,6334,4041,77645
12226,53089,955363,8507,26343,16276,23929,51587,64556,49278,228355
5128,27143,445830,29805,21427,13294,19174,13864,9648,17674,6449
5122,18010,356830,3526,9540,8073,8886,51748,23318,34402,79358
309,6429,166204,1050,5830,2100,3150,4369,2467,3972,2234
7494,32006,613485,18151,16478,12825,15269,116358,11952,23308,90564
2076,19348,369311,6582,6630,6880,7948,10339,10107,38606,43723
10304,29702,651638,7689,11477,9145,15339,17299,70843,113386,42743
7779,32130,614106,21975,13884,11963,16539,45714,35298,54944,46823
8719,21264,428655,3629,10424,7246,12642,39359,10314,23947,120345
2853,31974,663414,5777,19492,10455,14228,75959,20819,43364,269453
36216,43283,789239,7173,22915,13493,19213,42644,51650,99885,293690
30570,81353,1594340,15728,54110,26487,52550,96940,36543,45388,341074
15572,103113,2124784,16850,60249,34454,47299,108045,93326,474150,487470
1102,27311,569772,4396,15542,8792,15736,99208,41733,10813,202078
46393,43895,816022,8639,26162,15280,16781,138445,28325,76158,148296
84598,58659,1142257,14496,30496,19364,39433,102955,27122,70725,188205
4564,22005,396180,4098,12344,12203,13855,50734,12091,59596,75591
12106,52372,996412,7954,22139,16523,25677,76128,48870,284827,194564
7780,12714,243275,950,5915,4199,5734,43096,8330,2471,20322
85,16386,350670,25412,6462,8257,7818,17042,6019,5221,15602
11249,73295,1441036,13586,29550,22828,36414,63032,41374,92060,264499
14348,43152,822115,8647,19766,13932,20156,89863,33005,295010,286374
22683,20298,397174,35177,43639,14904,40181,15146,8799,30451,34678
2133,12268,214732,2184,5995,9436,5825,31473,4385,5001,7311
4856,30144,544162,6493,13453,9857,14447,67184,10048,21550,78005
4722,17849,388130,3654,12762,7535,9825,79781,34250,23486,109043
11209,52692,912198,10249,31227,15922,21348,33933,18331,15327,206302
1891,50725,1097864,11093,21557,16589,25463,57809,39754,57199,278104
15284,45924,1036386,53963,14468,20572,21494,31921,33612,10238,103698
4924,19327,353218,4760,7284,6232,10071,29400,15057,6833,92417
0,8401,164234,2091,3186,2547,3330,3411,3677,133,2127
864,20363,413010,22078,31453,9905,70131,10613,10388,54508,6626
5627,6406,132033,1520,3398,2200,3049,16005,2200,1078,2200
22584,39210,699858,6215,11408,11487,17667,20721,25020,21600,202088
177,10318,199849,9772,5267,4858,5060,19865,4463,3285,14754
16002,29994,661333,12021,10503,11038,15104,16791,58079,73734,224422
2635,19658,379652,40855,101438,20584,75479,14508,8535,129872,6478
7158,8371,160837,1372,2811,2970,3278,3383,2908,866,30516
9116,50794,941800,9210,34343,15162,24196,62646,33819,140875,503390
3877,17881,369403,7247,27774,6372,8246,139877,10457,8487,79996
11758,94476,1696586,31950,48523,31049,43322,107531,42499,416856,400419
1019,47976,1079247,13122,29585,17965,22486,36027,28493,93677,156505
3948,28930,531737,6747,14899,8934,13536,48139,37427,156694,171792
11139,25082,551020,3880,15188,7603,10896,60095,9480,46774,159248
28024,25025,473297,4740,17638,10970,10816,155151,16946,16175,73630
675,12681,203874,2008,6281,3759,5934,42862,4079,4527,58133
13190,24350,497522,5001,9682,7836,12657,13425,8491,140,26049
18467,45566,892334,13984,19254,13426,19786,56490,24641,123613,245114
6040,33849,566576,5270,15712,14377,16881,42501,17726,28364,332171
1596,14369,283380,12528,8792,5751,6663,16453,11426,13979,71153
25131,23440,443553,5717,17740,8997,11324,178958,12583,12687,89950
0,4701,90974,786,3354,1572,1572,12841,792,2140,22828
10953,32676,593825,28533,10969,13023,12773,17455,10433,34787,34018
17281,69111,1467781,10936,37039,18465,31523,51460,77681,364091,605820
47,19003,388975,3469,7034,6614,9313,16187,35675,86382,137583
782,16735,289577,2657,13713,4513,9041,25262,11668,19556,49405
4802,33510,584730,7409,13427,9503,18005,34835,11987,66868,239608
4527,14425,255139,2315,6503,5319,6378,29081,12877,3783,29742
674,11611,241921,6424,3776,4169,5173,6524,4037,518,22152
416,27867,439636,7425,9342,8317,15835,74747,32300,8482,122443
15303,47875,894232,9659,16618,15843,21819,28778,20735,38782,251500
8136,26395,538158,6521,11490,8837,11743,38557,25016,70210,283134
20033,102975,2025417,16577,51754,34787,58757,161334,89650,224287,679123
8353,33985,655997,23026,19940,12355,14941,30186,15190,19848,98200
8250,31486,643977,6142,14225,9509,15567,50437,33355,81193,127598
12327,71250,1401775,12002,42993,22337,41061,375400,130400,316292,330978
2938,17046,297847,686,10555,4795,9200,78752,9060,25517,136926
1386,10852,213505,8094,6293,3118,46306,5785,6310,3086,4310
120,9766,185032,1686,5431,3372,4038,46877,10899,24742,29896
1740,6974,139110,1099,2683,2305,1314,11985,2167,7040,19205
13664,19143,346797,4423,9444,6530,9372,38963,12846,68622,231494
119,17001,330404,2116,6644,12930,6338,25190,17944,23971,49654
955,24612,480704,3782,11253,6959,12311,61013,12751,37306,134848
4046,21744,398068,4215,6976,6694,9073,12001,6934,4426,8975
2902,18660,316960,4211,12475,5960,14145,53694,35079,42670,39021
1658,16191,269513,8031,18765,6942,52407,10762,7613,16450,4085
7588,13735,252427,12001,89010,6003,6242,8650,5127,20105,1149
870,31143,584817,17489,14625,11682,16008,17080,38339,118656,86866
32091,22629,420362,18988,8988,11831,10802,25089,9950,19762,38488
18376,41058,728842,8068,16569,13446,17518,31500,19160,16321,267687
595,13285,243019,3909,4578,4258,7832,8432,21672,10674,10869
1717,11857,173527,3733,4639,4192,5145,17904,18524,22730,40701
1739,33780,593127,27338,17664,13585,14164,124689,19359,60922,41943
2924,10658,207109,2156,3856,3416,5017,5798,6048,0,119998
19031,20064,459337,3454,12032,6236,12473,129743,41524,17197,57627
4143,36101,540640,16144,14172,12169,34658,53756,37766,104658,41034
4806,8090,146101,5293,12484,3379,3429,33545,2958,4028,1575
2304,40188,690671,6111,16683,12817,21176,31513,39642,63336,250075
7792,30238,523267,24375,10070,13866,13370,19652,13071,19656,213860
40105,18904,341817,15853,8100,9025,7646,11686,6272,12048,18951
5045,23285,400789,2156,10603,7465,10818,81430,15193,25681,174240
3354,18631,352605,2891,9016,5782,9102,49183,11126,51335,92983
1141,21164,410410,4080,9518,7692,9988,11489,20575,125478,99308
745,19961,351809,7861,10214,7947,10000,32042,17418,20170,139145
28723,43106,785768,10748,18650,12809,19171,60496,28662,163830,42573
3787,18717,322669,9676,7032,5886,8515,10280,21437,16271,4513
6545,29553,602428,4551,15533,9117,14042,35528,28600,46845,174347
5193,10234,173259,3156,5624,3584,4726,17861,7519,2851,36909
9821,43284,946152,13221,17513,14059,21049,28036,30657,34763,222026
13308,31304,618792,4654,14962,9280,16062,76564,68471,123134,418739
1624,17160,312603,6936,6320,5454,8051,8789,10718,19003,33042
5108,11811,204906,1711,5967,3411,4567,41548,3489,4155,37771
1900,19462,293986,4747,12743,6999,8300,91217,18616,14067,10684
5576,25029,470173,6214,10127,8054,10241,14171,13964,40361,79457
5833,16604,315412,2396,6111,4792,6068,9179,8617,24648,1786
26606,81271,1440684,20024,39841,24375,33751,164975,45542,13776,110758
29517,36104,572598,8485,23082,12705,18982,176726,62678,164152,178721
24650,25164,441779,4023,10067,6661,9956,29845,19928,15741,350239
5612,25876,541317,4098,12240,8644,11952,34329,15415,19802,142015
5337,31850,621876,4746,17243,11302,12996,69300,18793,84691,85281
2338,27655,566785,5418,14872,12635,13139,54541,41306,27577,162491
8909,30455,585724,4750,13762,9350,13788,62882,29253,77420,171243
9975,27617,505752,27596,61846,15592,36147,35054,10678,67486,10375
1085,6405,107581,2500,3552,2012,2955,22066,3312,1258,12676
4767,25071,481312,4538,19648,8499,9646,38652,11540,13952,84280
15138,37900,720682,13133,15509,11030,18473,47774,10941,8654,220409
49518,41127,806092,18139,15066,14263,25796,21189,35886,69655,205492
13638,5140,64505,2315,2474,2359,1850,14535,1850,102,2288
5127,24502,507492,3777,21510,7410,11050,95909,9569,27170,67964
36089,18329,320475,3531,7972,4837,8238,47330,7909,20396,103370
4626,21562,385395,4392,12125,6296,15430,54425,7737,17167,48363
9871,14496,208450,11378,11143,6140,5171,7643,4918,6063,4919
16618,15862,315251,1302,6701,4815,9910,36099,24588,20080,58982
1897,9698,172369,473,4566,4705,5184,16478,3304,20597,29517
2466,9790,149433,1412,5766,3082,3923,27333,3486,0,38827
29468,23809,449655,4261,8959,6875,10569,27000,10329,8119,101204
4766,10221,179156,1595,5962,3981,4284,50213,3901,15384,41172
1153,21864,390732,9025,16202,7112,9283,53488,7595,21326,86553
0,13683,211454,2005,5845,3982,6015,38299,4871,3399,61719
166,15822,305733,4511,5516,5078,6586,7377,5078,25390,55624
6790,31684,604867,5087,14538,10156,11731,18791,23038,32388,66879
11555,17330,310623,3994,8333,5276,8022,58872,5348,3677,70220
22930,16434,344601,2160,6971,4516,8217,7430,5478,3020,123531
1458,25768,394092,21633,57792,10020,44993,17483,9835,31254,8453
48059,27240,481314,14102,10724,11206,12566,14093,14710,46522,135589
9065,34772,655892,13859,12454,12407,15651,20912,11248,16340,278312
82954,43322,806346,5904,16916,12535,20982,35764,19064,29513,417530
7405,13263,280396,21461,17133,8341,53636,9972,7329,17494,4304
9356,10628,203249,2820,4232,3331,5097,5967,3544,20209,27897
19991,15254,254268,2537,18255,5523,6568,45798,5607,4599,32653
6203,28013,521514,5252,13166,8922,14854,14380,15766,36257,189514
531,32415,611668,6883,18197,8888,16115,152007,25543,42865,47233
7058,21961,414315,4087,9806,7183,10346,35207,7552,6784,94702
11017,12222,248048,5681,4975,4074,4732,7500,4674,8322,40341
8644,17743,315412,29262,25287,15293,7020,10138,5976,22036,5294
3081,30112,554765,6620,30940,9344,46907,17728,12988,19793,21876
2372,30379,611757,6548,36794,19913,14822,136020,10497,12085,105075
2040,7647,148902,1240,2739,2453,3012,5454,4550,39004,14649
3292,5322,81655,1594,2566,1701,1999,7883,1064,1673,27819
0,9042,148429,2303,14101,2428,4480,7166,4756,3286,25427
0,7566,154038,12294,16088,4438,33715,3909,4516,2947,1261
3300,23565,437319,4592,11778,6746,10040,81332,7085,4011,157053
2089,10648,214570,326,9256,3423,4882,84815,3545,3046,79762
0,6150,106684,8,7190,2050,2452,48747,2235,11523,13442
1925,12413,235634,1925,7577,3850,3892,9110,4341,5935,84032
30624,9672,113485,1612,4768,3224,4790,6405,3224,0,41222
3581,21375,394752,3191,9340,6501,9573,59601,13195,21446,45154
6358,25555,510082,6485,15592,7626,13668,100059,22714,46355,91373
95832,19828,372659,2868,16251,5613,8094,118268,7307,119,55069
0,5838,112109,973,1946,1771,2919,18547,4029,6843,2525
20529,32808,613250,8001,15649,11050,19288,84757,28348,49930,106215
868,24777,433642,4181,9133,7866,12100,26091,20772,56416,87976
1635,10676,204336,1610,5917,3218,4830,51257,9892,22572,33305
4017,15069,260251,2396,5976,4433,8226,11467,28920,24839,32440
12643,19603,303299,5081,11415,6001,8342,9142,6665,21041,7413
15641,26173,525309,10666,13767,7457,10853,63642,20096,13508,20557
1225,5721,104437,12249,10374,3860,2598,4038,1732,4505,2317
13634,21000,339018,3357,10917,8843,9636,43757,30763,43810,68145
0,5412,122356,18,4408,1324,2706,64421,10284,509,58282
4582,39717,821552,6530,16925,12792,19721,22659,21705,22901,155495
18922,27484,494865,5491,22803,7529,12096,44273,10890,39450,228377
1324,8058,172696,1343,38137,2686,4029,4585,8287,4730,26585
870,7998,163012,1252,4340,2504,4743,36772,4123,7255,19551
26501,30624,583938,2624,21675,9890,15402,96179,15901,121496,166415
2308,71402,1512480,14644,69684,22110,32767,189159,27190,161106,250083
229,2796,56419,726,932,932,1263,1861,932,869,516
2014,7734,125752,1223,5380,2562,3034,18069,2727,4020,612
2529,8467,157497,1437,3736,2874,3665,18116,4080,9518,267
2927,17376,335763,2896,7088,6133,7106,9828,6014,6498,0
3210,23765,394470,3395,12855,6790,9842,84734,8913,45567,134697
6154,7421,135091,1257,3021,2514,3095,4275,3470,877,14633
631,4626,73508,1337,1542,1912,2313,2957,4173,29706,17684
9580,19387,429432,404,8044,5655,9042,22467,6987,97864,167421
1208,16420,243709,2984,7098,5326,5168,42015,5098,2095,69210
0,3864,82882,4802,1485,1532,2199,1337,3371,2898,56239
9319,6928,125448,1137,3718,2147,3060,27083,4606,1239,36565
1221,7326,150713,1298,2459,2442,4163,4884,2966,26426,2442
15,4986,109432,831,2493,3562,2184,5317,1742,27,864
1551,2964,38537,494,999,988,1482,1548,2245,92,5500
9427,5370,66342,895,2065,895,2463,2677,1790,837,1758
3275,7217,160699,1202,3606,2404,4085,4799,9519,27794,47610
958,4560,93983,905,3441,1520,2280,29278,1967,833,13764
411,5635,91296,925,2414,2750,2775,3441,1850,233,2775
753,5898,107477,983,2949,1894,2949,18899,2218,749,25211
2227,24443,454863,5032,10644,7084,17867,28533,45089,256485,96693
0,3318,59463,297,1106,1349,1440,1659,1622,0,553
4,7375,147904,1109,3750,2218,3946,15775,30549,51148,2485
2364,13927,295111,27022,14238,8325,20822,7959,4850,19776,4326
11528,13584,209197,8871,4858,3819,5327,7416,4594,46398,4594
35032,17162,359352,11636,11642,6692,25353,10884,12367,19457,6290
8178,12153,259302,9555,4106,5453,4886,7516,4604,11928,5339
39312,30821,634877,6828,16587,9314,13817,105305,11292,14886,58319
6231,11791,238486,2201,11042,5241,9457,6405,5565,9465,3828
5711,12114,192499,2831,6044,3887,5461,20104,5229,5874,26120
2215,8178,111080,1363,4112,2516,10530,18295,3236,0,6182
475,6192,111582,1049,2064,2064,2738,3680,2637,1768,2064
7144,26931,588716,3139,11680,9254,14901,76746,35630,42360,133492
2580,23237,441525,3435,9243,7593,10421,24016,16580,14289,89720
7342,9137,167742,1731,5214,2846,3986,31601,3895,6103,31809
1393,11346,211914,1120,5390,3311,5484,36764,7861,15675,43563
4273,17038,342951,4728,9677,6930,8407,66432,9521,14832,79989
40027,64628,1260885,54258,25508,26278,30757,45236,40668,65346,183291
8664,11586,204180,3061,5909,3862,6203,26412,4286,3498,32849
2327,11755,221463,13027,21337,4901,29276,11617,6554,9952,4776
5118,26434,477682,6529,12715,9164,14038,23393,14586,53512,95931
1541,11603,208206,2731,4122,3463,5208,7036,6247,736,36226
4963,6713,121919,7226,2778,4165,16475,3172,3044,48,1713
820,11215,251658,3739,9351,4880,5330,6682,4368,14258,24786
496,18171,373883,4022,6478,5680,8274,9284,26317,14568,64937
33642,38842,686634,28071,16610,17316,18410,46989,36627,101512,69290
2626,16454,308926,5110,9554,5250,6768,83098,5728,6813,34859
10758,45309,844845,7304,16944,13795,18877,29818,18002,103694,77353
11462,31482,501151,5896,17722,9627,12467,100661,13306,23651,27627
2712,10240,189143,2666,4463,3216,4373,18625,8089,18610,8591
33496,82227,1665518,12934,40292,25810,35689,99505,27017,68474,298964
18693,64282,1154900,10164,26889,19065,28272,75925,22458,95776,220313
2530,3780,81647,630,1260,1260,1260,1890,1260,1539,29319
1639,5874,106974,995,1990,2081,7374,4139,5614,1133,39932
10854,31885,624611,5934,19810,13800,15359,144218,15010,10280,170697
50340,67057,1385628,13723,59025,20640,29244,105291,69245,131788,428059
9228,20343,400841,3110,15179,6653,9796,13060,20702,26540,108673
5594,15663,286753,10872,10307,7922,6068,39193,12310,4459,58146
11307,25395,474815,8601,10711,9815,31562,11950,9351,17083,6785
3696,9810,168700,20134,5172,5663,4427,14130,2972,1070,2792
4241,26481,512428,12392,18497,9897,12029,82971,18344,45450,94545
3106,27130,582859,4571,13709,8478,12256,62092,19467,32854,191810
12828,27130,506941,5942,16488,15864,22553,138968,43697,39202,137535
12089,35570,731202,8600,19416,12280,17472,65173,18704,90835,105473
35835,35154,725523,6029,13358,11998,24247,20640,47875,125003,156149
13782,25170,480990,4595,11101,7402,9212,44869,13035,13791,121299
5284,26970,523785,10831,10412,8323,12671,28254,22762,65340,90619
13886,32967,644951,5192,17584,10541,21204,72980,43426,45653,218340
4163,14101,299968,1965,5343,4192,6020,8302,17278,5101,48242
0,18868,348575,3545,6943,7260,12678,12717,55942,27277,248933
4241,8837,174562,1641,4415,3464,5649,17971,8793,393,7032
9721,31770,637337,5757,13031,9243,12951,24279,10698,10068,104656
977,16562,314332,1407,6654,4678,8968,8441,21488,8925,8156
10130,25905,570276,6104,10893,8139,14404,15608,14708,34683,166936
3838,7509,151342,1972,3773,2528,3135,6791,2528,6938,3609
9697,24101,494877,4085,11054,7478,11574,23751,28835,85633,90541
5941,41161,850951,7002,20207,14820,19271,75434,19596,86238,81868
3703,10728,189840,1993,7161,3146,4740,84104,3576,6806,49448
0,7050,105187,863,2378,1370,3035,4293,2793,1096,10704
954,4734,108819,789,2131,1564,2367,2367,2297,5290,5381
6380,34579,655485,4906,21221,9250,32790,31547,14683,25350,140517
1841,21976,358185,4028,9991,6465,9707,40907,16614,27548,8506
9058,17891,415444,2878,10525,5784,15132,23726,37889,55323,98891
12029,23058,505443,1044,14367,7379,10152,127999,9342,4045,22265
72415,83231,1507775,15525,42093,24374,36544,48146,38922,140196,353138
908,13466,227228,13178,12360,7310,32300,6661,5600,18716,5216
8100,28546,549777,8111,22451,10803,16490,84647,26384,51757,65460
33324,87836,1777363,14337,36627,25495,42815,70328,72543,187437,536173
24517,10537,211906,1703,4967,2832,4295,33646,5614,10685,2759
26693,57889,1264729,7121,21906,17466,23987,33317,23614,311180,283192
7153,56214,1020319,10621,31127,17133,25175,51514,28472,161308,305409
8648,33308,617019,8147,20678,9295,19690,85951,32432,27882,160494
5745,25655,510794,4804,11746,8152,12078,21730,11980,23242,109783
5086,32627,746905,16879,14116,13272,17848,22251,26339,144989,60619
16917,52624,1188936,9259,17765,16249,19029,26755,24360,5524,146481
9540,24465,468102,4579,10225,6780,10687,22552,14542,118008,6865
9260,24076,454265,4528,11510,8657,9663,58550,16506,33682,64711
5845,11665,247228,4588,7874,3588,4834,62966,7533,37396,11396
16881,43241,878137,8252,18899,14588,23104,52641,21435,67903,112720
9820,16860,289661,3327,8377,5427,7934,28198,5620,33641,21158
11302,14370,273173,4088,6646,5088,7413,14528,13789,30291,2775
12563,66128,1228392,10571,33988,19162,29161,39104,36458,87989,208443
3789,10268,182681,2436,4148,3765,6524,19113,4246,26692,3454
6549,33918,638260,21677,11865,12977,25010,17775,31989,85473,54149
5874,16811,319571,3741,8766,5390,6441,34553,7043,12006,20763
29786,24275,483661,5773,13882,7914,10380,11303,12279,19845,27096
23087,38333,803242,7072,15869,9450,16911,26932,42055,109780,90643
6484,32034,656966,8171,16177,10992,18151,31166,28271,109191,126336
4515,15027,286297,2434,4872,4868,7319,9376,9220,11503,230612
6263,25371,500813,6693,16245,9105,12021,46238,13917,54349,50529
4926,18823,388136,20152,18285,12516,8875,38722,8037,12199,136917
11988,59953,1275849,9091,25333,18092,27381,35106,28248,39306,466469
3972,28470,565951,2903,16382,7730,12512,71171,21018,47693,71705
5255,18435,403969,11265,31107,7525,9597,11550,6975,34802,51899
4956,22539,518366,4456,10094,5739,10587,62059,21333,3649,34294
3676,17952,271924,3077,6751,6736,6540,10201,6255,12549,10061
30223,27780,514579,4778,12427,8540,12463,57892,46919,19826,62313
1046,4614,93874,769,1538,1322,2202,2396,1538,769,26109
1051,4980,115804,692,1660,1660,2236,1660,1660,18115,38569
20859,27819,502047,4303,15274,7394,13129,27616,18107,59219,108189
21809,64608,1263955,12953,26528,20397,37044,71876,35278,68356,386639
3887,12033,257163,1996,5497,3992,4880,6478,3958,5666,36372
10668,12825,250519,2076,6995,3552,6466,36264,8914,9447,28155
7979,8743,146625,1558,3395,2657,3326,10679,2686,392,1584
2011,16834,364813,3314,7971,5647,7323,25553,7269,27301,23674
4118,17357,341614,3424,10327,3724,5983,66388,17846,33730,100504
40280,18332,279070,3390,7767,5105,7528,22224,6430,18163,28714
22482,46433,808086,6961,24081,11864,20951,109178,14511,71438,104699
5735,63650,1196170,33992,24870,21220,27531,37014,23794,161020,87647
8086,22696,462369,3329,9022,7828,9902,46833,15487,34350,35927
1203,14854,271851,2418,8423,4836,7477,8219,14484,10093,49617
8475,25245,433571,5303,10633,7416,10560,29101,7288,59678,114810
5310,26236,526720,4834,17740,7679,10169,42307,16694,62634,88395
3023,25016,455858,4268,11424,7816,11685,13872,20490,30275,51458
23096,25188,493048,37978,10294,12750,9988,26065,13131,25113,30088
16435,19711,386526,22115,7233,7818,57986,10184,8212,6114,6677
46612,40236,792531,45591,24143,20673,17343,214645,22078,31067,131713
2013,25499,544295,5693,8896,8045,10696,32570,8855,38113,50290
3678,6582,125787,1097,3081,2194,2803,3902,2837,11655,1032
13070,8796,166819,1466,3679,2615,3607,4398,2932,2634,2323
7974,17200,254825,5735,7514,5464,7549,11586,17100,8261,28336
918,4416,76183,736,1902,1472,2208,4480,1550,4871,3624
11204,47577,881252,7789,26888,14280,23177,67792,34363,87001,233026
7866,48900,892717,37126,21459,18125,21140,35003,21547,43263,129988
25307,27338,476910,5817,11324,7309,12156,32716,9000,36094,5196
3464,10344,171082,1963,7427,3024,4921,51907,19767,14167,3496
3596,15810,295387,736,7280,7377,5679,33611,5270,2635,5783
4673,8670,162808,1445,3540,2254,3535,4448,3802,198,5299
1227,5892,90846,1264,2529,1501,1964,2472,3828,5480,12527
12550,14904,275118,2484,8090,4829,6912,40981,6068,9636,21398
1843,17717,335845,3342,8248,5538,10487,20283,13776,13017,39529
0,7374,129904,1245,3367,2266,4142,8774,31256,64675,9060
41079,28319,503683,14994,15927,9913,16073,104344,10680,315,30357
18689,41107,798345,24823,23534,26112,113499,22379,17424,47073,16148
361,8654,156139,1834,3816,2519,3302,7930,4762,4343,5498
2787,28020,529124,12127,17253,8014,12270,26804,12220,131297,102083
14930,10783,212118,16575,18411,6785,4558,13710,3989,703,3694
539,10287,203481,2045,4880,2450,4902,19559,6331,3565,3589
11551,32343,722353,6732,16928,10150,16336,150215,31594,108323,49320
2803,11502,181725,8597,4510,3819,4781,6464,4200,2694,2744
245,5862,116365,977,2704,1954,2962,18237,6839,962,2537
11796,18014,257607,5266,8611,6316,6743,34254,10629,12033,21998
4215,13696,273646,2111,6103,4213,12337,6767,29732,75275,16357
18742,35556,728899,5951,15665,10550,16305,20675,40795,12519,255514
6298,18018,387993,6895,9623,6409,8436,41947,25039,43768,32562
40383,25546,435334,11956,9871,8415,9236,20760,11907,7004,55000
25948,45581,829855,24852,32900,16064,19975,26695,27906,37388,28978
26143,10494,213382,1749,4267,3498,6372,13257,5927,14846,36599
3999,13434,233599,1317,4965,3255,5656,16508,10997,13609,3405
11364,20915,363456,3972,8761,6263,8824,18770,6146,4188,17245
1178,23079,402742,4154,10190,6284,10272,38908,14561,9859,60009
20688,33803,716970,5949,13901,14468,14729,39440,20998,44537,69092
42215,48331,898563,104645,238524,26792,61215,66372,34673,105874,69269
2613,8712,170021,6615,3095,2797,13579,3520,12847,5436,26049
21663,67704,1258555,10210,42138,33626,28855,99987,77507,98104,457709
5650,30932,617565,13374,11479,11595,12748,70028,9007,12648,312492
8723,10789,197068,1767,4157,3188,2809,5096,3336,5361,30912
5247,13010,217418,3606,5138,4326,10321,7220,4155,2686,4171
35292,31506,589514,7278,15742,10330,12807,82335,11229,21443,153506
6946,30340,559345,4646,22566,9090,13018,79879,10615,62535,167286
11461,9003,98970,1475,2944,2717,3099,9147,2770,89,34914
11140,44154,813452,5742,18716,16745,26301,103914,37936,40177,127476
15412,64365,1254524,10575,31124,18501,28628,66395,80784,215104,228224
20430,27452,454433,6856,14059,8530,12337,74289,8862,44324,108792
700,26588,450750,25073,13459,12390,13007,23573,12370,6869,16755
10917,21004,388536,3027,7914,6091,11286,10841,18578,129040,77684
23559,54902,1074240,10044,24104,16965,24618,34568,46646,158084,237741
6612,36511,676331,6165,24002,11230,16611,71860,12302,32584,25750
23792,27813,516641,4305,11127,8501,11993,17483,8627,16542,118491
6678,25499,470293,5491,13297,8209,11061,54619,16671,116848,107985
1456,24304,447934,3287,27890,6760,11360,117433,31292,80741,79432
29668,63460,1212022,14370,39614,20324,32389,55307,38501,184377,296392
6313,24329,484432,2163,20108,5931,12302,101995,16539,37734,138360
12159,28189,526419,6401,30201,8093,12746,28272,24430,15287,74170
6389,20327,391090,3764,9409,5395,22259,15779,7624,14362,70927
10911,13908,265652,2121,10555,4242,6363,32151,5537,3175,25310
6046,91073,1663950,13772,68715,30021,42183,648470,34186,84367,307121
3830,36813,706251,8143,19358,12582,17097,106659,39763,137127,127284
40855,82355,1613503,11441,29625,22645,37732,45575,44498,32358,307491
8347,14887,300869,3681,6414,3725,7211,16151,8010,2842,29419
9773,30694,624584,6021,17611,8887,87809,18226,14007,37435,20246
4995,12708,193668,13489,5909,3315,17935,5920,3239,8156,3661
5451,10487,228591,7164,4473,2907,5521,6400,5135,31544,4156
2611,16407,312507,2809,7545,4934,6781,10168,5474,14532,55500
12150,53566,1027839,9993,30638,14310,41005,190303,110047,289299,134787
9073,37769,727597,17332,21209,13144,221048,22251,23492,10309,12197
7030,33247,629867,6714,21916,9473,19066,141865,57179,154334,78081
3536,9624,176474,1634,4605,3208,4699,9678,3164,18192,20055
3944,45665,686146,9153,22958,15978,19745,112521,15109,81164,35690
5022,16163,318880,3698,8857,5469,7943,32534,20745,73151,50965
1728,55251,1193999,8814,24897,20868,28288,36407,79060,113016,120977
5788,13421,236951,2198,5447,4697,6302,28023,6231,23330,24477
25858,29762,500322,6572,26680,10082,12792,45148,30603,46479,181482
0,6204,124140,1034,3078,1738,2779,11140,3110,1822,17046
7269,15896,323808,3342,8659,5035,7575,39558,5676,4311,22689
27677,47242,874446,9675,19758,13931,20615,40981,24710,39850,249155
22755,24584,536788,3642,11142,6726,10075,12260,8100,29752,45461
2396,12209,237350,1317,5757,3759,4750,14393,4519,6997,86240
2336,10454,165218,1647,4221,3294,5192,12858,4366,5076,12625
4639,21509,431831,23336,73348,11974,28946,21622,9339,18824,5354
6137,41048,757776,7212,20324,12454,29709,49586,83450,160993,86946
5366,13242,232937,2695,9114,4562,5625,14049,18328,20419,80285
3467,17867,303437,8907,6659,4847,6772,14384,4886,603,4508
3752,12705,219909,2731,6046,3013,5880,33864,8662,6959,13844
1447,22124,408940,4464,17604,6359,10714,15137,10231,16339,27178
8030,23131,379918,6607,14888,6177,10847,66018,8565,2577,27951
12116,30527,535192,11916,21413,9585,12361,21454,10536,21967,9066
11740,17974,322981,4694,7537,5663,6079,22759,8365,6330,18941
1958,18958,339006,39563,31450,14166,8771,10337,6604,66753,3648
27580,79177,1597979,15791,51400,24459,48991,76149,160849,330048,504967
2241,10892,221510,1556,4640,3112,5903,6589,4080,3259,85160
2251,14764,259079,3005,10500,4409,6193,104515,5195,2584,58545
4277,48694,961857,13001,22720,16085,36659,40492,47851,266508,233111
3164,11474,237985,4377,10098,4304,4457,23158,4847,0,474
16090,16502,346015,9137,13971,6943,8952,9741,6422,39976,46881
29582,20951,376587,1697,9491,5613,9262,12695,14948,46305,36577
8143,30142,599766,8416,12030,9041,14606,16238,8721,115516,106784
44977,70515,1418277,12139,47272,21509,30694,80150,30987,115624,379502
3316,12052,233876,1658,3580,2904,5039,7027,13858,77609,34744
747,5229,91435,646,5066,1413,2241,2988,3949,29646,28817
5250,6927,114836,1627,3165,2110,3165,8151,2559,0,2110
0,13823,233177,2010,13604,3425,5947,19985,4999,13728,141337
27249,75200,1577877,12262,79897,24224,41811,75674,70125,115963,531607
8155,29636,650044,28033,13665,12098,12806,19937,10994,1457,78797
132,6294,95826,538,2832,1581,2777,4396,1258,1541,7098
12651,22864,477515,7131,11535,7853,54412,17220,10864,9356,6508
2386,17976,355199,3198,8576,5623,8835,24585,7134,24853,68040
20784,46435,857015,8884,21481,13950,20615,24604,29378,64306,155795
80390,26670,595881,5125,16076,9246,13960,92862,10080,338,150660
99,20595,346994,46490,14260,14506,14289,12648,6764,30182,5922
52057,79175,1607996,14258,35748,23669,43090,48706,89050,247857,212845
29733,72801,1504513,15964,57199,24634,54081,91864,64230,161371,269629
1979,18163,365355,3759,11023,7921,8067,71437,5727,14866,45396
8587,69651,1493160,50951,43613,30477,46109,180873,60101,62664,224515
7240,23960,452136,20259,10429,8325,9666,12266,17672,59860,36293
8345,73896,1558220,15528,71928,23041,31342,109209,34843,29715,79426
16256,42505,808163,7155,18442,12649,23148,55559,22945,93669,147829
3774,21094,344115,1974,10267,6502,9696,31134,31892,70394,27420
3836,16191,285440,4524,9033,4904,8547,10831,9822,27750,52712
2295,7910,135324,1196,3089,2864,4319,4901,4390,13460,41832
1094,5159,96598,737,2211,1474,2211,2948,1886,26458,46668
6485,20735,459648,4125,17455,6548,10770,24826,12132,42123,147266
8010,32545,684309,15358,49564,12513,13886,212291,30304,10797,183658
13506,37088,856317,6416,20432,12077,18377,104617,35369,38122,429900
12584,52666,1043553,10110,22618,21104,6685,72282,5653,219998,42877
30085,75281,1525219,13161,38126,22329,39094,66699,30421,105347,322570
8949,25024,560600,3922,13504,6787,10729,45844,8609,81589,11777
6300,16922,372292,2686,11159,5371,8105,66720,20262,39809,45555
6743,12467,246178,7054,13279,4741,30274,19153,5142,7360,2400
10438,22337,459701,3583,11314,7138,13400,22536,8431,37026,140750
4610,15750,305452,2250,8704,4497,6747,7191,4383,18790,61010
7671,29084,535352,6987,24558,9239,11395,39623,22306,32630,51120
6700,37059,738611,14438,20468,12119,16150,97415,24758,78500,21903
1070,15970,341191,4042,6823,5082,7329,12696,22004,1875,60825
990,6514,120088,4133,7756,3506,2979,4077,2346,935,1350
9697,53106,1069611,9896,34171,16953,27382,46578,52661,107704,269590
14777,3878,57726,605,2505,1200,1815,15114,1815,949,1210
10364,26290,502530,4656,13548,10357,11242,66663,50720,103673,113011
4049,11780,266248,6419,7719,4552,10099,40788,5218,4322,62206
696,13111,236283,3438,8391,4114,6213,58075,8360,4118,40369
3776,13967,301121,2883,8104,4484,6744,44429,5919,18790,57340
2721,6584,113108,1351,2881,1998,2512,9488,2503,1208,10455
9523,19875,419539,3552,10685,6761,9838,36077,7989,17614,14722
44188,29442,559552,6967,16061,9188,13619,75487,18080,649,59739
14185,32499,667974,10824,13822,9638,14058,19550,12723,11913,15332
13668,30966,604175,5333,12678,9782,14331,16828,27404,59905,145052
68111,44833,952463,7317,40986,13436,19592,60080,19491,41525,119382
8861,29182,553954,25684,25636,17211,13040,18491,11228,45767,9038
6193,35968,816046,30375,14393,14966,15588,19462,15458,3303,88043
5412,7736,135879,1572,4040,2107,3210,14368,2742,14419,8473
65,17984,389248,6048,9651,6132,9090,23372,9581,71033,13768
13779,37412,761481,5882,17039,11703,14753,57163,12114,12242,55427
1704,12032,211462,2470,5915,3692,5773,19081,6096,7854,8565
1711,19007,361205,3069,9941,6680,9334,26391,15697,12755,95619
0,3786,86603,631,2564,1770,1833,13226,1374,4453,1262
125,9034,186272,1598,8326,3074,4341,27616,3515,8834,993
2481,9873,188151,1670,4769,3294,4384,29119,6439,14057,41580
8318,8870,220699,1948,16084,3170,4079,40835,6400,54056,21255
6536,5329,69929,9899,1831,2515,2010,2052,1830,592,1830
7036,15029,262824,3780,6625,4269,7246,8076,4489,0,17861
11762,44832,1134474,7630,27564,14904,17425,173299,12885,86433,347290
0,10016,194919,1687,5061,3374,6077,5670,7738,3173,37241
11352,22299,424481,21210,25962,14330,15224,16516,10654,46173,46364
4578,15267,298238,2500,7373,5989,6970,26515,7325,262,66899
12383,29718,577206,5306,14069,9838,22402,16749,26856,64250,45864
6805,22006,530518,9352,45646,10381,24525,11116,9615,44191,2972
11715,38670,855634,10139,22861,12732,26933,45464,26819,189279,106653
12675,8502,166890,1530,5452,2834,4251,35196,3461,9285,41508
8438,26268,501257,6808,12432,7820,15030,46272,35368,63805,67162
12306,16704,314370,3352,7368,4711,6763,20708,6268,8150,41167
1094,6514,141475,1218,2943,2200,2232,2954,2363,20814,25686
17387,31679,618230,5893,13251,9641,3656,24249,3390,15892,27500
971,4221,95563,1021,1520,1520,2584,2280,1520,11340,44988
14529,20145,403414,4370,24418,8663,19105,11391,7151,43143,6606
4087,25992,551214,4106,11015,8017,16722,31897,18438,128950,31927
10499,13665,289140,7542,5959,5739,6764,33998,11343,19087,37945
8596,46712,1048490,39293,22208,20594,28047,70121,37286,108919,18007
2508,21421,433529,8966,10012,7756,54013,12551,11092,66272,6725
4204,5628,92706,0,2065,1786,2814,2814,1151,342,27873
7971,21301,426373,3546,10940,8392,10638,25227,9069,101097,69555
733,2814,55774,469,938,938,1407,1407,1116,0,4309
12334,60368,1338032,31585,27680,23055,31737,34622,25477,20174,18816
32910,21665,465660,13781,16106,9281,17711,17328,7934,37239,7371
20282,58992,1049410,10139,26625,19572,7582,64059,10957,201811,93933
4923,14451,322555,2507,8882,8437,6476,47598,7786,3364,86137
3180,18659,360356,3856,10650,6422,14020,30082,17741,30626,1682
14111,17899,285773,2472,6540,4520,21576,9510,8175,1383,6161
1781,7223,157184,1244,3562,2488,1814,24677,3238,1621,41080
1085,11289,204735,3,17416,2915,5304,50790,15573,24242,155177
346,11142,245764,1940,5573,3880,6453,12968,11342,49380,82135
2039,23688,520608,3077,20029,7123,11463,24968,23744,14721,207633
22800,48566,941999,9755,37587,13254,24760,29177,27661,47166,289415
0,5088,101721,1174,1696,1696,0,2455,0,166,0
5328,11992,311442,2027,9185,3289,4916,14922,27092,46898,37478
2494,2682,51452,447,1636,894,1341,5722,7242,30748,2731
13514,23413,484701,3322,15871,7206,0,13748,0,5590,0
3514,20038,336664,3266,9593,5552,38469,26964,28712,4613,36278
15784,35333,715797,7669,49814,22936,42335,20917,13986,110377,7191
3940,14937,259596,3361,6795,5428,6975,16737,10650,12409,36377
9649,27831,568645,4504,15388,8207,12258,33435,8540,78122,158394
13852,51116,1113527,10932,29242,18560,23367,123355,61325,74442,196304
5425,8226,117561,1926,2742,2105,4113,4113,3839,1214,20581
3585,14425,306902,2350,6648,4657,12143,8593,39037,79732,39050
47990,30157,617572,4387,23320,9377,8047,113136,5845,26732,20763
10639,29508,667292,2802,14754,9145,0,19447,0,111309,0
2898,19120,301319,19416,9829,10322,1142,11002,613,28817,1142
2219,6485,161786,1103,3309,1743,0,17551,0,349,0
20241,19577,401333,3123,13292,6590,0,127095,0,3393,0
0,5122,93572,1012,3616,1822,2274,7562,5509,1166,1931
6123,15795,333669,3949,11067,5342,7923,105208,7740,8188,55220
13023,38550,769345,35025,147228,17587,37143,21490,14426,75044,12150
10074,47620,939931,8616,26886,15632,22863,37314,15516,48205,275539
3349,13215,274293,2815,6540,4844,6377,11935,22253,85202,15618
14365,24952,511862,10720,11208,7440,11261,35103,10563,101842,33356
0,7442,157711,2584,4338,2758,4137,7469,2852,76,4266
7476,29293,477233,6683,38175,8911,12314,139356,15834,9331,62450
17368,68485,1327944,11037,29216,20885,33881,67087,70743,263875,548526
4200,13167,193773,3964,6027,3647,6027,6268,6027,2046,4844
6930,20819,376449,3601,9261,5376,2466,30818,2780,3385,36484
9429,22917,411860,3634,13722,7268,3672,25728,3023,0,2448
73249,82443,1611494,6157,38332,24275,30913,119360,53532,86221,174602
14911,37985,709193,7199,18905,12646,20929,37589,16115,68460,23639
9765,24436,432614,4393,14823,5755,11780,12252,13257,17372,42267
13044,53372,1044304,8205,18317,17543,24615,26671,21275,123428,345060
3743,30007,652870,5472,14219,9424,13122,39705,18868,24128,72630
8062,80458,1578069,11065,56134,24829,39346,165204,97263,119270,463420
13761,27652,502859,5682,19687,8481,15792,26668,19313,73165,24598
17986,20071,359423,4087,7803,6391,2265,12049,6591,16913,2069
4016,7278,164443,1213,3059,2426,3589,3639,3415,14063,56619
11220,26391,529898,12771,13290,11496,12179,15313,9464,17437,56654
5795,15311,268945,3263,8615,4986,6525,60548,6275,18834,45434
1542,7068,146737,1178,3916,2190,4299,18632,5610,49746,43822
4730,14887,246762,8447,7872,4349,0,48909,0,0,0
5953,30906,500710,4385,13955,8110,8071,30960,7300,62136,85196
13568,25618,499909,4083,12976,7826,8237,39897,17072,54036,47924
4479,4750,101251,1744,2386,974,2292,4693,1986,890,3195
1042,5058,78206,1321,2529,1390,2542,2529,1686,843,1686
2192,23391,362442,4703,14816,7792,9382,90328,19111,49383,129843
1919,8026,173947,2300,4417,2951,3943,3587,4318,2318,2976
0,6285,117461,11448,4252,4335,1458,3841,970,9780,793
26923,16306,318214,10088,6541,4770,8694,4165,5927,562,32294
11646,26182,475827,9207,9421,7369,13595,31967,12240,3530,81401
3491,17598,358167,2995,7359,5147,0,11576,0,33400,0
4464,9239,173271,18617,16421,5125,2775,5124,1850,13677,1850
12390,25990,504848,4216,15143,7959,12869,66324,19705,37606,74330
4450,19338,348368,3023,11928,4960,7987,10747,13392,14988,142806
852,10344,179094,5397,11334,4029,4526,26803,3448,2505,40198
15290,12371,208974,12144,5617,5288,4873,21285,17205,10546,4100
4444,17997,368892,2847,8604,5138,16827,24518,15066,39204,38654
5162,33963,569624,6139,15842,10173,18774,37884,27887,22905,132649
641,8002,141981,274,3462,1683,4209,19310,3758,2371,10586
22699,14528,279302,14722,14740,7582,22594,7793,5881,25564,7725
9171,20454,401158,5883,26705,11302,18778,49667,8173,47639,73085
3176,10952,193617,2433,4928,5873,5295,24752,3544,21767,54092
1859,7918,174359,1198,3031,2188,3217,3603,1895,558,20909
7982,39501,877043,5680,15624,10656,0,25419,0,476196,0
35842,8358,180541,1393,4179,2707,4179,13470,3138,7495,10898
6076,24168,420313,6951,12688,6623,11592,49535,10656,6509,96354
0,3140,54035,628,2512,1256,1884,10036,1256,0,628
23694,14954,317849,1534,6790,3946,0,11609,0,32034,0
13615,29911,517919,4819,11742,8372,176,26245,179,51706,548
8041,24111,443537,4397,11629,6877,13116,36400,28808,53485,68383
1361,12791,249964,2750,6459,4647,6194,22738,5964,46685,20096
4573,11341,255011,1864,5011,3728,5592,17346,6005,41818,51022
3834,14889,302897,2436,12055,4715,8507,16531,14843,22614,66634
648,7681,169726,10087,7005,3039,29274,2386,3561,18499,1386
5080,12123,230128,1610,5219,3614,0,8695,0,11146,0
4846,19554,335790,2403,6188,5692,0,12495,0,45702,0
3820,14793,336556,5434,5511,5503,5154,7500,4678,28058,4521
3100,30614,411658,5797,13363,7925,13191,32243,10681,19603,111647
3845,13430,235346,5519,4940,4264,5343,7922,5915,16649,12917
20815,34119,672311,5063,27206,10801,17816,178413,29022,128018,75249
3076,10307,205141,26818,5183,12576,7729,6725,4810,14,1800
1199,2718,59470,477,1798,906,1359,7709,1031,407,3781
2865,10210,184700,2053,3989,2998,10714,5056,3956,145,3006
660,7176,130038,1201,5008,2045,3603,30406,4237,314,13257
7573,29942,527132,4748,13869,9494,14244,86634,17248,2655,182398
8772,45776,819683,8559,26535,12982,17596,39041,16581,32767,176163
18416,62020,1342971,14389,25223,18657,32973,87305,32446,313778,207219
7590,53890,1007448,8546,24741,15081,35852,34214,22807,143917,369307
12690,34250,625211,54282,36905,24891,34959,25300,13117,47879,8050
12699,27802,581832,5666,12519,7768,11602,67043,11455,39867,106755
946,6779,125190,1065,2533,1898,3195,7553,2600,1010,31979
3620,17687,314571,2968,9301,5536,8086,74451,9033,11388,92367
0,0,0,0,0,0,0,0,0,0,0
14058,14058,269316,19251,24763,9948,53539,10089,7231,17653,6790
33800,26633,512018,36019,17701,16914,171853,16832,23711,24023,9072
5567,8926,143630,1721,4861,2701,4508,21119,6493,14357,26454
1973,8389,150451,1343,4226,1955,4029,36470,2686,12674,18903
20,40267,724903,6383,20961,12203,23050,123703,53486,199764,106622
20617,69748,1296736,49190,41031,24634,34701,60486,73868,190412,126043
36247,32250,547055,13452,11477,10425,14788,18815,17372,103536,90549
0,3536,70696,0,1538,1174,1761,1761,1174,3896,1174
13916,54658,978217,11805,22344,14601,24011,41386,26879,46076,251247
10200,41273,759994,6540,26641,12036,17572,26605,15462,107004,290005
7764,11848,206020,1912,5668,3824,6443,30273,10459,8450,26897
2574,12896,248537,2040,5050,3506,7025,7608,11592,7590,64404
1355,20067,352703,13891,16498,6330,9442,32815,6330,3641,54810
14662,39456,806096,4146,15674,12765,20946,23925,22531,33775,216424
2784,28426,495744,4367,12568,7528,14271,46480,28014,72692,110119
1056,18931,406056,3360,7812,5753,10353,16818,18593,24010,68687
33167,87125,1809031,15944,41653,23979,58494,74102,107168,141385,557640
37727,32528,654881,9234,11604,9181,22415,18401,24513,147309,98427
21255,59752,1176735,11624,26751,17666,32126,70993,54555,90679,273971
20893,17101,311995,1277,7377,3847,0,8590,0,8195,0
1628,9311,181016,1528,3256,3039,0,5015,0,18981,0
6486,24382,448679,8024,13434,7831,11052,13824,16534,14699,124085
6306,9792,142913,1632,3345,3264,4896,4779,3264,44417,283
1270,5046,84596,841,2814,1606,2822,14290,1682,2072,1682
1768,3664,67986,536,1177,1072,2234,2036,536,3184,18857
9812,2256,37182,444,831,752,3135,1504,1863,0,8548
9400,30587,594812,7081,10911,7397,12573,31099,29225,34182,159516
36901,36353,745539,6258,17873,10803,16275,98320,13838,36857,130378
1495,16134,277700,2631,8535,3928,7232,9211,6317,12539,113700
1728,25787,540401,3679,9776,7359,11450,15871,16548,22601,134033
12192,68373,1190484,11516,28566,17977,31450,85196,44760,344684,151269
18450,17500,299933,2872,12878,5010,12623,83918,19720,18915,28090
6112,23493,465326,3621,11301,7242,12422,31558,21458,9814,135138
15,18669,325813,3356,8971,6176,8837,34009,6896,43789,42409
60877,31548,710479,3081,13572,8125,22253,15749,12107,7047,107622
4377,5802,126438,967,1937,1934,1944,2901,1934,375,6685
8714,15453,311513,5554,6603,4822,8239,10688,9216,19156,6794
750,3493,65253,582,1410,925,1746,1935,1164,2372,1398
3696,16407,356726,5003,13275,6540,6945,70153,6202,15712,241275
748,27470,514183,3442,16373,7274,11838,16019,11517,12092,117499
3910,20150,376321,16845,9788,11637,8474,45756,14338,42975,83848
11210,20589,462807,3699,8371,6028,11326,23021,20894,11042,65778
12503,10746,170407,2485,7512,3730,5900,49893,3730,1149,6024
16272,11391,225671,2196,4013,3412,7169,13422,11520,24414,13877
11681,27146,573480,4908,13478,7414,13043,46631,31055,30257,81498
1186,36408,747855,5985,21851,10964,4986,56112,8084,159369,23011
394,1851,35756,330,660,601,0,990,0,600,0
16198,34292,666543,5357,13125,10100,17052,19237,38290,82211,250721
10619,14478,274141,3208,6546,5044,6382,9671,4390,2414,12323
4190,6384,132297,1064,2228,2128,3192,3636,2221,18916,26864
1799,9591,186499,2292,4678,3079,12129,22746,12168,7319,48983
4178,9691,174522,6269,4004,4951,3956,5298,5050,12220,3000
5614,22296,497003,6120,8649,6128,15488,13538,35665,102190,106523
14103,66612,1460247,10441,25378,20383,33199,41600,53249,98568,488058
25107,39505,742351,6449,16178,14841,11185,36481,8128,58343,63448
364,1604,36489,0,1070,268,0,8860,0,4732,0
2402,4806,95211,801,4347,1124,0,30679,0,2595,0
8153,18231,358084,3122,11458,5604,10079,22207,22472,5581,79883
1218,26545,504024,4733,13709,7978,11665,75881,11985,106839,215876
2807,6529,134347,1397,2881,1709,3169,9367,3414,3141,50986
34874,61014,1173231,45473,28825,19616,24394,51965,36825,38268,59404
14689,22349,406450,11097,14462,6111,11154,132437,20992,19709,76138
0,0,0,0,0,0,0,0,0,0,0
149,13124,287064,2155,5481,3695,11874,11267,4447,2155,4310
8500,11977,201175,4432,22611,4260,5904,9290,3932,7824,3198
6594,24000,443546,19358,7743,10275,10757,13695,9419,13443,9404
3521,10489,200462,2250,4948,3432,4971,23955,10030,8624,29589
27434,47857,914086,5369,33281,12259,0,63270,0,106240,0
5724,18521,365360,2941,8446,5682,9378,9498,6563,21866,62599
24974,23026,462845,5343,8557,8462,10790,29946,10842,80291,107666
13694,45984,915913,10864,18276,14672,20899,37520,28119,136413,58634
0,5938,97405,901,3151,1802,0,2744,0,9125,0
14649,66563,1463089,11290,30951,21617,36296,68917,89369,211187,177903
807,8225,160315,1425,5529,2350,5458,35800,3525,1,51871
7431,21979,411299,3513,7166,5713,11323,12717,9965,35766,146532
6323,20172,295893,9933,23625,7914,39548,12051,8271,36071,6227
5869,23716,415897,5101,12665,7202,9480,20737,21821,53054,103695
12519,35877,728984,7665,20625,10457,11376,58443,14971,104198,90826
5818,15244,316919,11872,13229,6563,60794,6624,6822,12420,5478
2378,10968,229595,1827,7534,3656,5454,13774,11696,50098,21585
22247,73256,1578405,11736,29628,20786,16291,59613,52273,161827,318512
0,11112,284937,1894,4406,3704,0,5680,0,132511,0
8002,21625,415375,2962,9267,6290,0,13361,0,20413,0
361,2166,41227,361,722,574,1083,1083,722,1991,722
3007,15773,328282,17711,11351,7490,47114,8638,5805,16573,5275
33660,24532,513449,3811,9207,7637,12021,18979,28434,64000,62346
17907,49725,984732,27080,21627,17030,22792,100410,18973,22032,45316
5610,18670,360659,3982,7129,5432,8502,7620,14623,26068,51145
3405,20120,428477,1501,8854,5589,10362,28375,11396,34930,6938
670,3648,92678,1209,1721,3008,1824,1824,1251,1125,1458
8629,32429,706363,4112,32707,10060,17046,20074,31469,95449,111529
1525,17577,405607,3621,7762,5493,18956,28083,22088,27636,18891
746,3754,76339,625,3038,1250,1759,5971,1250,2822,826
963,3888,40070,1647,3913,733,6684,1919,1944,5345,1296
3491,21617,479905,4159,11305,5888,8932,14506,7878,19468,41574
13296,38620,761175,5936,19078,14891,14040,125159,39205,58328,174155
4815,58901,1154355,120170,55805,32376,53562,35337,20243,59360,17807
18826,16068,247797,16726,8011,7726,3798,18110,2532,12149,0
6314,14878,238656,1883,6052,3438,0,7651,0,13749,0
1912,22936,421983,8275,12403,7971,81240,11910,11804,4878,9211
6699,16680,276139,3671,7772,5020,7510,29143,6698,2644,17027
3795,24507,496481,4145,9540,7937,11870,13026,15821,57684,56071
28490,35199,656680,4080,19345,10255,23815,20319,28907,135879,205925
10229,17625,290748,11792,15014,8491,22115,9521,6669,14552,5796
2230,16404,348102,2504,7512,4739,7392,9652,5591,4333,131513
22618,29821,505375,4880,16414,8435,13877,59788,13344,82106,136396
2621,46191,967333,7744,23185,13435,14498,82197,16614,38458,70609
699,7722,111077,1287,4248,1521,3047,23016,2574,594,1287
28231,35713,669569,5875,15397,10947,0,49623,0,24601,0
4573,18589,399503,3922,8081,5297,0,35562,0,25397,0
0,0,0,0,0,0,0,0,0,0,0
1590,23921,494695,4229,7735,7196,13272,13575,71213,73852,67026
31328,40919,787353,8816,26845,12212,19337,214925,16680,26386,70031
10145,42735,963094,44595,15842,17807,19010,30853,16068,722,13164
3590,12766,248522,2246,4938,4021,6105,7225,7163,3784,60076
11781,61404,1256410,9508,30191,17560,39395,167730,139903,331868,409414
3734,9876,178532,893,3931,3387,5150,8861,7508,8049,0
34655,46404,1048794,14311,18442,13433,20707,36513,14982,52006,524881
205,12413,231465,2037,4135,2796,6075,6279,4420,3969,20245
5031,27297,490774,4782,14210,7240,15279,40551,26297,48809,153676
13056,31938,767050,6144,16091,9310,18619,80550,16017,90639,104728
17994,17863,309635,3554,10148,5506,8913,39980,8656,33783,36044
1422,13017,249628,1537,4672,3035,6295,8226,4784,32948,42100
21106,35929,753421,5571,19985,8174,19408,100787,18319,28421,60374
16470,42811,951302,6885,15703,11423,0,23076,0,51911,0
23421,37936,862087,2645,16759,11107,18995,77576,64741,32451,252075
0,0,0,0,0,0,0,0,0,0,0
0,0,0,0,0,0,0,0,0,0,0
2062,11914,241339,2024,4958,3469,4918,9925,6853,5712,56563
0,0,0,0,0,0,0,0,0,0,0
0,0,0,0,0,0,0,0,0,0,0
39126,34932,642796,4704,14780,8412,15818,15581,25415,8196,106037
4139,20453,459229,4267,9242,6674,8568,36755,6759,16227,14344
5398,8196,117679,1950,8769,2811,4031,11675,2795,4477,22489
2330,37222,678870,7001,20160,12854,17800,48111,17637,67149,245006
1819,16269,331695,3455,8108,5877,6946,21220,7019,33567,101233
13639,25059,469822,2870,13109,7247,12151,78249,18239,25402,82571
6330,18243,327497,14366,8665,8127,8188,26118,6294,12897,31735
0,0,0,0,0,0,0,0,0,0,0
0,3702,60713,1225,2688,1210,0,15634,0,226,0
5323,24933,497747,4398,30555,6444,12126,23877,10830,10699,159409
8847,42157,757978,12473,21565,12849,16310,156707,20083,136932,192350
5764,8129,188916,1403,3112,2806,3080,21795,3321,0,2806
0,10898,196630,1794,3588,2886,4576,6336,4026,1692,25729
0,8885,172957,1325,4155,2302,0,11296,0,3301,0
2284,5345,97728,998,2948,1417,1996,21865,1996,8248,1996
10522,6568,102620,1098,2196,1844,3155,3633,6352,6818,24981
82223,18224,410135,2821,7489,5452,9096,27199,12545,1532,152739
20551,23932,480583,3990,22830,7629,10458,67837,8227,943,46816
17650,8588,165946,1777,4782,2789,0,37316,0,18535,0
29364,19179,391682,2288,13292,6099,9267,42996,13499,37061,124893
0,3486,64549,616,1717,882,0,8277,0,259,0
1256,7910,160013,71,3345,1318,0,20103,0,4865,0
0,0,0,0,0,0,0,0,0,0,0
431,4920,132024,820,2119,1640,2289,11957,1640,811,1919
8731,23616,476082,3854,9516,7108,0,12644,0,39908,0
10440,18371,356250,26290,48721,6087,100300,12089,10548,8454,7277
30673,14480,269541,10416,5421,8714,18367,8399,5361,10802,6705
0,0,0,0,0,0,0,0,0,0,0
